,,,Java,,,,,,,,,SQL,
,,C#,,JavaScript,jQuery,,,,PHP,,,,MySql / VbScript
,,C#,,JavaScript,jQuery,,,,,,,SQL,"PL/SQL, XSLT, XQuery"
,,,,,,,,,,,,,
,,,,,,,,,,,,,
,,C#,,,,,,,,Python,,,
C,C++,,Java,JavaScript,jQuery,,,,PHP,,,SQL,
,,,,JavaScript,jQuery,,,,PHP,Python,,SQL,
,,,,,,,,,,,,,
,,,,,,,,,,,,,
,,,Java,,jQuery,,,,PHP,,,SQL,
,,,Java,,jQuery,,,,PHP,Python,,SQL,
,,C#,,JavaScript,jQuery,,,,,,,,
C,,,Java,JavaScript,jQuery,,,Objective-C,,,,,"Freemarker, Soy"
C,,,Java,JavaScript,,,,,PHP,Python,,SQL,Android SDK
,,,,JavaScript,,,,,,Python,,SQL,
,,,,,,,,,,,,,
C,,,,JavaScript,,,Node.js,,,Python,Ruby,,Lua
C,C++,,Java,,,,,,PHP,Python,,SQL,
,,,,,,,,,,,,,
C,C++,,Java,JavaScript,,,,,PHP,,,SQL,Actionscript
,,,,,,,,,,,,,
,C++,,,,,,,Objective-C,,,,,matlab
C,,,Java,JavaScript,jQuery,,,,,,,SQL,
,,,,JavaScript,,,,,PHP,,,SQL,
,,,,,,,,,,,,,
,,,,,,,,,,,,,
C,C++,,,,,,,,,Python,,,
,C++,,Java,JavaScript,jQuery,,,,PHP,,,,
C,C++,,Java,JavaScript,jQuery,,,,,Python,Ruby,,
,,C#,,JavaScript,jQuery,,Node.js,,,,,SQL,
,C++,C#,,,jQuery,,,,,,,,
,,C#,,JavaScript,,,,,,,,SQL,
,,,,JavaScript,,,,,,,,SQL,
,,C#,,,,,,,,,,SQL,Delphi
,,,Java,,,,,Objective-C,,,,,
,,C#,,JavaScript,,,,,,,,SQL,
C,C++,C#,Java,JavaScript,,,,Objective-C,PHP,,,SQL,
,,,Java,,,,,,,,,,
,,,,,,,,,,,,,
,,,,,,,,,,,,,
,,,,,,,,,,,,,
,,C#,,JavaScript,jQuery,,,,,,,SQL,PowerShell
,,C#,,JavaScript,jQuery,,,,,,,SQL,
,,,Java,JavaScript,jQuery,,,,PHP,,,SQL,angularjs
,,,,JavaScript,jQuery,,,,PHP,Python,,SQL,
,,,,JavaScript,jQuery,,Node.js,,PHP,Python,Ruby,,
C,,,,,,,,,,,,,fortran
C,C++,,Java,,,,,,,Python,,SQL,
,,,,,,,,,,,,,
,,,,JavaScript,jQuery,,,Objective-C,,Python,,,
,C++,,,JavaScript,jQuery,,,Objective-C,,Python,,,
,,,,JavaScript,,,,,PHP,Python,,,
,,,Java,,,,,,,,,,
,,,Java,,,,,,PHP,,,SQL,Haxe
,,,,,,,,,,,,,
,,,Java,JavaScript,jQuery,,,Objective-C,,,,SQL,
C,C++,,Java,,,,,,,,,,
,,,Java,JavaScript,jQuery,,Node.js,,PHP,,,SQL,
C,,C#,Java,JavaScript,jQuery,,,Objective-C,,Python,,,
C,,,Java,,,,,,,,,SQL,
,,C#,,JavaScript,,,,,,,Ruby,,
,,,Java,JavaScript,jQuery,,,,,Python,,SQL,PL/SQL
C,C++,,,,,,,,,Python,,,R
C,C++,,,,,,,,,Python,,SQL,
,,C#,,JavaScript,jQuery,,,,PHP,,,SQL,
C,,C#,,JavaScript,jQuery,,Node.js,,PHP,Python,,SQL,
,,,,,,,,,,,,,
,,C#,,JavaScript,jQuery,,,,,,,SQL,
,C++,C#,Java,JavaScript,jQuery,,Node.js,Objective-C,,Python,,SQL,
,,C#,,,,,,,,,,,
,,,,,,,,,,,,,
,,,,JavaScript,jQuery,,Node.js,,,,,,
,,,,,,,,,,,,,
,,,,JavaScript,jQuery,,,,PHP,,,SQL,
,,C#,Java,JavaScript,jQuery,,,,,,,,
,,,,,,,,,,,,,
,,,,JavaScript,,,,,,,,,
,,,,,,,,,,,,,
C,C++,,,,,,,,,,,,
C,C++,,,JavaScript,jQuery,,,,PHP,,,SQL,
C,,,,JavaScript,jQuery,,,,PHP,,,SQL,
,,,,JavaScript,jQuery,,,,PHP,,,SQL,
,,,Java,,jQuery,,,,,,,,
,,,,,,,,,,Python,,SQL,R
,,,Java,,,,,,,,,SQL,
,,,,,jQuery,,,,PHP,,,,
C,,,Java,JavaScript,jQuery,,,,PHP,Python,Ruby,SQL,
,,,Java,,jQuery,,,,,,,,Scala
C,,,,,,,Node.js,Objective-C,,,Ruby,,
,,C#,,JavaScript,jQuery,,,,PHP,,,SQL,
,,,Java,JavaScript,jQuery,,,,,,Ruby,SQL,
,,,Java,,,,,,,,,,
C,C++,C#,Java,JavaScript,jQuery,,,,PHP,,,SQL,
,,,,,,,,,,,,,
,,,,JavaScript,jQuery,,,Objective-C,PHP,,,,Action Script
,,,Java,JavaScript,,,,,,,,SQL,
C,C++,,Java,,,,,Objective-C,,Python,,SQL,mathematica
,,,Java,JavaScript,jQuery,,,,,,,,mongo DB
,,C#,,JavaScript,jQuery,,,Objective-C,,,,SQL,
,,C#,,JavaScript,jQuery,,Node.js,,,,,SQL,
,,,Java,,,,,Objective-C,,,,,
,C++,,,JavaScript,jQuery,,,,PHP,,,SQL,
,,C#,Java,,,,,,,,,,
,,,,,,,,,,,,,
,,C#,,,,,,,,,,SQL,VB
,,,,,,,,,,,,,
,,,,JavaScript,jQuery,,Node.js,,PHP,Python,Ruby,,
,,,Java,,,,,,PHP,Python,Ruby,,
,,,,JavaScript,jQuery,,,,PHP,,,SQL,
,,C#,Java,,,,,,,,,SQL,
,,C#,,JavaScript,jQuery,,,,,,,,
C,,,Java,,jQuery,,,Objective-C,,,,SQL,
C,C++,,,,,,,,PHP,,,SQL,
,,,Java,,,,,,,,,,
,,,,,,,,,,,,,
,C++,,Java,,,,,,,Python,,SQL,bash
,,,,JavaScript,jQuery,,,,PHP,,,SQL,Perl
,,,,,,,,,,,,,
C,C++,C#,Java,,,,,,PHP,,,SQL,
C,C++,,Java,,,,,,,,,,Scala
,,,,,,,,,,,,,
,,,Java,,,,,,,,,,"maven, Oracle DB, Cassandra, mysql"
,,,,JavaScript,jQuery,,,,PHP,,,SQL,
,,C#,,JavaScript,jQuery,,,,PHP,,,SQL,VB/VBA
,C++,,Java,JavaScript,,,,,,Python,,,extjs
C,,,Java,JavaScript,jQuery,,,,PHP,,,SQL,
C,C++,,,JavaScript,jQuery,,,,PHP,Python,Ruby,SQL,
,,,Java,JavaScript,jQuery,,,,,Python,Ruby,SQL,
,C++,,Java,JavaScript,jQuery,,,,PHP,,,SQL,
,,,Java,JavaScript,jQuery,,,,,,,,Clojure
,,C#,,JavaScript,jQuery,,Node.js,,,,,SQL,CSS
,,,,,,,,,,,,,
,,,,,,,,,,,,,
C,,,,,,,,,,Python,Ruby,,"Perl, Haskell"
,,C#,,JavaScript,jQuery,,,,,,,SQL,
,,C#,,,,,,,,,,,Assembly
,,,,,,,,,,,,,
C,C++,C#,Java,,,,,,,,,,Perl (It's got some nice regex)
,,,,,,,,,,,,,
,,,,,,,,,,,,,
,,C#,,,jQuery,,,,,,,SQL,
,,,,JavaScript,jQuery,,,,,Python,,,
,,,,JavaScript,jQuery,,,,,Python,Ruby,,
,,C#,Java,,,,,,,,,SQL,
,C++,,Java,JavaScript,,,,,,Python,Ruby,,
,,,,,,,,,,Python,,,
,,C#,,JavaScript,,,,,,,,SQL,vb.net
,,,Java,JavaScript,jQuery,,,,PHP,,,,
,,,,JavaScript,jQuery,,,,,Python,,SQL,Plone
C,,,Java,JavaScript,,,,,,Python,,SQL,
,,,Java,JavaScript,,,,,,,,SQL,
,,,Java,JavaScript,jQuery,,,,PHP,,,SQL,
,,,Java,,,,,,,,,,
,,C#,,JavaScript,,,,,,,,SQL,
,,,Java,JavaScript,jQuery,,,,PHP,,Ruby,,
,,,,,jQuery,,,,,,,SQL,
,C++,,,,,,,Objective-C,,,,,
,C++,C#,,JavaScript,jQuery,,,Objective-C,PHP,,,SQL,
,,,,,,,,,,,,,
,,,,JavaScript,jQuery,,,,PHP,,,SQL,
C,C++,C#,Java,JavaScript,jQuery,,,Objective-C,,,,SQL,
,,,Java,JavaScript,jQuery,,,,,,,SQL,
,,,,JavaScript,jQuery,,Node.js,,PHP,,,,
,,,,,,,,,,,,,"MATLAB, Common Lisp, awk, vim"
,,,,JavaScript,jQuery,,,,PHP,,,SQL,AutoIT
,,,,,,,,,,,,,
,C++,,,JavaScript,jQuery,,,,PHP,,,SQL,codeigniter
C,,C#,Java,,,,,,,,,,
,,,,,jQuery,,,,,,Ruby,,Coffeescript
,,,,,,,,,,Python,,,
,,,,JavaScript,jQuery,,,,PHP,Python,,SQL,
,,,,,,,,,,,,,
,,,,JavaScript,jQuery,,,Objective-C,PHP,,,SQL,
,,,,JavaScript,,,,,,Python,,,google app engine
,,,,,,,,Objective-C,,,,,Pro-IV
,,,,,,,,,,,,,
,,C#,Java,JavaScript,jQuery,,,,,Python,,SQL,
,,,,JavaScript,jQuery,,,,PHP,,,SQL,
,C++,,Java,JavaScript,,,,,,Python,,,
,C++,,Java,,,,,,,Python,,,perl
C,,,Java,JavaScript,jQuery,,,Objective-C,PHP,Python,,SQL,
C,,,Java,,,,,,,Python,,SQL,
,,,,,,,,,,,,SQL,Coldfusion
,,C#,,,,,,,,,,,
,C++,C#,,,,,,,,Python,,,
,,,,,,,,,,,,,
C,C++,,,,,,,Objective-C,,,,,
,,C#,,JavaScript,jQuery,,,,,,,SQL,
,C++,,Java,JavaScript,,,,,PHP,Python,,SQL,
,,,,,,,,,,,,,
,,,,JavaScript,jQuery,,,,PHP,,,SQL,
,,C#,Java,JavaScript,jQuery,,Node.js,,,,,SQL,
,,C#,Java,JavaScript,jQuery,,,,PHP,,,,
,,,Java,JavaScript,jQuery,,,,PHP,Python,,SQL,
,,,Java,JavaScript,jQuery,,,,,,,SQL,Play Framework 2
,C++,C#,,,,,,Objective-C,,,,,
,,,,JavaScript,jQuery,,,,,Python,,,
,,,,JavaScript,jQuery,,,,PHP,,,,
,,C#,,,jQuery,,,,,,,SQL,
,,C#,Java,JavaScript,jQuery,,,Objective-C,,,Ruby,SQL,
C,C++,,,,,,,Objective-C,,Python,,,Perl
,,,,JavaScript,jQuery,,,,PHP,,Ruby,,
,C++,,,,,,,,,,,,
,,,,,,,,,,,,,
,,C#,,JavaScript,jQuery,,,,,,,SQL,
,,C#,,JavaScript,jQuery,,,,,,,SQL,
C,C++,,,JavaScript,jQuery,,Node.js,,,Python,,SQL,
C,C++,,,,,,,,,,Ruby,,
,,C#,,JavaScript,jQuery,,,,,,,SQL,
,C++,C#,,,,,,,,Python,,,
,,,Java,,,,,,,Python,,,
,C++,,,JavaScript,jQuery,,,,,Python,,SQL,
,,,Java,,,,,,,Python,,,
,,,,,,,,,,,,,
,,,Java,JavaScript,jQuery,,,,PHP,,,SQL,
,,,,,,,,,,Python,,SQL,
,,,,JavaScript,jQuery,,,Objective-C,,Python,,SQL,Django
,C++,,Java,,,,,,,Python,,SQL,
,,,,,,,,,,,,,
,,,,,,,,,,,,,
,,C#,,JavaScript,,,,,,,Ruby,SQL,
,,,,,,,,,PHP,,,SQL,
,,,,,,,,,,,,,
C,C++,,,JavaScript,jQuery,,,,PHP,,Ruby,SQL,
,,,Java,JavaScript,jQuery,,,,,,,SQL,
C,C++,C#,,JavaScript,,,,Objective-C,PHP,,,,C++/CLI
,,,,JavaScript,jQuery,,,,,Python,,,
,,C#,,JavaScript,jQuery,,,,,,,SQL,
,,,,JavaScript,,,,,,Python,,,
,,,,,,,,,,,,,
,,,,,,,,Objective-C,,,,,
C,,,Java,,,,,Objective-C,,,,,
,,,,,,,,,,Python,,,
,,C#,Java,JavaScript,,,Node.js,,,,,,
,C++,,Java,,,,,,PHP,,,SQL,LabView
,,C#,,JavaScript,jQuery,,,,,Python,,SQL,
C,,,,,,,,,,,,,perl
C,C++,,,,,,,,,,,,Matlab
C,C++,,,,,,,,,,,,R
,,,,,,,,,,,,,
,,C#,,JavaScript,jQuery,,,,PHP,,,SQL,
,,,,,,,,,,,,,
C,C++,,,,,,,,,Python,,,
,,,,JavaScript,jQuery,,,,PHP,,Ruby,SQL,
,,,Java,,,,,,,,,,
,,,,,,,,,,,,,
,,,,,,,,,,,,,R
,,,,,,,,,,,,,
C,C++,,Java,JavaScript,jQuery,,,,PHP,,,SQL,Perl
,,,,JavaScript,,,,,,,,SQL,Google Apps Script
,,,,,,,,,,,,,
C,C++,,,,,,,,,,,,
,,C#,,JavaScript,jQuery,,,,,,,SQL,
,,C#,Java,JavaScript,jQuery,,,,PHP,,,SQL,"ActionScript, Flash, Asp.Net, Asp.Net MVC"
,,,,JavaScript,,,,,PHP,,,SQL,
C,C++,,,JavaScript,,,,,,Python,,,
,,,,,,,,,,,,,
,,C#,,,,,,,PHP,,,SQL,
,,,,,,,,,,,,,
,,,,JavaScript,jQuery,,,,,Python,,,
C,C++,,Java,JavaScript,jQuery,,Node.js,Objective-C,,Python,,SQL,
C,C++,C#,Java,JavaScript,,,,,PHP,Python,,SQL,
,C++,,,JavaScript,jQuery,,,Objective-C,,,Ruby,SQL,
,C++,,,JavaScript,jQuery,,,,,Python,,,
,,C#,,,,,,,,Python,,,
C,,,Java,JavaScript,,,,,,Python,,,
,,,Java,,jQuery,,,,,,,,JSF
,,C#,,,,,,,,,,SQL,
,,,,,,,,,,,,,
,,,,,,,,,,,,,
,C++,,,JavaScript,jQuery,,,,PHP,,Ruby,SQL,
,,,Java,JavaScript,jQuery,,,,PHP,Python,,SQL,
,,,,JavaScript,jQuery,,,,PHP,,,SQL,
C,,,Java,,jQuery,,,,,Python,,,
,,,,,,,,,,,,,
,,,,JavaScript,jQuery,,,Objective-C,,,Ruby,SQL,
,C++,,,JavaScript,,,,,PHP,,,,Visual Basic
C,C++,C#,Java,,,,,Objective-C,PHP,,,SQL,
,,,Java,JavaScript,jQuery,,,,PHP,,,SQL,
,C++,C#,,,,,,,,,,,
,,C#,,,jQuery,,,,PHP,,,SQL,
,C++,,Java,JavaScript,jQuery,,,,PHP,Python,Ruby,SQL,
,,C#,,JavaScript,,,,,PHP,,,SQL,plsql
,,,,,,,,,,,,,
C,,,Java,,,,,,,,,,
,,,,,,,,,,,,,
C,,,Java,,,,,,,Python,,SQL,
,,,Java,,,,,,,,,,
,,,Java,,,,,,,,,,
,,C#,,JavaScript,jQuery,,,,PHP,Python,,SQL,R
,,,,,,,,,,,,,
,,C#,Java,JavaScript,jQuery,,,,,Python,,,
,,,Java,JavaScript,jQuery,,,,,,,SQL,
,,,,,,,,Objective-C,PHP,,,SQL,
,C++,,Java,JavaScript,,,,,,Python,,,"Closure, Go"
,,,,JavaScript,jQuery,,,,,,Ruby,SQL,
C,C++,C#,,,,,,,,,,,
,,,Java,JavaScript,jQuery,,,,PHP,,,SQL,
,,,,,,,,,,,,,
,,,,,,,,,,,,,
,,,,,,,,,,,,,
,,C#,,JavaScript,jQuery,,,,,,,SQL,
,,,,JavaScript,jQuery,,,,PHP,,,SQL,
,,,,,,,,,,,,,
,,,,,,,,,,,,,
,,C#,Java,,,,,Objective-C,,Python,,,
,,,,,,,,,,,,,
C,,,Java,,,,,,,Python,,SQL,
,,,,,,,,,,,,,
,,,,JavaScript,jQuery,,,,PHP,,,,
,,,,JavaScript,jQuery,,Node.js,,PHP,Python,,SQL,
,,C#,,,,,,,,,,,
,,,,,,,,,,,,,
,C++,C#,,JavaScript,jQuery,,,,PHP,Python,,,
,,,,JavaScript,jQuery,,,,,,Ruby,,
,,,,JavaScript,,,,,PHP,,,SQL,
,,,,,,,,,,,,,
,,,,JavaScript,jQuery,,,,PHP,,,SQL,
,,,,JavaScript,,,,,PHP,,,,
,,,,JavaScript,jQuery,,,,,,Ruby,,R
,C++,C#,,,,,,,PHP,,,SQL,
,,,,,,,,Objective-C,,,,,
C,C++,,,,,,,,,Python,,,
,,,,JavaScript,jQuery,,Node.js,,,Python,Ruby,,groovy
C,,C#,,JavaScript,jQuery,,,,,,,,
C,,C#,Java,JavaScript,jQuery,,,,,Python,,SQL,
,,,,,,,,,,,,,
,,C#,Java,JavaScript,jQuery,,,,,,,SQL,
,,,,,,,,,,,,,
,,,Java,JavaScript,jQuery,,,,PHP,,,SQL,action script 3
,,,,JavaScript,jQuery,,,,PHP,,,SQL,
,,,Java,,,,,Objective-C,,,,,
,,,,JavaScript,jQuery,,Node.js,,,Python,,,"LESS, CoffeeScript"
,,C#,,,jQuery,,,,,,,SQL,
,,C#,,JavaScript,jQuery,,Node.js,,,,,SQL,
,,,,,,,,,,,,,
,,,,,,,,,,,,,
,,,Java,JavaScript,jQuery,,,,,,,,
,,C#,Java,,,,,,PHP,,Ruby,,
,,,Java,,,,,,,,,,
,C++,,,,,,,,,,,,ASM
,,C#,,JavaScript,,,,,,,,SQL,
C,C++,C#,Java,,,,,,PHP,Python,,SQL,
,,,,,,,,,PHP,,,,
,,,,,,,,,,,,,VB
,,,Java,JavaScript,jQuery,,,,PHP,,,SQL,
,,,Java,JavaScript,,,,,,,,SQL,
,,C#,,JavaScript,,,,,,,,SQL,
,,,,,,,,,,,,,
,,C#,,,,,,,,,,SQL,
,,C#,Java,JavaScript,,,,,,,,SQL,
C,,C#,,,,,,,,Python,,,
,,,,,,,,,,,,SQL,Delphi
,,,,,,,Node.js,,,Python,,,
,,,,,,,,,,,,,
C,C++,C#,Java,JavaScript,jQuery,,,Objective-C,PHP,,,,
,,C#,,,,,,,,Python,,,
,,,,JavaScript,jQuery,,,,,,Ruby,SQL,
,,C#,,JavaScript,jQuery,,,,,,,SQL,
,,C#,Java,,,,,,,,,,
,,,,,,,,,,,,,
,,C#,,JavaScript,jQuery,,,,,,,SQL,
,,,,,,,,,,,,,
,,C#,,JavaScript,jQuery,,,,,,,,
,C++,,,,,,,,,Python,,,
,,,Java,JavaScript,jQuery,,,,PHP,,,SQL,
,,,,,,,,,,,,,
,,,,,,,,,,,,,
,,C#,,JavaScript,jQuery,,,,,,,SQL,AJAX
C,C++,,,JavaScript,jQuery,,,Objective-C,,Python,,SQL,
C,,,Java,,,,,Objective-C,,,,SQL,MATLAB
,C++,,Java,,,,,,,,,SQL,
,,,,JavaScript,jQuery,,,,PHP,,,SQL,
,C++,,Java,,,,,,,,,SQL,
C,C++,C#,,JavaScript,jQuery,,,,PHP,,,,
,,,,,,,,,,,,,
C,C++,,,JavaScript,jQuery,,,,,Python,,,
C,C++,,Java,,,,,,,Python,,,Verilog
,,,,JavaScript,jQuery,,,,PHP,,,SQL,"html,ajax"
C,,,,,,,,,,,,,
C,C++,C#,,,,,,,,,,,
,,,,,,,,,,,,,
,,,,,,,,Objective-C,,,,,
,,C#,,,,,,Objective-C,PHP,,,SQL,
,,,Java,JavaScript,jQuery,,,,PHP,,,SQL,
,,,,JavaScript,,,,,,,Ruby,,"Scala, Nimrod"
,C++,C#,Java,,,,,,,,,SQL,
,,,,,,,,Objective-C,PHP,,,,
,,,,JavaScript,jQuery,,,,,,,,
,,,,JavaScript,,,,,,Python,,,
,,,,,,,,,,,,,
C,C++,C#,,,,,,Objective-C,PHP,,,SQL,
,,,,,,,,,PHP,,,SQL,
,,,,,jQuery,,,,PHP,,,SQL,
,,C#,,JavaScript,jQuery,,,,,,,SQL,
C,,,Java,JavaScript,,,,,,,,SQL,
C,,,,,,,,,PHP,,,,Perl
,,,,JavaScript,jQuery,,Node.js,,,,Ruby,,
C,,,Java,,,,,,PHP,,,SQL,"Fortran, Pascal"
,C++,,,JavaScript,,,,,,Python,,,MongoDB
,,,Java,,,,,,,Python,,,Haskell
C,C++,C#,,JavaScript,jQuery,,Node.js,Objective-C,,,Ruby,SQL,
,C++,,,,,,,,,,,,MongoDB Qt
,,,,JavaScript,,,,,,,,,
C,,,,JavaScript,,,,,,Python,,SQL,Clojure
C,,,,JavaScript,jQuery,,,,,Python,,,CUDA
,C++,,Java,JavaScript,jQuery,,,,PHP,,,SQL,
,C++,,Java,,,,,,,,,,
,,,,,,,,,,,,,
,,,Java,,,,,,,,,,
,,,,JavaScript,jQuery,,,,PHP,,,,
,,,,JavaScript,jQuery,,Node.js,,PHP,Python,,,
,,,Java,JavaScript,jQuery,,,,,,,,
,C++,,,,,,,,,Python,,,BashScript
,,,,,,,,,PHP,,,,Perl
,,,Java,,,,,,,Python,,SQL,"xml, rdf, owl"
,,C#,,JavaScript,jQuery,,,,,,,SQL,
,,C#,Java,JavaScript,jQuery,,,,,,,SQL,
,C++,C#,,,,,,,,Python,,SQL,Delphi
,C++,,Java,JavaScript,,,,,PHP,,Ruby,,
,,,,,,,,,,,,,
,,,,JavaScript,jQuery,,,,,Python,,SQL,
,,,,JavaScript,jQuery,,,,PHP,,,SQL,
,,,,JavaScript,jQuery,,,,,Python,,,
,,,,,,,,,,,,,
,,C#,Java,JavaScript,jQuery,,Node.js,Objective-C,PHP,,,SQL,groovy
,,,,JavaScript,jQuery,,,,,Python,,,
,,,,JavaScript,,,,,PHP,,,SQL,
C,C++,,Java,JavaScript,,,,,PHP,,,SQL,
,,,,JavaScript,jQuery,,,,PHP,,,SQL,
,,,Java,JavaScript,jQuery,,,,PHP,,,SQL,
,,C#,Java,,,,,,,Python,,SQL,
,,C#,,JavaScript,jQuery,,,,,,,SQL,
,,,Java,JavaScript,,,,,,Python,,,R
,,,Java,JavaScript,jQuery,,,,,,Ruby,SQL,
,,,Java,JavaScript,,,,,,,,,Perl
C,,,,,,,,,,Python,Ruby,SQL,r
,,,,JavaScript,,,,,,Python,,SQL,
,C++,C#,,JavaScript,jQuery,,,,,,,SQL,PowerShell
,,,,,,,,,,Python,,,
C,C++,C#,Java,JavaScript,,,Node.js,,,,,SQL,
,,,,,,,,,,,,,
C,C++,,Java,,,,,,,,,,
,,,,,,,,,,,,,
C,C++,C#,,,,,,,,,,,
,,,Java,JavaScript,jQuery,,,,,,,SQL,
,,,,JavaScript,jQuery,,Node.js,Objective-C,,Python,Ruby,SQL,
C,,,,JavaScript,jQuery,,Node.js,,PHP,,,,
,,,,,,,,,,Python,,,Scala
,,C#,,JavaScript,jQuery,,Node.js,Objective-C,,,,SQL,
,,C#,,JavaScript,jQuery,,Node.js,Objective-C,PHP,,,SQL,
,,,,JavaScript,jQuery,,,,,Python,,,
,,C#,,JavaScript,jQuery,,,,,,,,
C,C++,C#,Java,JavaScript,jQuery,,,Objective-C,,,,SQL,LISP
,,,,JavaScript,jQuery,,,,,,,,php
,,,,JavaScript,jQuery,,,,PHP,,,SQL,
,,,,JavaScript,jQuery,,,,PHP,,,SQL,
,,C#,Java,JavaScript,jQuery,,,,PHP,Python,,,
,C++,C#,Java,,,,,,,,,,
,,,,,,,,,,,,SQL,
,,,Java,JavaScript,jQuery,,,,,Python,,SQL,ZK
,,C#,,,jQuery,,,,PHP,,,,
,,,Java,,,,,,,,,SQL,
,,C#,,JavaScript,jQuery,,,,,,,SQL,
,,C#,Java,JavaScript,jQuery,,Node.js,,,,,SQL,
,C++,C#,,JavaScript,,,,,,,,,
,,,,JavaScript,jQuery,,Node.js,,PHP,Python,,SQL,
C,,,,,,,,,,,,,perl
,C++,,,JavaScript,jQuery,,,Objective-C,,Python,,SQL,
,,C#,,,,,,,,,,SQL,
,,C#,,JavaScript,jQuery,,,,,,,SQL,
,,,,JavaScript,jQuery,,,,PHP,,,SQL,
,,,,JavaScript,jQuery,,,,PHP,,,,Perl
,,,,,,,,,,,,,
,,,,,,,,,,,,,
,,,,JavaScript,jQuery,,,,PHP,,Ruby,SQL,Delphi
,,,,,,,,,,,,,
,,,,JavaScript,jQuery,,,,PHP,,,,
C,,,,,,,,,,Python,,,perl
,,C#,,JavaScript,,,,,,,,SQL,
,C++,C#,,JavaScript,jQuery,,Node.js,Objective-C,PHP,,,SQL,
C,C++,,Java,JavaScript,,,,,PHP,,,SQL,
,,C#,,JavaScript,jQuery,,,Objective-C,PHP,,,SQL,
,,C#,,JavaScript,,,,,,,,,
,,,,,,,,,,,,SQL,VB.Net
,,,,,,,,,,,,,Powershell
,,C#,,,,,,,,,,SQL,
,,,,JavaScript,jQuery,,,,PHP,,Ruby,,
C,C++,,Java,JavaScript,jQuery,,Node.js,,,Python,,SQL,
,,,,,,,,,,,,,
,,,,,,,,,,,,,
,,,Java,JavaScript,jQuery,,,,PHP,,,SQL,
C,,,Java,JavaScript,jQuery,,,,PHP,Python,,SQL,
,,C#,,JavaScript,,,,,,,Ruby,,
,,,,,,,,,,,,,
,,,,,,,,,,,,SQL,VB .NET
,,,,JavaScript,jQuery,,,,PHP,,Ruby,,
,,C#,,,,,,,PHP,,,,
,,,,JavaScript,jQuery,,,,,,,SQL,ColdFusion
,C++,C#,,JavaScript,jQuery,,Node.js,,,Python,,,
,,,,,,,,Objective-C,PHP,,,,
C,,,,,,,,,,,,,Perl
,,,,,,,,,,,,,
,,,,JavaScript,jQuery,,,,PHP,Python,,,
,,,Java,JavaScript,jQuery,,Node.js,,,,,,
,,,,JavaScript,,,,,,,Ruby,,
,,C#,,JavaScript,jQuery,,,,,,,SQL,
,,,,,,,,,,,,SQL,PL/SQL
,,C#,,JavaScript,jQuery,,,,,,,SQL,
,,C#,,JavaScript,jQuery,,Node.js,,,,,SQL,
,,C#,,JavaScript,jQuery,,,,,,,SQL,
,,,,,jQuery,,,,,,,,PHP
,,,,JavaScript,jQuery,,,,PHP,,,SQL,CSS
,,,,JavaScript,jQuery,,,,PHP,,,,
C,,,Java,,,,,,,,,,
C,C++,C#,Java,JavaScript,jQuery,,Node.js,Objective-C,PHP,Python,Ruby,SQL,
,,C#,,,,,,,,,,,
C,C++,C#,Java,JavaScript,jQuery,,,Objective-C,,,,,
,,,,,,,,,,,,,
,,C#,,JavaScript,jQuery,,,,,,,SQL,VB.NET
,,C#,,JavaScript,jQuery,,,,,,,SQL,
,,,Java,,,,,,PHP,,,SQL,
,,,,,,,,,,,,,Delphi
C,,C#,,,,,,,,Python,,SQL,
C,C++,C#,Java,,,,Node.js,,PHP,,,SQL,
,,,Java,JavaScript,jQuery,,,,PHP,,,SQL,
,,,Java,JavaScript,jQuery,,,,,,,SQL,
,,,,JavaScript,jQuery,,,,,,,,
,,,,,,,,,,,,,
,,C#,,JavaScript,jQuery,,,Objective-C,PHP,,,SQL,Classic ASP
,,,,JavaScript,jQuery,,,,PHP,,,SQL,
,,,Java,JavaScript,,,,,,,,,
,,C#,Java,JavaScript,jQuery,,,,,,,SQL,
,,,Java,JavaScript,jQuery,,,,PHP,,,SQL,
,,,Java,,,,,,,,Ruby,SQL,
,,C#,,JavaScript,jQuery,,,Objective-C,,,,SQL,Silverlight
,,C#,Java,JavaScript,,,,Objective-C,,Python,,SQL,
,,,,JavaScript,jQuery,,,,PHP,,,SQL,
,,,Java,,,,,,,,,SQL,
,,,,JavaScript,jQuery,,Node.js,,PHP,Python,Ruby,SQL,Clojure
,,,,,,,,,,Python,,,Matlab
,,,Java,,,,,,PHP,,,,
,,,,,,,,,,,,SQL,lisp
,,,,JavaScript,,,,,,,,,Selenium scripting
,,,,,,,,,,,,,
,C++,,,,,,,,,,,,
,,C#,,JavaScript,jQuery,,,,,,,SQL,Delphi
,,C#,Java,JavaScript,jQuery,,,,PHP,Python,Ruby,SQL,
,,,Java,JavaScript,jQuery,,,,PHP,,,SQL,
,,C#,Java,JavaScript,jQuery,,,,,,,,
,C++,C#,,,,,,,,,,,Haskell
C,C++,,,,,,,,,Python,,,
,,C#,,JavaScript,jQuery,,,,,Python,,SQL,
,C++,,,JavaScript,jQuery,,,,PHP,,,SQL,Matlab
,,,,JavaScript,jQuery,,,,PHP,,,SQL,Classic ASP/vbScript
,,,Java,JavaScript,jQuery,,Node.js,,PHP,Python,,SQL,
,,,,JavaScript,jQuery,,,,PHP,,,SQL,
,,C#,,,,,,,,,,SQL,
,,,Java,JavaScript,jQuery,,Node.js,,,,,,
,,,Java,JavaScript,,,,,PHP,,,SQL,
,,C#,Java,JavaScript,,,Node.js,,,Python,,,
,,C#,,,,,,,,,,SQL,
,,C#,Java,JavaScript,jQuery,,,,,,,SQL,
,,C#,,JavaScript,jQuery,,,,,,,SQL,
,,,,,,,,Objective-C,,,,,
,,,,,,,,,,Python,Ruby,SQL,
,,C#,,,,,,,,,,SQL,"VB, Common Lisp"
,,,,,,,,,,,,,
,C++,C#,,JavaScript,jQuery,,,,,,,SQL,
,,,,,,,,,,,,,
,C++,,Java,JavaScript,jQuery,,Node.js,,PHP,,,SQL,
C,C++,,,JavaScript,jQuery,,,,PHP,Python,,SQL,BASH
,,C#,,JavaScript,,,,,,,,,
,,,,JavaScript,jQuery,,,,PHP,,,SQL,
,,,Java,JavaScript,jQuery,,,,PHP,,,SQL,
,,,Java,,,,,,,,,,"Scala, OpenGL, Play Framework 2, MongoDB"
,C++,C#,,JavaScript,jQuery,,,,,,,SQL,
,,,,,,,,,,,,SQL,Perl
,,,,JavaScript,jQuery,,,,PHP,,,SQL,
,,,,,,,,,,,,,
C,,,,JavaScript,jQuery,,,Objective-C,PHP,,,SQL,
,,C#,,,,,,,,,,SQL,"Fortran, BASIC"
,,C#,,JavaScript,jQuery,,,,,,,SQL,
,,,Java,JavaScript,,,,,,,,SQL,GWT
,C++,,Java,JavaScript,,,,,,,Ruby,,perl
,,,,,,,,,,,,,
,,,,JavaScript,jQuery,,Node.js,,PHP,,,SQL,
,,C#,,JavaScript,jQuery,,,,,,,SQL,Powershell
,,C#,,JavaScript,jQuery,,,,PHP,,,SQL,
,,C#,Java,,,,,Objective-C,,,,,
,,,Java,JavaScript,jQuery,,Node.js,,,Python,,SQL,
,,C#,,,,,,,,Python,,,
,,,,,,,,,,,,,
,C++,C#,,,,,,,,,,,
,,,,,,,,,,,,,
,,,Java,,,,,,,,,SQL,plpgsql
C,,,,,,,,,,Python,,SQL,
,,,Java,JavaScript,jQuery,,,,,,,SQL,
,,,Java,JavaScript,jQuery,,,,PHP,,,SQL,
,,C#,Java,JavaScript,jQuery,,,,PHP,,,,
,,,Java,JavaScript,,,,,,,,,
,,C#,Java,JavaScript,jQuery,,,,,,,SQL,
C,,C#,,JavaScript,jQuery,,,Objective-C,PHP,,,SQL,
,,,,,,,,,,,,,
,,C#,,JavaScript,jQuery,,,,PHP,,,SQL,HTML
,,,Java,,,,,,,,,,
,,,Java,JavaScript,jQuery,,,,,,Ruby,SQL,
,C++,,Java,JavaScript,jQuery,,,,PHP,Python,,SQL,ActionScript
,,C#,,JavaScript,jQuery,,,,,,,SQL,"MVC, Selenium, TestComplete"
,,,,JavaScript,jQuery,,,,PHP,,,SQL,
,,,,JavaScript,jQuery,,Node.js,,PHP,,Ruby,SQL,
,,C#,,JavaScript,,,,,,,,SQL,Typescript
,,,,,,,,,,,,,
C,C++,C#,Java,JavaScript,,,,Objective-C,PHP,,,SQL,
,C++,,,JavaScript,jQuery,,,Objective-C,PHP,,,,
,,C#,,JavaScript,,,,,,,,SQL,
,,C#,,JavaScript,,,,,,,,SQL,
,,,,,,,,,,,,,
,,,,JavaScript,jQuery,,,,PHP,,,SQL,
C,,,,JavaScript,jQuery,,,,PHP,,,SQL,
,,,,,,,,,,,,,
,,C#,,JavaScript,jQuery,,,,,,,SQL,
,C++,,Java,,,,,,,,,,
C,C++,,Java,JavaScript,jQuery,,,,PHP,,,SQL,
,,C#,,JavaScript,jQuery,,,,PHP,,,,
,,,,JavaScript,jQuery,,,,PHP,Python,,SQL,
,,,,,,,,,,,,,
,,C#,,,,,,,,,,SQL,"VB.NET, MDX"
,,,,,,,,,,,,,
,,,,JavaScript,jQuery,,,,PHP,,,SQL,
C,C++,C#,Java,JavaScript,jQuery,,,,,,,SQL,Delphi
,,,,JavaScript,,,,,,,,SQL,Delphi
,,,,,,,,,,,,,
,,C#,,,,,,,,,,,
C,,,Java,,,,,,,,,,
,,C#,,JavaScript,,,,,,,,SQL,
,,,Java,,,,,,,,Ruby,,
,,,Java,,,,,,,,,,
,,,,,,,,,,,,,
,,,,,,,,,,,,,
,,C#,,,,,,Objective-C,,,,,
,,,Java,JavaScript,jQuery,,,,,,Ruby,SQL,Go
,,,,,jQuery,,,,PHP,,,,
C,C++,,Java,JavaScript,jQuery,,,,PHP,,,SQL,
,C++,,Java,JavaScript,jQuery,,,,PHP,,,,
,,,,,,,,,,,,,
,,,,JavaScript,jQuery,,,,PHP,,,SQL,
,,C#,,JavaScript,jQuery,,,,PHP,,,SQL,
,,,Java,,,,,Objective-C,,,,SQL,
,,C#,,JavaScript,jQuery,,,,,,,,
C,,,,JavaScript,jQuery,,,,,,Ruby,SQL,
,,,,JavaScript,,,,,,,Ruby,,CoffeeScript
,,,Java,JavaScript,,,,,,,,SQL,
,,,,JavaScript,jQuery,,,,,Python,,SQL,
,,,Java,,,,,,PHP,,,,
,,,,,,,,,,,,,
,,C#,,,,,,Objective-C,,,,,
,,,Java,JavaScript,jQuery,,,,,Python,,SQL,Django
,,,Java,,,,,,,,,,
,,,,JavaScript,jQuery,,,,PHP,,,SQL,
,,,Java,JavaScript,jQuery,,,,PHP,,,SQL,
C,,,Java,JavaScript,,,,,,,,SQL,XSL
,,C#,,JavaScript,jQuery,,,,,,,SQL,
,C++,C#,,,,,,,,,,,
,,,,,jQuery,,,,PHP,,,SQL,
,,,Java,JavaScript,jQuery,,,,,Python,,SQL,coldfusion
C,,,Java,JavaScript,,,,,,,,,"Scala, Maude"
,,,,,,,,,,,,,
,,,,JavaScript,jQuery,,,,PHP,,,SQL,
,,C#,Java,,,,,,PHP,,,,
,,,Java,,,,,,,,,,Groovy
,,,Java,JavaScript,,,,,PHP,,,SQL,Groovy
,,,,,,,,,,,,,
,,,,JavaScript,jQuery,,,,,,Ruby,SQL,
,C++,,,,,,,,PHP,,,SQL,Delphi
,C++,,,JavaScript,,,,,,Python,,,
,,,,,,,,,,,,,
,,,Java,JavaScript,jQuery,,,,,,,SQL,
,,C#,,,,,,,,,,SQL,
,,C#,Java,JavaScript,,,,,,,,SQL,
C,,,Java,,,,,,,Python,Ruby,,
,,,Java,JavaScript,,,,,,,,SQL,
,,,Java,,,,,,,Python,,SQL,XSLT XML JMS
,,C#,Java,JavaScript,jQuery,,,Objective-C,PHP,,,SQL,
,,,Java,JavaScript,jQuery,,,,PHP,,,SQL,
C,C++,,Java,,,,,Objective-C,,,,,
,,C#,,,jQuery,,,,,,,,
,,C#,,JavaScript,jQuery,,,,,,,,
,C++,,Java,JavaScript,,,Node.js,,,Python,,,
C,,C#,Java,JavaScript,,,,,PHP,,,SQL,
,,,,JavaScript,jQuery,,,,,Python,Ruby,SQL,
,,C#,,,,,,,,,,SQL,
C,,C#,,JavaScript,jQuery,,,,,,,SQL,
,,,Java,JavaScript,jQuery,,,,,,,SQL,
,,C#,,,,,,,,,,,
,,,Java,,,,,,,,,SQL,
,,C#,Java,JavaScript,jQuery,,,,,,,SQL,
,,C#,,JavaScript,jQuery,,,,,,,SQL,
,C++,C#,Java,JavaScript,jQuery,,,Objective-C,PHP,,,SQL,
,,,Java,JavaScript,,,,,,,,SQL,
,C++,,Java,,,,,,,,,,
,,,Java,JavaScript,,,,,,,,,
,,C#,,JavaScript,jQuery,,,,,,,SQL,
C,C++,,,JavaScript,jQuery,,Node.js,,,Python,,,
C,,,,,,,,Objective-C,,,,,
,C++,,,JavaScript,jQuery,,,,PHP,,,,
C,C++,,,,,,,,,,,,
,C++,C#,Java,JavaScript,jQuery,,,,,,,SQL,
,,C#,Java,JavaScript,jQuery,,,Objective-C,,,,,
C,C++,C#,Java,JavaScript,jQuery,,,,PHP,,,SQL,
C,C++,,Java,,,,,,,,,,
C,,,Java,JavaScript,jQuery,,,Objective-C,PHP,,,SQL,
,,,,,,,,,,,,,vbscript
,,C#,,,,,,Objective-C,,Python,,SQL,SAS
C,,C#,,,,,,,,,,SQL,
C,,,,JavaScript,,,,,,Python,,,MongoDB
,,,Java,JavaScript,,,,,PHP,,,SQL,
C,C++,C#,Java,JavaScript,jQuery,,,,PHP,Python,,SQL,
,,,,,,,,,,,,,
,C++,,,JavaScript,jQuery,,,Objective-C,PHP,,,,
,,,Java,,,,,,,,,,SFDC
,,C#,,JavaScript,jQuery,,,,,,,SQL,
,C++,,,,,,,,,,,,Scala
,,,,JavaScript,jQuery,,Node.js,Objective-C,PHP,,,SQL,
,,,Java,,,,,,,Python,,SQL,
,,,Java,JavaScript,,,,,PHP,,,,mootools
C,C++,,,JavaScript,,,Node.js,Objective-C,PHP,Python,,SQL,
,,,Java,,,,,,,Python,,SQL,
,,,Java,JavaScript,,,,,,,,SQL,
C,C++,C#,,,,,,,,,,,
C,,C#,Java,JavaScript,jQuery,,Node.js,Objective-C,,,,SQL,
,,,,,jQuery,,,,PHP,,,SQL,
,,C#,,JavaScript,jQuery,,,Objective-C,,,,SQL,vb.net
,,,,,,,,,,Python,,,APL
,,,,,,,,Objective-C,,Python,,,
,,,,JavaScript,jQuery,,,,PHP,,,SQL,
,,,,,,,,,,,,,
,,,,JavaScript,jQuery,,Node.js,,,,,,
,,,Java,JavaScript,jQuery,,,,PHP,,,SQL,
,,,,,,,,,,,,,
,,,,,,,,,,,,,
,,,,JavaScript,jQuery,,,Objective-C,,Python,,SQL,
,,,,,,,,,,,,,
,,,,,jQuery,,,,PHP,,,SQL,
,,C#,,JavaScript,jQuery,,,,,,,SQL,VB.NET
,,,,,,,,,,,,,
,,,,,,,,,,,,,
,,,Java,,,,,,,,,,
,,C#,,JavaScript,jQuery,,,,,,,SQL,
,,,Java,,,,,,,,,,
,,,,JavaScript,,,,,,,,,
,C++,,,,,,,,,Python,,,
,,,,,,,,,,Python,,,
,,,,,,,,,,,,,
,,,,,,,,,,Python,,,
,,,,JavaScript,jQuery,,,,PHP,,Ruby,SQL,
,,,,JavaScript,jQuery,,Node.js,,PHP,,,SQL,
,,C#,,JavaScript,jQuery,,,,,Python,,,
,,,,,,,,,,,,,
,,C#,,JavaScript,jQuery,,,,,,,SQL,
,,,Java,JavaScript,jQuery,,,,,,Ruby,SQL,
,,,,JavaScript,jQuery,,Node.js,,,,Ruby,,
,,C#,Java,JavaScript,,,,,,,Ruby,SQL,
,,,,,,,,,,,,,
,,,Java,,,,,,,,Ruby,,Perl
C,C++,C#,,JavaScript,,,,,,,,,
,,,,,jQuery,,,,,Python,,,
,,,,JavaScript,jQuery,,Node.js,Objective-C,,Python,Ruby,,
,,,,JavaScript,jQuery,,,,,,,,CSS
,,,,JavaScript,jQuery,,Node.js,,,Python,,,
,,,Java,JavaScript,jQuery,,,Objective-C,,Python,,SQL,
C,C++,C#,,,,,,,,Python,,,
,,,Java,JavaScript,jQuery,,Node.js,,,,,,
,,,,JavaScript,jQuery,,,,PHP,Python,,SQL,
C,C++,C#,Java,JavaScript,jQuery,,,,PHP,,,SQL,
,C++,C#,,JavaScript,jQuery,,,,,Python,,SQL,ABAP
C,C++,,,JavaScript,jQuery,,,,,Python,,,Perl
C,C++,,,,,,,Objective-C,,Python,,,
,,C#,,JavaScript,jQuery,,,,PHP,,,SQL,
,,,Java,JavaScript,jQuery,,Node.js,,,,Ruby,,
,,C#,,JavaScript,jQuery,,,,,,,,Scala
C,,,,,,,,Objective-C,,,,,
,,C#,,,,,,,,,,,
,,,,,,,,,,,,,
,,,Java,,,,,,,Python,,,Scheme
,,C#,,JavaScript,jQuery,,,,,,,SQL,
,,,,,,,,,,,,,
,,,,JavaScript,,,,,PHP,Python,,,
,,C#,,,jQuery,,,,PHP,,,SQL,
,,,,,,,,,,,,SQL,
,,,Java,JavaScript,jQuery,,,,,Python,,,
,,,,JavaScript,jQuery,,Node.js,,,Python,,SQL,
,,,,JavaScript,jQuery,,,,,,,,
,,,Java,JavaScript,jQuery,,,,,,,SQL,
,,,,JavaScript,jQuery,,,Objective-C,,Python,,SQL,
,C++,C#,,,,,,,,,,SQL,
,,,Java,JavaScript,jQuery,,,,,Python,,SQL,
,,,Java,JavaScript,,,,,,Python,,SQL,Tcl
,C++,,,,,,,,,,,,
,,,Java,,,,,,,Python,,,REXX
C,,,Java,JavaScript,jQuery,,,,,Python,,,
C,C++,C#,Java,,,,,Objective-C,PHP,,,,
,,C#,,JavaScript,jQuery,,,,PHP,,,SQL,
,,,,JavaScript,jQuery,,,,,,,,ColdFusion
,,,,JavaScript,,,,Objective-C,,Python,,SQL,
,,,Java,JavaScript,jQuery,,Node.js,Objective-C,PHP,,,SQL,
,,,Java,JavaScript,jQuery,,,Objective-C,,Python,,SQL,
,,,,JavaScript,jQuery,,,,,,,SQL,Smalltalk
,,C#,,JavaScript,jQuery,,,,,,,SQL,
,,,,,,,,,,,,,
,,,,JavaScript,jQuery,,,,PHP,,,SQL,ColdFusion
,,C#,,JavaScript,jQuery,,,,,,,SQL,
,,,,JavaScript,,,,,PHP,Python,,SQL,Coldfusion
,,,,,,,,,,,,,
,,C#,,JavaScript,jQuery,,,,,,,SQL,
,,,,,,,,,,,,,
,,,,,,,,,,,,,
,,,Java,,,,,,,,,,
,,,,,,,,,,,,,
,,C#,,,,,,,,,,SQL,
,,,Java,JavaScript,jQuery,,,,,,,SQL,
,,,Java,JavaScript,jQuery,,,,,Python,,SQL,
,,C#,Java,,,,,,,,,SQL,
,,,,,,,,,,,,SQL,QuickMacros
,,,,JavaScript,jQuery,,,,,Python,,,
,,,,,,,,,,,,,
,,C#,Java,,,,,,,,,SQL,
,C++,,,,,,,,,Python,,,
,,,,JavaScript,jQuery,,,,,,Ruby,SQL,
,,,Java,JavaScript,jQuery,,,,PHP,,,SQL,
,C++,,Java,JavaScript,jQuery,,,,,Python,,SQL,
,,,,JavaScript,jQuery,,,,PHP,,,SQL,
,,,,JavaScript,jQuery,,,,PHP,,,SQL,
,,C#,,JavaScript,jQuery,,,,PHP,,Ruby,SQL,
,,,,JavaScript,jQuery,,,,,,,SQL,ColdFusion
,,C#,,JavaScript,jQuery,,,,,,,SQL,"ASP.NET, Entity Framework"
C,,,Java,JavaScript,,,,,,,,SQL,
,,,Java,JavaScript,,,,,,,,,
,,,,JavaScript,jQuery,,,,PHP,,,SQL,
,,,,,,,,,,Python,,SQL,OpenCL
,,C#,Java,,,,,,,,,SQL,
,,,,,,,,,,,,,
,,,,,,,,,,,Ruby,,R
,,,Java,JavaScript,jQuery,,,,PHP,,,SQL,
,,,Java,,,,,,,,,,
,,,Java,JavaScript,jQuery,,,Objective-C,PHP,,,SQL,
,,,Java,,jQuery,,,,,,,SQL,"Scala, OSGi"
,,,,JavaScript,jQuery,,,Objective-C,PHP,,,SQL,
,,,,,,,,,,,,,
,,,,,,,,,,,,,"R, Perl"
,C++,C#,Java,,,,,,,,,,VB.NET
,,,Java,,,,,,,,,,
C,,,,,,,,,,,,,
,C++,C#,,JavaScript,jQuery,,,,PHP,,,SQL,
,,C#,,JavaScript,jQuery,,Node.js,,,,,SQL,
,,C#,,JavaScript,jQuery,,,,,,,SQL,
,,C#,,JavaScript,jQuery,,,,PHP,,,SQL,
,,,Java,JavaScript,jQuery,,,,PHP,,Ruby,SQL,
,C++,,Java,JavaScript,jQuery,,,,PHP,Python,,,
,,C#,,JavaScript,jQuery,,Node.js,Objective-C,,,,SQL,
,,,,JavaScript,jQuery,,,,PHP,,,SQL,
,,,,,,,,,,,,,Erlang
,,C#,,,,,,,,,,SQL,
,,,,,,,,,,,,,
,,,,JavaScript,jQuery,,,,PHP,,,,MySQL
C,,,Java,,,,,Objective-C,,,Ruby,,
C,C++,,,,,,,,,,,,
C,C++,C#,Java,,,,,,,Python,,SQL,
,,,,,,,,,PHP,,,,
,,C#,,,,,,,,,,SQL,
,,,Java,,jQuery,,,,,Python,,SQL,Perl
C,,,,,,,,Objective-C,,,,,
,,C#,,JavaScript,,,,,,,,SQL,dojo
,,C#,,JavaScript,,,,,,Python,,SQL,
,,,,,,,,,,,,,
,C++,C#,,,,,,,,,,,
,,,,JavaScript,jQuery,,,,PHP,,,SQL,
,,,,JavaScript,jQuery,,,,PHP,,,,
,,,,JavaScript,jQuery,,,Objective-C,PHP,,,SQL,
,,C#,,JavaScript,jQuery,,Node.js,,,,,,
,,,,JavaScript,,,Node.js,,,,,,
,,,Java,JavaScript,,,,,PHP,Python,,SQL,
,,,,JavaScript,jQuery,,,Objective-C,PHP,,,SQL,
,,,,,,,,,,,,,
,,,,JavaScript,jQuery,,,,PHP,,,,
,,,Java,,,,,,,Python,,SQL,
,,,,JavaScript,jQuery,,,,,,,,
,,C#,Java,JavaScript,jQuery,,,,PHP,,,SQL,
C,C++,,,,,,,,,,,,
,,,Java,JavaScript,,,,,,Python,,,
C,C++,,,,,,,,,,,,
,,,,,,,,,,,,,
,,C#,,,,,,,,,,SQL,
,,,,JavaScript,,,,,,Python,Ruby,,
,,,,JavaScript,jQuery,,,,PHP,,,,
,,C#,,,jQuery,,,,,,,SQL,
,,,Java,,,,,,,,,,
C,,C#,Java,JavaScript,,,,,,Python,,SQL,
,,,,JavaScript,jQuery,,,,PHP,,Ruby,SQL,
,,,,,,,,,,,,,
,,,,JavaScript,jQuery,,Node.js,,,Python,,,
,,,,JavaScript,jQuery,,,,PHP,Python,,SQL,
C,C++,,Java,JavaScript,jQuery,,,,PHP,Python,Ruby,,
,,,Java,JavaScript,jQuery,,,,,,,SQL,Grails
,,,,JavaScript,jQuery,,,,PHP,,,SQL,
C,C++,,,,,,,,PHP,Python,,SQL,
,,,Java,JavaScript,jQuery,,,,,,,,"JSF, PrimeFaces"
,,,,,,,,,PHP,,,,Delphi
,,,Java,JavaScript,jQuery,,,,,Python,Ruby,SQL,
,,C#,,JavaScript,jQuery,,,Objective-C,,Python,,SQL,
C,,,,,,,,,,,,,"Haskell, Bourne shell, rc"
,,C#,,,jQuery,,,,,,,SQL,
,,C#,,JavaScript,jQuery,,Node.js,,PHP,Python,Ruby,SQL,
C,C++,,,,,,,,,,,,
,,,Java,,,,,,,,,,
,,,,JavaScript,jQuery,,,,,,Ruby,SQL,
,,,,,,,,,,,,,
,,,Java,JavaScript,jQuery,,,,,Python,Ruby,SQL,
C,C++,C#,,,,,,,,,,,
,,C#,,JavaScript,jQuery,,,,,,,SQL,Powershell
C,,,,,,,,,,,,,"make, awk"
,,C#,Java,,,,,,,,,,
,,C#,Java,JavaScript,jQuery,,,,,,,SQL,
,,,,,,,,,,,,,
,,,,,,,,,,,,,
,,,,,,,,,,,,,
,,C#,,JavaScript,jQuery,,,,,,,SQL,
,C++,,,,,,,,,Python,,,
C,,,,,,,,,,Python,,,
,,C#,,JavaScript,jQuery,,,,,,,,
,C++,,,JavaScript,jQuery,,,Objective-C,PHP,Python,,SQL,
,,C#,,,,,,,,,,SQL,
C,C++,C#,Java,JavaScript,jQuery,,Node.js,Objective-C,PHP,Python,Ruby,SQL,"Erlang, Lua, OCaml, Haskell"
C,,,,JavaScript,jQuery,,Node.js,,PHP,Python,Ruby,SQL,
,,,,,,,,,,,,,
,,,Java,JavaScript,jQuery,,,,,,,,
,,,Java,JavaScript,jQuery,,,,,,,SQL,
,,,,,,,,,,,,,
,,,,,,,,,,,,,
,,,,JavaScript,jQuery,,,,PHP,,Ruby,SQL,Ruby on Rails
,,,,,,,,,,,,,
,,,,,,,,,,,,,
,,,,,,,,,,,,,
,,,,,,,,,,,,,
,,,,,,,,,,,,,
,,,Java,,,,,,,,,,
,,,Java,,jQuery,,Node.js,,PHP,,,SQL,
,,,Java,JavaScript,jQuery,,,,,,,,
,C++,C#,Java,JavaScript,,,,,PHP,,,SQL,
,,C#,,JavaScript,jQuery,,,,,,,SQL,
,C++,C#,Java,JavaScript,,,,,,Python,,SQL,
,,,,,,,,Objective-C,,,,,
,,C#,,,jQuery,,,,,,,SQL,
C,,,Java,JavaScript,jQuery,,,,PHP,,,SQL,
,C++,C#,,JavaScript,,,,,,,,SQL,
,C++,C#,,,,,,,,,,,
,C++,,,,,,,,PHP,,,SQL,
,,C#,,,,,,,,,,SQL,
,,C#,Java,,jQuery,,,,PHP,,,,
,,,Java,,,,,Objective-C,,,,,
,C++,,,,,,,,,Python,,,
,,,,,,,,,,,,,
,,,,,,,,,,,,,
C,C++,C#,Java,JavaScript,jQuery,,,,PHP,,,SQL,"Matlab, HTML"
,,,,,,,,Objective-C,,,,SQL,
,,,Java,JavaScript,jQuery,,,,,,,,
,C++,C#,,,,,,,,,,,
C,,,,JavaScript,,,,Objective-C,,,,,
,,,,JavaScript,jQuery,,,,PHP,,,,
,,C#,,,jQuery,,Node.js,,,,Ruby,SQL,
,,C#,,JavaScript,jQuery,,,,,,,SQL,"coffeescript, LESS"
,,C#,,JavaScript,jQuery,,,,PHP,,,SQL,
,,,,,,,,,,,,,
,,C#,Java,,,,,,,Python,,,
,,,,,,,,,,,,,
,,,,,jQuery,,,,,,Ruby,,
,,C#,,JavaScript,jQuery,,,,,Python,Ruby,SQL,
,,,,,,,,,,,,,
,,C#,Java,JavaScript,jQuery,,,,PHP,,,SQL,
,,,,JavaScript,jQuery,,,,PHP,,,SQL,
,,,,JavaScript,jQuery,,Node.js,,PHP,,Ruby,SQL,"redis, memcached"
,,,,,,,,,,,,,
,,C#,Java,,,,,,,,,,
,,,,JavaScript,jQuery,,,Objective-C,PHP,,,,
,,C#,,JavaScript,jQuery,,,,,,,SQL,
,,C#,,JavaScript,jQuery,,,,PHP,,,SQL,
,,,,JavaScript,jQuery,,,,PHP,,,SQL,
,,C#,Java,JavaScript,jQuery,,,,,,,SQL,
C,,,Java,,,,,,,Python,,,go
,,C#,,,jQuery,,,,,,,SQL,
,C++,,Java,,,,,,PHP,Python,,SQL,
,,,,JavaScript,jQuery,,Node.js,,PHP,,,SQL,
,C++,,,JavaScript,jQuery,,,,,Python,,SQL,
,,C#,,JavaScript,jQuery,,,,,,,SQL,
C,C++,,,,jQuery,,,Objective-C,,,,,
,,,Java,JavaScript,,,,Objective-C,,,,,
,,,,JavaScript,jQuery,,,,PHP,,,SQL,"html, css"
,,C#,,JavaScript,jQuery,,,,,,,SQL,
,C++,C#,,JavaScript,jQuery,,,,,,,SQL,
C,C++,,,JavaScript,jQuery,,,,PHP,,,SQL,
,,,,,,,,,PHP,Python,,,Bash
,,,,,,,,,,,,,VB.NET
,,,Java,,,,,,,Python,,,
,,C#,,,,,,,,,,,
,,,,,,,,,,,,,
,,C#,,JavaScript,jQuery,,Node.js,,PHP,,,SQL,Actionscript
,C++,,,JavaScript,jQuery,,,,,Python,,,PL/SQL
,,,,,,,,,,,,,
,C++,,,,,,,,,Python,,,
,,,,,,,,,,,,,
,,,,,,,,,,,,,
,,,,,,,,,,,,,
C,,,Java,JavaScript,jQuery,,,,PHP,,,SQL,
,,,,,,,,,,,,,
,,,Java,,,,,,,,,,
,,,,JavaScript,jQuery,,,,PHP,,,,
,,,Java,JavaScript,jQuery,,,,PHP,,,SQL,
,,,,,,,,,,,,,
,,,,,,,,,,,,,
C,C++,,,JavaScript,jQuery,,,Objective-C,PHP,Python,,,
,,C#,,JavaScript,jQuery,,,,,,,SQL,
,,,,JavaScript,jQuery,,,,PHP,,,SQL,
,,C#,,JavaScript,jQuery,,,,,,,SQL,
C,C++,,,,,,,,,Python,,,
,,,,,,,,Objective-C,,,Ruby,,
,,,Java,JavaScript,,,,,,,,SQL,
,,,,,,,,,PHP,,,,
,,,,,,,,,,,,,
,,C#,,JavaScript,jQuery,,,,,,,SQL,
,,,,,,,,Objective-C,,,,,
,,,,JavaScript,jQuery,,,,,Python,,SQL,Ember.js
,,,,,,,,,,,,,
,,,,JavaScript,,,,,,,,,
,,,,JavaScript,,,,,PHP,,,SQL,
,,,,JavaScript,jQuery,,,,,,,,PHP
,,C#,Java,JavaScript,jQuery,,,Objective-C,PHP,,Ruby,SQL,Common LISP
,,,,,jQuery,,,,PHP,,,,
,,,Java,,jQuery,,,,,,,,
C,C++,,,,,,,,,,,,lisp
,,C#,,JavaScript,jQuery,,,,PHP,,,SQL,
C,,,Java,JavaScript,,,,,,Python,,SQL,
,,,,JavaScript,jQuery,,,,PHP,,,SQL,
,,,Java,JavaScript,,,,,PHP,,,SQL,
C,C++,,Java,,,,,,,,,,
,,,,,,,,,,,,,
,C++,,,JavaScript,,,,,PHP,,,,
,,,,,,,,,,,,,
,,,,,,,,,,,,,
,,,Java,JavaScript,jQuery,,,,,,,,knockout.js
,,C#,,,,,,,,,,SQL,PowerShell
,,,,,,,,,,,,,
,,,,,jQuery,,,Objective-C,,,Ruby,SQL,
,,,,,,,,,,,,SQL,pascal
,,C#,,JavaScript,,,,,,,,,
,,,,,,,,,,,,,
C,C++,,Java,JavaScript,,,,,PHP,Python,,,
,,,,,,,,Objective-C,,,,,
,C++,C#,Java,JavaScript,,,,Objective-C,,,,,
,,,,,,,,,,,,,
,,C#,,JavaScript,jQuery,,,,,,,,
,,,,JavaScript,,,,,PHP,,,,
,,C#,,JavaScript,jQuery,,,,,,,SQL,VB.Net
,,,,,,,,,,,,SQL,
,,,,,,,,,,,,,
,,,Java,JavaScript,,,,,PHP,,,SQL,
,,C#,Java,JavaScript,jQuery,,,,PHP,,,SQL,
,,C#,,JavaScript,jQuery,,,,,,,,
,,,Java,,,,,,,,,,
,,,,JavaScript,jQuery,,,,,,,SQL,VB6
C,,,,,,,,Objective-C,,,,,
,,C#,,JavaScript,jQuery,,,,,,,SQL,
,,,,,jQuery,,,,PHP,,,SQL,
,,C#,,JavaScript,jQuery,,,,,,,SQL,
,,,Java,,,,,Objective-C,,,,,
,,C#,,,,,,,,,,SQL,
C,C++,,,JavaScript,,,,Objective-C,,Python,,,"Clojure, Urbiscript, MongoDB"
,,,Java,JavaScript,,,,,,,,,
,,,Java,JavaScript,,,,,,,,SQL,zk
,,,,,,,,,,,,,
,,,,JavaScript,jQuery,,,,PHP,,Ruby,SQL,
,,,,JavaScript,jQuery,,,,,,,,Common Lisp
,,,,,,,,,,,,,
,,,,,,,,,,,,,
,,,Java,,,,,,,Python,,,
C,,,Java,,,,,,PHP,Python,Ruby,SQL,
,,,Java,,jQuery,,,,,,,,JSF
,,,,,,,,,,,,,
C,C++,,Java,,jQuery,,,,PHP,,,,
C,C++,C#,,,,,,,,,,,
C,C++,,,,,,,Objective-C,,,,,
,,,,,,,,,,,,,
,,,,,,,,,,,,,
C,C++,,Java,JavaScript,,,Node.js,,,Python,,,
,,,Java,,,,,,,,,,
,,C#,,JavaScript,jQuery,,,,,,,SQL,VB.NET
,C++,,Java,JavaScript,jQuery,,,,PHP,,,SQL,JavaFX
,,,,JavaScript,jQuery,,,,,,Ruby,,
,,,,,,,,,,,,,
,,C#,,,,,,Objective-C,,,,SQL,
,,,,JavaScript,jQuery,,,,,,Ruby,SQL,
,C++,,Java,,,,,,,,,,
C,,,,,,,,Objective-C,,Python,,,
C,C++,C#,,,,,,,,Python,,,
,,,,,,,,,,,,,
,,,,,,,,,,Python,,SQL,
,,,,JavaScript,jQuery,,,,,Python,Ruby,,
,C++,,Java,JavaScript,jQuery,,,,,,Ruby,SQL,
C,,C#,,,,,,,,,,SQL,
,,,,,,,,,,Python,,SQL,
,,,,JavaScript,jQuery,,,,PHP,,,SQL,HTML
,,,Java,JavaScript,,,,,PHP,Python,Ruby,SQL,
,,C#,Java,,,,,,,,,SQL,
,,,,,,,,,,,,,
,,,,JavaScript,jQuery,,,,PHP,,,SQL,
,,,,,,,,,,,,,
,,C#,,JavaScript,jQuery,,,,,Python,,,bash shell scripting
,,C#,Java,,,,,,,,,SQL,
,,,,JavaScript,,,Node.js,,PHP,,,SQL,
,,C#,,JavaScript,jQuery,,,,,,,SQL,
C,C++,,Java,,,,,Objective-C,,,,,"GLSL, MEL, Perl, Matlab"
,,,,,,,,,,,Ruby,,
,,C#,Java,JavaScript,jQuery,,,,,,,,
,,,Java,JavaScript,jQuery,,,Objective-C,,Python,Ruby,SQL,
,,C#,,JavaScript,jQuery,,,,,,,,
,,,,,,,,,,Python,,,
C,,,Java,,,,,,,,,,
,,,Java,JavaScript,,,,,,,,SQL,
,,C#,,JavaScript,,,,Objective-C,PHP,,,SQL,"html, asp"
,,,,JavaScript,jQuery,,Node.js,,PHP,,,,Mongodb
C,,,,JavaScript,jQuery,,,,PHP,,,SQL,
C,,,Java,,,,,,,,,,
,C++,,,,,,,,PHP,,,SQL,
,,,Java,JavaScript,,,,,,,,SQL,YUI
,,C#,,,jQuery,,,,,,,SQL,
,,,,JavaScript,jQuery,,,Objective-C,PHP,,,SQL,
,,,,JavaScript,jQuery,,,,PHP,,,SQL,
,,,,,,,,,,,,,
,,,Java,,,,,,,,,,
,,,Java,JavaScript,,,,Objective-C,,Python,,,Groovy
,,,,JavaScript,jQuery,,,,,Python,,SQL,
,,,Java,JavaScript,jQuery,,,,,Python,,SQL,
,,,,,,,,,,,,,
,,,Java,JavaScript,jQuery,,,,,Python,,SQL,
C,C++,C#,,,,,,,,,,,
,,,,JavaScript,jQuery,,,,,,,,
,,C#,Java,JavaScript,,,,,,,,SQL,
C,C++,,Java,JavaScript,,,,,PHP,,,SQL,
,C++,C#,,JavaScript,jQuery,,,,PHP,Python,,,
,C++,,Java,,,,,,,,,,
C,C++,C#,,,,,,Objective-C,,,,,
,,,,,,,,,,,,,
,,C#,,JavaScript,jQuery,,,,,,,SQL,
,,C#,,,,,,,,,,SQL,VB.NET
,C++,C#,,JavaScript,,,,,,Python,,,
C,,,Java,,jQuery,,,,PHP,,,SQL,
,,,,,,,,,,,,,
,,,,,,,,,,,,,
C,C++,,Java,JavaScript,jQuery,,Node.js,Objective-C,,Python,,,
,,C#,,,,,,,,,,SQL,
,,,,,,,,,,,,,
C,,,Java,,,,,,,Python,,SQL,
C,,,Java,JavaScript,,,,,PHP,,,SQL,
,,,,,,,,,,,,,
,,,,,,,,,,,,,
,,C#,,JavaScript,,,,,,,,SQL,
,C++,,,,,,,,,Python,,SQL,MATLAB
,,C#,,JavaScript,jQuery,,,,,,,SQL,
,,C#,Java,JavaScript,jQuery,,,,,,,SQL,
,,C#,Java,JavaScript,jQuery,,,,PHP,,,SQL,
,,,,JavaScript,,,Node.js,,,Python,,,
,C++,,Java,JavaScript,,,,,,,,,
,,C#,,JavaScript,jQuery,,,,PHP,,,SQL,
,,,,,,,,,,,,,
,C++,C#,,JavaScript,jQuery,,Node.js,,,,,SQL,silverlight
,,,,,,,,,,,,,
,,,,,,,,,,,,,
,,,,,,,,,,,,,
,,,Java,,,,,Objective-C,,,Ruby,,
,,,,,,,,,,,,,
,,,,,,,,Objective-C,,,,,
,,C#,,JavaScript,jQuery,,,,,,,SQL,
,,,Java,,,,,,,,,SQL,
,,,,JavaScript,jQuery,,,Objective-C,,,Ruby,SQL,
,,,,,,,,,,,,,
,,,,,,,,,,,,,
,,,,,,,,,,,,,
,,,,,,,,,,,,,
C,,,Java,JavaScript,,,,,PHP,,,,
,,C#,,JavaScript,jQuery,,,,PHP,,,SQL,"ColdFusion, Classic ASP, VBScript, Perl"
,,C#,,,,,,,,,,SQL,Perl
C,C++,,Java,JavaScript,jQuery,,,,PHP,,,SQL,
,,,,,,,,,,,,,
,,C#,,,,,,,,,,SQL,
,,C#,,JavaScript,jQuery,,,,,,,SQL,
,C++,,,,,,,Objective-C,,Python,,,
,,C#,,JavaScript,jQuery,,,,,,,SQL,
C,,,Java,JavaScript,jQuery,,,,PHP,,Ruby,SQL,
,,,,,,,,,,Python,,,"LabVIEW, hardware"
,,,Java,,,,,,,Python,,,
,,,,,,,,,,,,,
,,C#,Java,,,,,,,,,,
,,,,,,,,,,,,,
,,,,JavaScript,jQuery,,,,PHP,,,SQL,
,,,,,,,,,,,,,
C,C++,,,JavaScript,jQuery,,,,PHP,,,SQL,
,,,,,,,,,,,,,
,,C#,,JavaScript,jQuery,,,,,,,SQL,
,,C#,Java,,jQuery,,,,,,,SQL,
,,,,,,,,,,Python,,SQL,
,,C#,,JavaScript,,,,,,,,SQL,
C,C++,,Java,,,,,,PHP,,,SQL,
,,,Java,JavaScript,jQuery,,,,PHP,,,SQL,
,,C#,,JavaScript,jQuery,,,,,,,SQL,
,,,,,,,,,,,,,"R, Matlab"
,,C#,,JavaScript,jQuery,,,,,,,SQL,
,,C#,,,,,,Objective-C,,,,,
,,C#,,JavaScript,jQuery,,,,PHP,,,SQL,
,,,,,,,,,,,,,
,,,Java,,jQuery,,,,,,,SQL,
,,,Java,,,,,,,,,,
,,C#,,,,,,,,,,,
,,,,,,,,,,,,,
,C++,C#,,,,,,,,,,,
,,,,,,,,Objective-C,,,,,
,,,,,,,,,,,,,
,,,,JavaScript,jQuery,,,,PHP,,,SQL,
,,,,,,,,,,,,,
,,,,,,,,,,,,,
,C++,C#,,,,,,,,,,,x86 assembler
C,,C#,Java,,,,,,PHP,,,SQL,
,,,,JavaScript,,,,,,Python,,,
,,C#,Java,JavaScript,jQuery,,,,PHP,Python,Ruby,SQL,Scala
,,,,,,,,,,,,,
C,,,,JavaScript,,,,,,Python,,,
C,,,Java,,,,,Objective-C,,,Ruby,,
,,C#,,JavaScript,jQuery,,,,PHP,,Ruby,SQL,
C,C++,,Java,,,,,,,Python,,,Assembly
,,C#,,,,,,,,,,,
,,,Java,JavaScript,,,,,,Python,,SQL,
C,C++,,Java,JavaScript,jQuery,,Node.js,Objective-C,,,,,
,,,,,,,,,,,,,
,,C#,,,,,,,,,Ruby,SQL,Haskell
C,,C#,,JavaScript,jQuery,,,,,,,SQL,"Powershell, SSIS"
,,,,,,,,,,,,,
C,C++,,,JavaScript,,,,Objective-C,,Python,,,
,,,Java,JavaScript,jQuery,,,,,Python,,SQL,
,,C#,,JavaScript,jQuery,,Node.js,,,,Ruby,SQL,
,,,,JavaScript,jQuery,,,,,,,SQL,VB.NET
C,C++,,,,,,,,,Python,,,
,,,,,,,,,,,,,
,,C#,,JavaScript,jQuery,,,Objective-C,,,,SQL,
C,,,,JavaScript,jQuery,,,,PHP,Python,,SQL,
C,,,Java,,,,,,,,,SQL,
,,,,JavaScript,jQuery,,,,PHP,,,SQL,
C,C++,,Java,,,,,,,Python,,,
,,C#,,,,,,,,,,SQL,
,C++,,Java,,,,,,,,,SQL,Common-Lisp
,,,,,,,,,,,,,
,,C#,Java,,,,,,,,,SQL,
,,C#,,JavaScript,jQuery,,,,,,,SQL,
,C++,C#,,JavaScript,jQuery,,,,,,,,
,,C#,Java,JavaScript,jQuery,,,,PHP,,,,
,,,,,,,,,,,,SQL,"VBA, R"
,,,,,,,,,,,,,
,,,,,,,,,,,,,
,,C#,,JavaScript,jQuery,,,,PHP,,,SQL,
C,,,,JavaScript,jQuery,,,,PHP,,,SQL,
,,C#,,JavaScript,jQuery,,,,PHP,,,SQL,
,,,,,,,,,,,,,
,,,,,,,,,,,,,
,,C#,Java,,,,,,,,,,Delphi
C,C++,C#,Java,,jQuery,,,,,,,SQL,
,,C#,Java,JavaScript,,,,,,Python,Ruby,SQL,
,,,,,,,,,,,,,R
,,,,,,,,Objective-C,,,,SQL,
,,C#,,JavaScript,jQuery,,,,,,,SQL,
,,C#,Java,,,,,Objective-C,,,,SQL,
,,,,JavaScript,jQuery,,,,,Python,,,
,,,,JavaScript,,,,,,,Ruby,,
C,,,Java,JavaScript,jQuery,,,,,,Ruby,SQL,
,,,,,,,,,,,,,
,,,,,,,,,,,,,
,,C#,,JavaScript,jQuery,,,,,,,SQL,
,,C#,,,,,,,,,,,
,,,Java,JavaScript,,,,,,,,SQL,
C,C++,,,JavaScript,jQuery,,,,PHP,,,SQL,
,,,Java,,,,,,,,,SQL,
C,,,Java,,,,,Objective-C,,,,SQL,
,,,Java,JavaScript,,,,,,,,,vxml
C,,,,JavaScript,,,,,,Python,,SQL,
,,C#,,,,,,,,,,SQL,
C,C++,,Java,,,,,,,Python,Ruby,SQL,perl
C,C++,C#,,,,,,Objective-C,,,,,
,,C#,Java,,,,,Objective-C,,,,,
,C++,C#,,,jQuery,,,Objective-C,,Python,,,
,,,,JavaScript,jQuery,,,,PHP,,,SQL,
,,C#,,JavaScript,jQuery,,,,,,,SQL,
,,C#,,JavaScript,jQuery,,,,,,,SQL,
C,C++,,,JavaScript,,,,,,Python,,SQL,
,,C#,,JavaScript,jQuery,,,Objective-C,,,,SQL,
,,,Java,,,,,,,Python,,SQL,OpenERP
C,C++,C#,Java,JavaScript,,,,,,,,SQL,
,,C#,Java,JavaScript,jQuery,,,,,,,SQL,
,,,,,,,,,,,,,
,,,,,,,,,,,,,
,,,,,,,,,,,,,
,,,,JavaScript,jQuery,,,,PHP,,,SQL,
,,,,,,,,,,,,,
,,,Java,JavaScript,,,,,,Python,,SQL,
C,C++,C#,Java,JavaScript,,,,,,,,,
C,C++,C#,Java,JavaScript,jQuery,,,,,,,,Backbone.js
,,,Java,,,,,,PHP,,,SQL,
,,,,JavaScript,jQuery,,,Objective-C,PHP,,,,HTML
,,,Java,JavaScript,jQuery,,,,,,,SQL,
,,,,,,,,,,,,,
C,C++,,,,,,,Objective-C,,,,,
,,,,,,,,,,,,,
,,C#,,JavaScript,jQuery,,Node.js,,PHP,,,SQL,
,C++,,,JavaScript,,,,Objective-C,,,,,
C,C++,C#,Java,,,,,,,Python,,SQL,
,,,,JavaScript,jQuery,,,,,,Ruby,SQL,
,C++,,,,,,,Objective-C,,,,,
,,,Java,JavaScript,jQuery,,,,PHP,,,SQL,
C,C++,,Java,JavaScript,jQuery,,,,PHP,Python,,SQL,
,,,,,,,,Objective-C,,,,,
,,,,,,,,,,,,,
,,,,,,,,,,,,,
,,,,JavaScript,jQuery,,,,PHP,,,SQL,
,C++,,Java,,,,,,,,,SQL,Delphi (Pascal)
C,C++,,Java,,,,,,,,,,
,,,Java,JavaScript,jQuery,,,,,,,SQL,
,,C#,,,,,,,,,,SQL,"vbs, pml"
,,,,,,,,,,,,,
C,C++,,,,,,,,,Python,,,
C,C++,,,JavaScript,jQuery,,,Objective-C,PHP,,,,titanium
,,,,JavaScript,jQuery,,,,PHP,,,SQL,
,C++,C#,Java,,,,,,,,,,
,,,Java,JavaScript,jQuery,,Node.js,,PHP,Python,Ruby,,
,,,,,,,,,,,,,
,,,Java,,,,,,,,,,
,,,,JavaScript,,,,,,,,,Lotus Notes
,,,,,,,,,,,,,
,,C#,,JavaScript,jQuery,,,,,,,,
C,C++,,Java,,,,,,,Python,,,
,,,Java,JavaScript,jQuery,,,,PHP,,,SQL,PERL
C,C++,,Java,,,,,Objective-C,,,,,
,,,,,,,,,,,,,
,,,,,,,,,,,,,
,,,Java,,,,,,PHP,Python,,,
,,,,,jQuery,,,,PHP,,,SQL,
,,,,,,,,,,,,,
,,C#,,JavaScript,jQuery,,,,,,,SQL,
C,,,Java,JavaScript,,,,,,Python,,,
,,,,,,,,,PHP,Python,,,
,,,,JavaScript,jQuery,,,,PHP,,,,
,,C#,,,jQuery,,,,,,,,
C,C++,C#,,JavaScript,jQuery,,,,,,,SQL,vb6
,,,,JavaScript,jQuery,,,,,Python,,,
,,,,,,,,,,,,,
C,C++,C#,,,,,,,,Python,,,
,,C#,,JavaScript,jQuery,,,,,,,SQL,
,,C#,,JavaScript,jQuery,,,,,,,SQL,
,,C#,Java,JavaScript,jQuery,,,,,,,SQL,
,C++,,Java,JavaScript,,,,Objective-C,,,Ruby,,
C,C++,,,,,,,,,,,,
,,,Java,,,,,,,,,SQL,
,C++,,,,,,,,PHP,Python,,,shell script
,,C#,,JavaScript,jQuery,,,,,,,SQL,css
,,,,,,,,,,,,,
,,,,,,,,,PHP,,,SQL,
,C++,,,JavaScript,jQuery,,,,PHP,,,SQL,flash air
,,,Java,JavaScript,jQuery,,,,,,,SQL,
C,C++,C#,Java,,,,,Objective-C,,,,SQL,Turbo Pascal
,,,Java,,,,,,,,,,
,,,,,,,,Objective-C,,,,,
,,,,,,,,,,,,,
,,C#,,,,,,,,,,SQL,
,,,,,,,,,,,,,
,,C#,,JavaScript,,,,,,,,SQL,
,,,Java,,jQuery,,,,,,,,
,,C#,,,,,,,,,,,
,,,Java,JavaScript,jQuery,,,,,,,SQL,
,,,,JavaScript,jQuery,,,,PHP,,,SQL,
C,C++,,Java,JavaScript,jQuery,,,,PHP,Python,,SQL,neo4j
,C++,,,,,,,,,Python,,,LaTeX
,,C#,,,,,,,PHP,,,,
,,,Java,,,,,Objective-C,,,,SQL,
C,C++,,Java,,,,,,,,,,shell script
,C++,,,JavaScript,jQuery,,,,PHP,,,SQL,
,,,,JavaScript,jQuery,,,,PHP,,,,
,,,Java,JavaScript,,,,,,,,SQL,
,,,,,,,,,,,,,
,,,,,,,,,,,,,
,,C#,,JavaScript,,,,,,,,SQL,
,,,Java,,jQuery,,,,,,,,
,,,Java,JavaScript,jQuery,,,,PHP,,,SQL,
,,,,,,,,,,,,,
,,,,,,,,,,,,,
,,,,JavaScript,jQuery,,,,,,,,
,,,,,,,,,,,,,
,,,Java,JavaScript,jQuery,,,,,,,SQL,
,,,Java,JavaScript,jQuery,,,,,,Ruby,,CoffeeScript
,,,,,,,,,,,,,vb
,,C#,Java,JavaScript,jQuery,,,Objective-C,PHP,,,SQL,
,,,,,,,,,,Python,,SQL,
C,,C#,,,,,,,,,,,
C,C++,,Java,,,,,,,,,,
,,C#,,,,,,,,,,,
,,,Java,JavaScript,,,,,,,,SQL,
,,,,JavaScript,jQuery,,,,PHP,,,SQL,"asp, Visual Basic (for MS Access)"
,,,Java,,,,,,,,,,
,,,Java,,jQuery,,,,PHP,,,,
C,C++,C#,Java,JavaScript,jQuery,,Node.js,Objective-C,PHP,Python,,,
,,,,,,,,,PHP,,,,
,,,,,,,,,,,,,
C,C++,,,,,,,,,Python,,,
C,C++,C#,,,,,,,,Python,,,
,,,Java,JavaScript,jQuery,,,,,Python,,SQL,
,,,Java,JavaScript,jQuery,,Node.js,Objective-C,,,,,
,C++,,Java,,,,,,,,,,Scala
C,C++,,,,,,,,,,,,Fortran
,,,,,,,,,,,,,
,,,,,,,,,,,,,
,,,,,,,,,,,,,
,,,,,,,,,,,,,
,C++,C#,,,,,,,,,,,
,,,,,,,,,,,,,
,,,,JavaScript,jQuery,,,Objective-C,PHP,Python,,SQL,
,,,Java,,,,,,,,,,
,,,Java,JavaScript,,,,,,,,,
,,,,,,,,,,,,,
C,C++,C#,Java,JavaScript,jQuery,,,Objective-C,,Python,,,
,,,Java,JavaScript,jQuery,,,,,,,SQL,
,,,,JavaScript,jQuery,,,Objective-C,,,Ruby,,
,,C#,Java,,jQuery,,,,,,,SQL,
,,,,,,,,,,,,,
,,C#,,JavaScript,,,Node.js,,,Python,Ruby,SQL,
,,C#,,JavaScript,jQuery,,,,,,,SQL,
,,,Java,,,,,,,,,,
,,,,,,,,,,,,,
,,,Java,JavaScript,,,,,PHP,,,,Go
,,,,,,,,,,,,,
,,,,,,,,,,,,,bash
,,,Java,,,,,,,Python,,,SML
,,,,JavaScript,jQuery,,Node.js,,PHP,,,,
,,,,JavaScript,jQuery,,,,PHP,,,SQL,
,,C#,,JavaScript,jQuery,,,,,,,SQL,
,,,,,,,,,,,,,
,,,,JavaScript,jQuery,,,,PHP,,,SQL,
C,,,Java,JavaScript,jQuery,,,,,Python,,SQL,Perl
,,,Java,,,,,,,,,,
,C++,,,JavaScript,jQuery,,,,PHP,,,SQL,"HTML, CSS, d3.js"
,,,,,,,,,,,,,
,,C#,Java,JavaScript,jQuery,,,,PHP,,,SQL,
,,,,,,,,,,,,,
,,,,,,,,,,,,,
,,C#,,,,,,,,,,SQL,
,,,,,,,,,,,,,
,,,,JavaScript,jQuery,,,,PHP,,,SQL,
,,,,,,,,,,,,,
,,,,,,,,,,,,,
,,,,JavaScript,jQuery,,,,,,,SQL,VB.NET
,,,,JavaScript,jQuery,,,,,Python,,SQL,SAS
,,,,,,,,,,,Ruby,,
,,,Java,,,,,,,,,SQL,
,,,,JavaScript,,,,,,Python,,,
,,,,JavaScript,,,,,,,Ruby,,
C,C++,C#,Java,,,,,,,,,,
,,,Java,JavaScript,jQuery,,Node.js,,,,,,
,,C#,,JavaScript,,,,,,,,,delphi
,,C#,Java,JavaScript,jQuery,,,,,Python,,,
,,,Java,,,,,,,,,SQL,
C,,,,,,,,,,Python,,,
C,C++,,,,,,Node.js,,,,,,Delphi
,,C#,Java,JavaScript,,,,,,,,,
,,,,,,,,Objective-C,,Python,,SQL,
,,C#,,JavaScript,jQuery,,,,,,,,VB.Net; VB6;
,,,,,,,,,,,,,
,C++,,,,,,,,,,,,
,,C#,,,,,,,,,,,ABAP
,,C#,,JavaScript,jQuery,,,Objective-C,PHP,,,SQL,"VB.NET, ASPX"
C,C++,,,,,,,Objective-C,,Python,,,"Assembly, HTML/CSS"
,,,,,,,,,,,,,
,,,,,,,,,,,,,
,,,,,,,,,,,,,
,,C#,,,jQuery,,,,,,,SQL,
,,,Java,JavaScript,,,,,,,,,
C,C++,,Java,JavaScript,jQuery,,,,,Python,,,
,,C#,,JavaScript,jQuery,,,,,,,,
,,,,JavaScript,jQuery,,Node.js,,,,,,
,,,Java,JavaScript,,,,,,,,,
,,,Java,,,,,,,,,,
,,C#,,JavaScript,jQuery,,,,,,,SQL,
C,C++,,Java,JavaScript,jQuery,,,Objective-C,,,,,
,,C#,Java,JavaScript,jQuery,,,Objective-C,,,,,
C,C++,,,,,,,,,,,,
,,,,,,,,,,,,,
,C++,,,JavaScript,jQuery,,,,PHP,,,,
,,C#,Java,,,,,,,,,,
,,,,,,,,,,,,,
,,C#,,,,,,,,,,SQL,
,,,,,,,,,,,,,
,,,,,,,,Objective-C,,,,,
,,C#,,JavaScript,,,,,,,,SQL,
,C++,C#,,JavaScript,jQuery,,,,,,,SQL,
,,,,,,,,Objective-C,,,,,
,,,Java,JavaScript,jQuery,,,,,,,,
C,C++,C#,,JavaScript,jQuery,,Node.js,,,,,,
C,,,Java,JavaScript,,,,,,Python,,,R
C,C++,,Java,JavaScript,,,,,PHP,Python,,,
,,,,,,,,,,,,,
,,C#,,JavaScript,jQuery,,,,,,,SQL,
,,C#,Java,,,,,,PHP,,,SQL,VB.NET
C,C++,,Java,,,,,Objective-C,,,,SQL,
,,,,,,,,,,,,,
C,,,Java,JavaScript,jQuery,,,Objective-C,PHP,,,SQL,
,,C#,,JavaScript,jQuery,,Node.js,,,,,SQL,
,,C#,Java,JavaScript,jQuery,,,,PHP,,,SQL,Visual Basic .net
,,C#,,JavaScript,jQuery,,,Objective-C,PHP,,,SQL,
,,C#,,JavaScript,jQuery,,,Objective-C,,,,SQL,
,,C#,,JavaScript,,,,,,,,SQL,Dojo
,,,,,,,,,,,,,
C,C++,C#,Java,,,,,Objective-C,,,,SQL,
C,,,Java,JavaScript,jQuery,,Node.js,Objective-C,PHP,,,SQL,
,,,,,,,,,,,,,"Mathematica, COMSOL"
C,,,Java,JavaScript,jQuery,,,,PHP,Python,,SQL,
,,C#,,,,,,,PHP,,,SQL,
,,,Java,JavaScript,,,,,,,,SQL,
,,,,JavaScript,jQuery,,,,PHP,,,,
C,C++,C#,,,,,,,,,,SQL,Perl
,,,,JavaScript,jQuery,,,,PHP,Python,,,
,,,,,,,,,,,,,
,,,,,,,,,,,,,
C,C++,,,,jQuery,,,Objective-C,PHP,Python,Ruby,SQL,assembler
,,,,,,,,,,,,,
,,,,,,,,,,,,,
,,C#,Java,,,,,,,,,,
C,C++,C#,Java,JavaScript,jQuery,,,Objective-C,PHP,,,SQL,
,,,,,,,,,,,,,
C,C++,,Java,,,,,,,Python,,,
,,,,,,,,,,,,,
,,,,JavaScript,jQuery,,Node.js,,PHP,,,SQL,
,,,Java,JavaScript,jQuery,,,,,,,SQL,
,,,,,,,,,,,,,
,,,,,,,,,,,,,
,,,Java,JavaScript,jQuery,,,,,Python,,SQL,APEX
,,,Java,JavaScript,jQuery,,,,,,,,
C,C++,,Java,JavaScript,jQuery,,Node.js,,PHP,,Ruby,SQL,
C,C++,,,,,,,,,,,,
C,C++,,Java,JavaScript,,,,,,Python,Ruby,,
,C++,C#,Java,JavaScript,jQuery,,,,,Python,,SQL,
,,,Java,,,,,,,,,,
,,,,,,,,,,,,,
,,C#,,JavaScript,jQuery,,,,,,,,
,,,Java,JavaScript,jQuery,,,Objective-C,PHP,,,SQL,"My SQL, HTML, JSF"
,,C#,Java,,jQuery,,,,PHP,,,SQL,
,,C#,Java,,,,,,,,,,
,,C#,,,,,,,,,,SQL,
,,,,JavaScript,jQuery,,,,PHP,,,SQL,Actionscript
,,,,,,,,,,,,,
C,,,,,,,,Objective-C,,,,,
,,,,JavaScript,jQuery,,,,PHP,Python,Ruby,,
,C++,,Java,JavaScript,jQuery,,,,PHP,,,SQL,
,,,Java,JavaScript,,,,,,,,,"CSS, Velocity"
,,,,,,,,,,,,,
,,,,,,,,,,,,,
,,C#,,,,,,,,,,,
,,C#,,,,,,,,,,SQL,
,,,,JavaScript,jQuery,,,,,,Ruby,,
,,,,,,,,,,,,,R
C,C++,,,,,,,,,Python,,,
,,C#,,,,,,Objective-C,,,Ruby,,
,,,,,,,,,,,,,
,,,,,,,,,,,,,
C,C++,,,,,,,Objective-C,,,,,
,,,,,,,,,,,,,
,C++,C#,Java,JavaScript,jQuery,,,,PHP,Python,,,
C,,,,,,,,,,,,,
,C++,,Java,,jQuery,,,,PHP,,,SQL,
,,,,,,,,,,Python,,,
,,,Java,,,,,,,,,SQL,
,C++,,Java,JavaScript,,,,,,,,,
C,C++,,,,,,,Objective-C,,,,,
,,,,JavaScript,jQuery,,,,PHP,,,,mysql
,,,,,,,,,,,,,
,,,,,,,,,,,,,
,,C#,,,,,,,,,,,
,,C#,,JavaScript,jQuery,,,,,,,SQL,
C,C++,,Java,JavaScript,jQuery,,,,PHP,Python,,SQL,
,,,Java,JavaScript,jQuery,,,,PHP,,Ruby,SQL,
,,,,,,,,,,,Ruby,,
,,,,,,,,,,Python,,,R
,,,,,,,,,PHP,,,,
,,,,,,,,,,,,,
,,,,JavaScript,jQuery,,Node.js,,PHP,,,SQL,
,,,,JavaScript,jQuery,,,Objective-C,,,Ruby,SQL,
,,C#,,JavaScript,jQuery,,Node.js,,,,,SQL,
C,,,,,,,,,,,,,
,,,,,,,,,,,,,
,,,Java,JavaScript,,,,,,,,,
,,,,,,,,,,,,,
,,C#,,JavaScript,,,,,PHP,,Ruby,,
,,,Java,JavaScript,jQuery,,,Objective-C,,Python,Ruby,,
,C++,C#,,JavaScript,,,,,,,,SQL,
C,C++,,Java,JavaScript,,,,Objective-C,,,,,
C,C++,,Java,JavaScript,jQuery,,,Objective-C,PHP,,,SQL,
,C++,,,JavaScript,jQuery,,Node.js,,,,,SQL,
,,,,,,,,,PHP,,,SQL,
,,,,JavaScript,,,,,PHP,Python,,SQL,
,,,Java,JavaScript,jQuery,,,,PHP,,,SQL,
,C++,,,,,,,,,Python,,,
,,,,,,,,,,,,,
C,C++,,Java,,,,,,,,,,
,C++,C#,,,,,,,,,,,
,,C#,,JavaScript,,,,,,,,,Delphi
,,,,,,,,,,,,,brainfuck
,,C#,,,,,,,,,,,
C,C++,,,,,,,,,,,,
,,C#,,,,,,,,,,,
,,,Java,JavaScript,jQuery,,,,PHP,,,SQL,
,,,,,,,,,,,,,
C,,,Java,JavaScript,jQuery,,Node.js,,,,,,
C,,,Java,,jQuery,,,,PHP,Python,Ruby,SQL,
,,C#,Java,JavaScript,jQuery,,,,PHP,,,SQL,"vb, fortran"
C,C++,,Java,,,,,,,,Ruby,,
,,,,,,,,,,,,,
C,,C#,Java,JavaScript,jQuery,,,Objective-C,PHP,,,,
,,,,JavaScript,jQuery,,,,PHP,,,,
,,,,JavaScript,jQuery,,Node.js,,PHP,Python,Ruby,,
,,,,,,,,,,,,,
,,,,JavaScript,,,,,PHP,,,SQL,1C
,C++,,,,,,,,,,,,
,,C#,Java,,,,,,,,,SQL,X++
,,,,,,,,,,,,,
,,C#,Java,JavaScript,jQuery,,Node.js,,PHP,,Ruby,SQL,
C,,,Java,JavaScript,,,Node.js,Objective-C,PHP,,,SQL,objective-j/cappuccino
,,,Java,,,,,,,,,,"actionscript-3, Scala"
,C++,,,,,,,,,,,,perl
,,,Java,,,,,,,,,,
,C++,,,,,,,Objective-C,,,,,
,,C#,,,,,,,,,,SQL,MDX
C,,,,,,,,,,Python,,,
,,C#,,JavaScript,jQuery,,,,,,,SQL,VB.NET
,,C#,,JavaScript,jQuery,,,,,,,SQL,
C,C++,C#,Java,JavaScript,,,,,,,,SQL,ASP.Net
,,,,JavaScript,jQuery,,,,,Python,Ruby,,
,C++,C#,,,,,,,,,,,Perl
,,,Java,,,,,,,,,SQL,
,,,Java,,,,,,,,,SQL,"spring , hibernate"
,,,,,,,,,,,,,
,C++,,Java,,,,,,,,,,ActionScript3
,,C#,Java,JavaScript,jQuery,,,,PHP,,,SQL,
,C++,,,,,,,,,Python,,,
,,,,,,,,Objective-C,,,,,
,,,Java,JavaScript,,,,,,,,SQL,
,,C#,,,,,,,,,,SQL,"Silverlight, WPF, XAML"
,,C#,,JavaScript,jQuery,,,,,,,SQL,
,,,,JavaScript,,,,,PHP,,Ruby,,
,,,,,,,,,,,Ruby,,
,,,Java,JavaScript,,,,,,,,,Visual Basic
,,,Java,JavaScript,jQuery,,,Objective-C,,,Ruby,,"haskell, clojure. go"
,,,,,,,,,,Python,,SQL,
,,C#,,,,,,,PHP,,,SQL,
,,C#,Java,,,,,,,Python,,SQL,
,,,Java,JavaScript,jQuery,,,,,,,SQL,
,,C#,,JavaScript,jQuery,,,,,,,SQL,
C,,,,,,,,,,Python,,,
C,C++,,Java,JavaScript,,,,Objective-C,PHP,Python,,SQL,Mathematica
,,,Java,JavaScript,jQuery,,,,,,,SQL,
,,,,,jQuery,,,,PHP,,,SQL,
,,,,JavaScript,,,,Objective-C,PHP,,,,
,,,,JavaScript,jQuery,,,,PHP,,,,
,,,,JavaScript,jQuery,,,,PHP,,,,
,,C#,,,,,,,,,,SQL,
,,,,,,,,,,,,,
,,C#,,,,,,,,,,SQL,
,,,,,,,,,,,,,
,,,,,,,,,,,,,
C,,,Java,JavaScript,jQuery,,,Objective-C,PHP,,,SQL,
,C++,,Java,,,,,,PHP,,,SQL,flex
,,,,,,,,,,,,,
,,,,,,,,Objective-C,PHP,,,SQL,
,,C#,,,,,,,,,,,
,C++,,,JavaScript,,,Node.js,,,Python,,,
,C++,C#,Java,JavaScript,jQuery,,,,PHP,Python,,SQL,
,,,,,,,,,,,,,
,,,,,,,,,,,,,
,,,,JavaScript,jQuery,,,,PHP,,,SQL,
,C++,,Java,JavaScript,jQuery,,,,PHP,,Ruby,,
,C++,,,JavaScript,jQuery,,Node.js,,PHP,Python,,,
,,,,,,,,,,,,,
,C++,C#,,JavaScript,jQuery,,,,PHP,,,SQL,VB.NET
C,C++,C#,,,,,,,,,,,
C,C++,,,,,,,,,,,SQL,perl
,,C#,Java,,,,,,,Python,Ruby,SQL,"clojure, scala"
,,,,,,,,,,,,,
,,,,,,,,,PHP,,,SQL,
,,,,JavaScript,jQuery,,,,PHP,,,SQL,
C,,,Java,JavaScript,,,,,PHP,Python,,SQL,
,,,Java,JavaScript,,,,,,Python,,SQL,
,,C#,,,,,,,,,,,
,,,,JavaScript,,,,,PHP,,Ruby,,Dart
,,,Java,,,,,,,,,SQL,
,C++,,Java,JavaScript,jQuery,,,,,,,,
C,C++,C#,Java,,,,,,,Python,,,
,,C#,,,,,,,,Python,,,
,,,,,,,,,,Python,,SQL,Oracle PL/SQL
C,C++,,Java,JavaScript,jQuery,,,,PHP,Python,Ruby,SQL,J
,,,,JavaScript,jQuery,,,,PHP,,,,
C,C++,,Java,JavaScript,jQuery,,,,PHP,,,SQL,ASM-ARM
,,C#,,JavaScript,jQuery,,Node.js,,PHP,,,SQL,
,,,,,,,,,,,,,
,,C#,,JavaScript,jQuery,,,,,,,SQL,Razor
,,C#,Java,JavaScript,jQuery,,,,,,,SQL,PhoneGap
C,,,,,,,,,,,,,Bash
,C++,,,JavaScript,,,,,,Python,,,
,,,,,,,,,,,,SQL,VB.NET
C,,,,JavaScript,jQuery,,,,PHP,,Ruby,SQL,
C,C++,,,,,,,,,Python,,SQL,
,,,,,,,,,,,,,
,C++,,Java,JavaScript,jQuery,,,Objective-C,PHP,,,,
,,,Java,,,,,,,,,,
C,C++,,Java,,,,,,,Python,,,
C,,,Java,JavaScript,jQuery,,,,,,,SQL,
,,C#,,,,,,,,,,SQL,
,,,,,,,,,,,,,
,,,,JavaScript,,,,,PHP,,,SQL,
,,C#,Java,,jQuery,,,,PHP,,,SQL,
,,,Java,,,,,Objective-C,PHP,,,,
,,,,,,,,,,,,,
,,,,JavaScript,jQuery,,,,PHP,,,SQL,
,,,Java,JavaScript,jQuery,,,,,Python,,,
,,C#,,,,,,,,,,,
,,C#,Java,JavaScript,jQuery,,,,,Python,,SQL,
,,,,,,,,,,,,,
,,,,JavaScript,jQuery,,Node.js,,PHP,,Ruby,SQL,
,,,,,,,,,,,,,
,,,,,,,,,,,,,
C,C++,,Java,,,,,,PHP,,,SQL,
,,,Java,,,,,Objective-C,,,,,
,,,Java,,jQuery,,,,PHP,,,SQL,BPMN
,,C#,,,,,,,,Python,,SQL,
,,C#,,,,,,,,,,,
,,,,,,,,,,,,,
C,C++,C#,Java,JavaScript,jQuery,,,,PHP,,,SQL,
,,,,,,,,,,,,,
,,C#,,,,,,,,,,SQL,F#
,,C#,,JavaScript,jQuery,,,,,,,SQL,
,,,Java,,,,,,,,,SQL,
,,,,JavaScript,jQuery,,,,,,Ruby,SQL,
,,,,JavaScript,jQuery,,,,PHP,,,SQL,
C,,,Java,,,,,,PHP,,,SQL,
C,C++,C#,,JavaScript,,,,,,,,SQL,"HTML,XHTML,CSS"
,,,Java,JavaScript,jQuery,,,,PHP,,,SQL,"HTML, CSS, MongoDB, prolly more"
,,C#,,JavaScript,jQuery,,,,,,,SQL,
,,,,,,,,,,,,,
,,C#,,JavaScript,jQuery,,,,,,,SQL,
,,C#,,JavaScript,jQuery,,,,,,,SQL,VB.net
,,,,JavaScript,,,,,,,Ruby,,
,,,Java,,,,,,,,,,
,,C#,,,,,,,,,,SQL,
,,,,,,,,,,,,,
,C++,,Java,,,,,,,,,,
,,,,,,,,,,,,,
,,,,,jQuery,,,,,Python,,,
,C++,,,,,,,,,Python,,,"go, bash"
,,,Java,,,,,,,,,,
,,,,,,,,,,,,,
,,,,,,,,,,,,,
,,,Java,,,,,,,,,,
,,,Java,JavaScript,jQuery,,,,PHP,,Ruby,SQL,
C,C++,C#,Java,JavaScript,jQuery,,Node.js,,PHP,Python,,SQL,
,,,Java,,,,,,,,,SQL,
,,C#,,JavaScript,jQuery,,,,,,,SQL,
,,C#,,JavaScript,jQuery,,,,,,,,
,,,,JavaScript,jQuery,,,Objective-C,PHP,,,,
,,C#,,,,,,,,Python,Ruby,,
,,,,JavaScript,jQuery,,,,,,,,
,,C#,,JavaScript,,,,,PHP,,,SQL,
,,,,,,,,,,,,,
,,C#,,JavaScript,jQuery,,Node.js,,PHP,Python,,SQL,
,,,,JavaScript,jQuery,,,,,,,,
,C++,C#,,,,,,,,,,SQL,
,,,,,,,,,,,,,
,,,,,,,,,,,,,
,,C#,,JavaScript,jQuery,,,,,,,,
,,,,,,,,,,,,,
,,,Java,,,,,,,,,SQL,
,,,,JavaScript,jQuery,,,,PHP,,,SQL,
,,C#,,JavaScript,jQuery,,,,PHP,Python,,SQL,Go
,,C#,,JavaScript,jQuery,,,,,,,SQL,
C,C++,,Java,JavaScript,,,,,,,,,"Android, Sencha"
,,,,,,,,,,,,,
,,,,,,,,,,,,,
,,,Java,JavaScript,jQuery,,,,,Python,Ruby,SQL,
,C++,,Java,,,,,Objective-C,,,,SQL,
C,C++,,,,,,,,,,,,erlang
C,C++,,Java,JavaScript,jQuery,,,,PHP,Python,,SQL,
,,,,,,,,,,,,,
,,,,,,,,,,,,,
,,,Java,,,,,,,,,SQL,
,,,,,,,,,,,,,
,,C#,,,,,,,PHP,,,,VB6
C,,,Java,JavaScript,jQuery,,,,,Python,,SQL,
,,C#,,JavaScript,jQuery,,,,,,,SQL,"Html, Css"
,,,,,,,,,,,,,
,,C#,Java,JavaScript,jQuery,,,,,,,SQL,"groovy, xml, xquery"
C,C++,,,JavaScript,jQuery,,,,,,,SQL,
,,,Java,,jQuery,,,,,,,,
,,,,JavaScript,,,,Objective-C,,,,SQL,Visual Basic
,,,Java,JavaScript,jQuery,,,,,,Ruby,SQL,
,,,,,,,,,,,,,
,,,,JavaScript,jQuery,,,,,,,SQL,abap
,C++,,,JavaScript,jQuery,,,Objective-C,PHP,Python,Ruby,SQL,
,,,Java,,,,,Objective-C,,,,SQL,
,,,Java,JavaScript,jQuery,,,,PHP,Python,,,
,,,,,,,,,,,,,
,,,,,,,,,,,,,
,C++,C#,,JavaScript,jQuery,,,,PHP,,,SQL,
,,C#,,JavaScript,jQuery,,,,PHP,Python,,SQL,
C,C++,,,,,,,,PHP,Python,,,
,C++,,Java,,jQuery,,,,PHP,,,SQL,
,,,,,,,,,PHP,,,SQL,
,,,,,,,,,,,,,
,,,,,,,,,,,,,
,,,,JavaScript,jQuery,,,,,,Ruby,SQL,
,,,Java,,,,,,,,,,erlang
C,,C#,,,,,,Objective-C,,,,,
,,C#,,JavaScript,jQuery,,,,,,,SQL,
C,,,,JavaScript,jQuery,,,,PHP,,,SQL,
C,C++,C#,,,,,,,,,,SQL,VBA
,,C#,,JavaScript,jQuery,,,,,,,SQL,
,,,,JavaScript,jQuery,,,,PHP,,,SQL,"ext.core, sass"
,,C#,,,,,,,,Python,,,tcl
,,,Java,,,,,,,,,SQL,
,,,,,,,,,,,,,FORTRAN
,,,Java,JavaScript,,,,,,,,,"GWT, GXT"
,,,Java,JavaScript,jQuery,,,,PHP,,Ruby,SQL,
,,,,JavaScript,jQuery,,,,PHP,,Ruby,SQL,
,,C#,Java,,,,,,,,,,
,,C#,Java,,jQuery,,,,,,,SQL,
,,C#,,JavaScript,,,,Objective-C,,,,,
,,C#,Java,,jQuery,,,,,,,SQL,
C,C++,C#,Java,,,,,,,,Ruby,SQL,
,,,,,,,,,,,,,
,,,,,,,,,,,,,
C,,,,,,,,Objective-C,,,,,
,,,,,,,,,,,,,
,,,Java,JavaScript,jQuery,,,,PHP,,,SQL,
,,,,,,,,,,,,,
,C++,,,JavaScript,,,,,,,,,
,,,,,,,,,,,,,R
,C++,,Java,,,,,,,,,,
,,C#,,JavaScript,jQuery,,,,,,,SQL,
,,,,,,,,,,,,,
,,,,JavaScript,jQuery,,,,,Python,,,
,,,,,,,,,,,,,
,,,,,,,,,,,,,
,,,,,,,,,,,,,
,,C#,,JavaScript,,,,,,Python,,,"F#, IronPython"
,,,Java,,,,,,,Python,,,
,,C#,,JavaScript,jQuery,,,,,Python,,SQL,
,,,,JavaScript,,,,,PHP,Python,,,Perl
,C++,,Java,JavaScript,jQuery,,,,,,,,
C,C++,C#,Java,,jQuery,,,Objective-C,PHP,,,SQL,
C,C++,,,JavaScript,,,,,,,,,
,,,,,,,,,,,,,
,,,,JavaScript,,,,,,,,SQL,
,,,,JavaScript,jQuery,,,,,,Ruby,SQL,
,,,Java,JavaScript,,,,,,,,,
,,,,,,,,,,,,,bash
,,C#,Java,JavaScript,jQuery,,,,,Python,,SQL,
,,,,JavaScript,jQuery,,,,PHP,Python,,SQL,
C,,C#,Java,JavaScript,jQuery,,,Objective-C,,Python,,SQL,
,,C#,,JavaScript,jQuery,,,,,,,SQL,
,,,,,,,,Objective-C,,Python,,,
,C++,,,,,,,,,,,,
,,,,JavaScript,jQuery,,,,,,Ruby,,
C,,,,JavaScript,jQuery,,,,,Python,,,
,,,,,,,,,,,,,
,,C#,,,,,,Objective-C,,,,,
,,C#,,JavaScript,,,,Objective-C,PHP,,,,
,,C#,Java,,,,,Objective-C,PHP,,,SQL,
,,C#,,JavaScript,jQuery,,,,,Python,,,Perl
,,C#,Java,,,,,,PHP,,,SQL,
,C++,,,JavaScript,jQuery,,,,PHP,,,SQL,Perl
,,,,,,,,,,,,,
,,,,,,,,,,,,,
,C++,,,JavaScript,jQuery,,Node.js,Objective-C,,,Ruby,SQL,
,,,,,,,,,,,,,
,,C#,,JavaScript,jQuery,,,,,,,SQL,knockoutjs
,,C#,,JavaScript,jQuery,,,,,,,SQL,
C,,C#,Java,JavaScript,jQuery,,,,PHP,,,SQL,
C,C++,,,JavaScript,jQuery,,,,,,,,Qt
,,,,,,,,,,,,,
,,,,JavaScript,,,,,PHP,Python,,,
,,C#,,,,,,,,,,,SDL Tridion
,,C#,,JavaScript,,,,,,,,SQL,
,C++,C#,Java,,,,,,,,,,
,,,,,jQuery,,,,PHP,,,,
C,C++,,,,,,,,,,,,CUDA
,,C#,,JavaScript,jQuery,,,,,,,SQL,
,,C#,Java,,,,,,PHP,,,,
,,,Java,,,,,,,Python,,SQL,
,,C#,,JavaScript,,,,,,,,,"Lisp, Powershell"
C,C++,,,JavaScript,jQuery,,,Objective-C,PHP,,,SQL,
,,,,JavaScript,jQuery,,,,PHP,,,SQL,
,,,,JavaScript,jQuery,,,Objective-C,PHP,,,SQL,
,,,,,,,,,,,,,
,,,,,,,,,,,,,
,,,,JavaScript,jQuery,,,,PHP,Python,Ruby,SQL,
C,C++,,,JavaScript,jQuery,,,,PHP,Python,,SQL,
,,,,,jQuery,,,,PHP,,,,
,,C#,Java,JavaScript,jQuery,,,,PHP,,,SQL,
,C++,C#,,JavaScript,jQuery,,,,PHP,Python,,SQL,Delphi
,C++,,Java,JavaScript,jQuery,,,,PHP,,Ruby,SQL,
,,,,JavaScript,,,,,,,,SQL,
,,C#,,JavaScript,jQuery,,,,PHP,,,,
,,,,JavaScript,jQuery,,Node.js,,PHP,,,,
,,C#,Java,,,,,,,,,SQL,
,,,,,,,,,,,,,
C,,,,,,,,Objective-C,,,Ruby,,
,,,,,,,,,,,,SQL,Delphi
,,,,JavaScript,,,,,,,,,LotusScript
,C++,C#,,JavaScript,jQuery,,,,,,,,
C,C++,,,,,,,,,Python,,,
,,,,,,,,,,,,,
,,,,JavaScript,,,,,,Python,,,
,,,,,,,,,,,,,
,,,,,,,,,,,,,
,,,,JavaScript,jQuery,,,,,,Ruby,,
C,C++,,Java,JavaScript,jQuery,,,,PHP,Python,,,
,,,,,,,,,,,,,
,,,Java,JavaScript,jQuery,,,,,,,,
,C++,C#,Java,JavaScript,jQuery,,,,PHP,,,SQL,
C,C++,,Java,JavaScript,,,,,,Python,,,
C,,,Java,JavaScript,,,,,,Python,,,
,,C#,,,,,,,PHP,Python,,,
,,C#,,,,,,,PHP,,,SQL,"Oracle, MS SQL"
,,,,,,,,,,,,,
,,,,,,,,,,Python,,,"Haskell, Common Lisp"
,,,,,,,,,,,,,
,,C#,Java,,,,,,,Python,,SQL,MATLAB
C,C++,,,JavaScript,jQuery,,,Objective-C,PHP,,,SQL,
,C++,,Java,JavaScript,jQuery,,,,PHP,,,SQL,
,,,,,,,,,,,,,
C,C++,,Java,JavaScript,jQuery,,,,PHP,Python,,SQL,
,,C#,,JavaScript,,,,,PHP,,,SQL,
C,C++,,Java,,,,,,,,,SQL,make
C,C++,C#,,JavaScript,jQuery,,,Objective-C,,,Ruby,SQL,
,,,,,,,,,,,,,
,,,Java,JavaScript,jQuery,,Node.js,,,,Ruby,SQL,
,,C#,Java,JavaScript,,,,,PHP,,,SQL,
,,,,,,,,,,,,,
C,,,,,,,,,,Python,,,"shell, haskell, lisp"
,,,,,,,,,,,,,
,,C#,,JavaScript,jQuery,,,,,,,SQL,
,,C#,,,,,,,,,Ruby,,
,,,,JavaScript,jQuery,,,,,Python,Ruby,SQL,
,,,,JavaScript,,,,,,Python,,SQL,
,,,Java,JavaScript,jQuery,,,,PHP,Python,,SQL,
,,,,,,,,,,,,,
,,C#,Java,JavaScript,jQuery,,Node.js,,,,,,LISP R
,,C#,Java,JavaScript,,,,Objective-C,PHP,,,SQL,
,,,,,,,,,,,,,
,,,,JavaScript,jQuery,,,,PHP,,,SQL,
,,C#,,JavaScript,jQuery,,Node.js,,,,,,
,,,,,,,,,,,,,
,,,,,,,,,,,,,
,,C#,Java,JavaScript,jQuery,,,,PHP,,,SQL,
C,,,,JavaScript,jQuery,,,,PHP,,,SQL,Lazarus Pascal
C,C++,,,JavaScript,jQuery,,,,PHP,,,SQL,
,C++,C#,Java,,,,,Objective-C,,,,SQL,
C,C++,,,,,,,,,,,,
C,C++,C#,Java,,,,,Objective-C,,,,,
,,C#,,JavaScript,jQuery,,,,,,,SQL,
,,,,,,,,,,,,,
,C++,C#,,JavaScript,jQuery,,,,,,,SQL,
C,C++,C#,Java,,jQuery,,,Objective-C,PHP,,,SQL,
,,,,JavaScript,jQuery,,,,PHP,Python,,SQL,
,,,,,,,,,,,,,
,,,Java,,,,,,,,,,
,,C#,,JavaScript,jQuery,,Node.js,Objective-C,PHP,Python,Ruby,SQL,
,C++,,,JavaScript,jQuery,,,,,,Ruby,SQL,
,,,,,,,,,,,,,
C,,,,,,,,,,,,,"Pascal, Lua"
,,,Java,,,,,,,,,,
,,,,,,,,,,Python,,,
,,,,,,,,,,,,,
,,,Java,JavaScript,jQuery,,,,,,,SQL,
,,,,,,,,,,,,,
,,,,,,,,,,,,,sas
,,C#,Java,,,,,,,,,,
C,C++,C#,Java,,,,,,,,,,
,,,,,,,,,,,,,
,,,,,,,,,,,,,
,,,,,,,,,,,,,
,,,,,,,,,,,,,
,C++,,,,,,,,,Python,,SQL,
,,,Java,JavaScript,jQuery,,,,,,,SQL,
C,C++,C#,Java,,,,,,,Python,,,
,,C#,,JavaScript,jQuery,,,,,,,SQL,VB.NET
,,,Java,JavaScript,jQuery,,,,,,,SQL,
,,C#,,JavaScript,jQuery,,,,,,,,
,,,,,,,,,,,,SQL,"R, SAS"
,,C#,,JavaScript,jQuery,,,,,,,SQL,
,,,,JavaScript,jQuery,,,,PHP,,,,
,,,,,,,,,,,,,
,,C#,,JavaScript,jQuery,,,,PHP,,Ruby,SQL,
C,C++,,,,,,,,,,,,sahell scripting
,,,,,,,,,,,,,
,,C#,,JavaScript,,,,,,,,SQL,
C,,,,JavaScript,jQuery,,,,,,Ruby,,
,,,Java,,,,,,,,,,Android
,,,,JavaScript,jQuery,,,Objective-C,,Python,Ruby,,
,,,Java,,,,,,PHP,,,,
,,,Java,JavaScript,,,,,,,,,
,,,,,,,,,,,Ruby,,
,,,Java,,,,,,,,,,
C,,,Java,JavaScript,,,,,,Python,,,LaTeX
,,,,JavaScript,jQuery,,,,PHP,,,,
,C++,C#,Java,,,,,,,,,SQL,lua
,C++,,Java,JavaScript,jQuery,,,,,,,SQL,Ext JS
,,,,JavaScript,,,,Objective-C,,,,,
,,,Java,JavaScript,,,,,,,,,
,,,,,,,,Objective-C,PHP,,,SQL,
C,C++,,,,,,,Objective-C,PHP,Python,Ruby,SQL,
,,,,JavaScript,,,,,PHP,,,,Brightscript
,,,,JavaScript,jQuery,,,,PHP,,,SQL,
,,,,,,,,,,,,,
,,,,,,,,,,,,,
,,,,,,,,,,Python,,,Matlab
,,C#,,,,,,,,,,SQL,
,,C#,,JavaScript,jQuery,,,,,,,SQL,
,,,Java,,,,,Objective-C,,,Ruby,,
,,,Java,JavaScript,jQuery,,,Objective-C,,,,,adobe flex and adobe air
,C++,,Java,,jQuery,,,,PHP,,,,
,,,,,,,,,,,,,
,,,,,,,,,,,,,
,,,Java,,,,,,,,,SQL,Groovy
,,,,,,,,,,,,,
,,,,,,,,,,,,,
,,,,,,,,,,,,,
,,,,,,,,,,,,,
,,,Java,,,,,,,,,SQL,
,,,,JavaScript,jQuery,,,,PHP,,,,
,,C#,,,,,,,,,,SQL,
,,,Java,,,,,,,,,SQL,
,,,Java,,,,,Objective-C,,,,,"JSP, Spring"
,,,Java,,,,,,,Python,Ruby,,
,,,Java,JavaScript,jQuery,,,,PHP,,,SQL,
,,,,JavaScript,jQuery,,,,PHP,,,SQL,
,,C#,,JavaScript,jQuery,,,,PHP,,,SQL,
,,,,JavaScript,jQuery,,,Objective-C,,,Ruby,,
,,,,,,,,,,,,,
C,C++,,Java,,,,,,,,,,Lua
,,,,JavaScript,,,,,PHP,,,SQL,
,,,,,,,,,,,,,
C,C++,,Java,,,,,Objective-C,,Python,,,
,,,,,,,,,,,,,delphi
C,C++,C#,,,,,,,,Python,,SQL,
,,,,,,,,Objective-C,PHP,,,SQL,
,,,,JavaScript,jQuery,,Node.js,,PHP,,,SQL,
,,,,,,,,,,Python,,,Pascal
,,,,JavaScript,jQuery,,,,,,Ruby,,
,,C#,Java,JavaScript,jQuery,,,,,,,SQL,
,,,,JavaScript,jQuery,,Node.js,,PHP,,,SQL,
,,C#,,JavaScript,jQuery,,,,,Python,,SQL,
,,,,JavaScript,jQuery,,,Objective-C,PHP,,,,
,,,,,,,,,,,,,
,,,Java,,,,,,,,,,
,,,Java,JavaScript,jQuery,,,,,,,SQL,
,,,,,,,,,,,,,
,,,,,,,,,,,,,
,C++,,Java,JavaScript,,,Node.js,,PHP,Python,,SQL,bash
,,C#,,JavaScript,jQuery,,,,,,,,
C,C++,C#,,,,,,,,Python,,SQL,
,,,,,,,,,,,,,
,,,,,,,,,,,,,
,,,Java,JavaScript,jQuery,,,,,,,SQL,
,,,,,,,,,,,Ruby,,
,,C#,Java,,,,,,,,,SQL,
,,,,JavaScript,jQuery,,Node.js,,PHP,,,SQL,
,,,,,jQuery,,,,PHP,,,SQL,
,,,,,,,,,,Python,,SQL,Bash
,,,,,,,,,,,,,
,,,,,,,,,PHP,,,SQL,Perl
,,,,,,,,,,,,,
,C++,,,JavaScript,,,,,PHP,Python,,SQL,
,,,,,,,,,,,,,
,,C#,,JavaScript,,,Node.js,,PHP,,,,
,,,,,,,,,,,,SQL,"VB.NET, why do you guys keep rejecting existence of this language?"
,,,,,,,Node.js,Objective-C,,Python,Ruby,SQL,
C,C++,C#,,,,,Node.js,Objective-C,PHP,Python,,,
,,,Java,,,,,,,,,SQL,
,C++,,,JavaScript,jQuery,,Node.js,,,,,,
,,,,,,,,,,,,,
C,,,,,,,,Objective-C,,,,,Octave
,,,,,,,,,,,,,
,,,,,,,,,,,,,
,,,Java,JavaScript,jQuery,,,,,,Ruby,SQL,
,C++,,Java,,,,,,,Python,,SQL,
,,C#,Java,,,,,,,,,,
,,,,,,,,,,,,,
C,C++,,,,,,,,,,,,
,,C#,,JavaScript,jQuery,,,,,,,SQL,
C,C++,,Java,,,,,,,Python,,,bash and perl
,,C#,,,,,,,,,,SQL,
,,C#,,,,,,,,,,,
,,C#,Java,JavaScript,,,,,,,,SQL,
,,,,,,,,,,,,,
,,,,,,,,,,,,,
C,,,Java,,,,,,,,,,
,,C#,,JavaScript,jQuery,,,,,,,SQL,
,,,Java,,,,,,,Python,,,
,,C#,,JavaScript,jQuery,,,,,,,SQL,SisoDB
C,C++,C#,,,,,,,,Python,,,
,,,,,,,,,,,,,
,,C#,Java,JavaScript,jQuery,,,,,,,SQL,Perl
,,C#,,JavaScript,jQuery,,,,PHP,,,SQL,
,,C#,,JavaScript,jQuery,,,,,,,SQL,
,,,,,jQuery,,,,PHP,,,SQL,Powershell
,,,,JavaScript,jQuery,,,,PHP,,,SQL,
,,C#,,JavaScript,jQuery,,,,,,,SQL,
,,,,JavaScript,jQuery,,,,,,Ruby,SQL,
,,,Java,JavaScript,,,Node.js,,,,Ruby,,perl
C,,C#,Java,JavaScript,,,,,,,Ruby,SQL,Clojure
,,,Java,JavaScript,,,,,PHP,,,SQL,
,,,,,,,,,,,,,
,,C#,,JavaScript,,,,,,,,SQL,
,,,,,,,,,,,,,
,,,,,,,,,,,,,
,,,,JavaScript,,,,,PHP,,,SQL,
,,,,,,,,,,,,,
,,,,,,,,,,,,,
,C++,C#,,,,,,,,,,,
,,,,,,,,,,,,,
,C++,,Java,JavaScript,,,,Objective-C,,,,SQL,
,,,,,,,,,,,,,
,,,Java,,,,,,,,,SQL,"Android SDK, Blackberry SDK"
,,,,,,,,,,,,,SAS
,C++,C#,,JavaScript,,,,,,,,,
,,,,JavaScript,jQuery,,,,,Python,,SQL,
,,C#,,JavaScript,jQuery,,,,,,,SQL,
,C++,,,,,,,,,Python,,,
,,,,,,,,,PHP,,,SQL,
C,,,,JavaScript,jQuery,,,,PHP,Python,,SQL,
,,,,JavaScript,jQuery,,,,PHP,,,SQL,
,,,,,,,,,,,,,
,,,Java,JavaScript,jQuery,,,,PHP,,,SQL,
,,,Java,JavaScript,,,,,,,,,GWT
,,,,,,,,,,,,,
,,,Java,,,,,,,,,SQL,
,,C#,,JavaScript,,,,,PHP,Python,,,
,,C#,,JavaScript,jQuery,,,,,,,SQL,
,,,,,,,,,,,,,
,,,,,,,,,,,,,
,,C#,,JavaScript,jQuery,,,,,,,SQL,
C,,,Java,,jQuery,,,,PHP,Python,,,
,,C#,,JavaScript,jQuery,,,,PHP,,,SQL,
,,,,,,,,,,,,,
,,,Java,JavaScript,jQuery,,,Objective-C,,,,SQL,
,,,,JavaScript,jQuery,,,,PHP,,,SQL,
,,C#,Java,JavaScript,jQuery,,,,,,,SQL,
,,,Java,,,,,,,Python,,,
,,,Java,JavaScript,jQuery,,Node.js,,PHP,Python,,SQL,
,,C#,,,,,,,,,,,
,,,,,,,,,,,,,
,,,,JavaScript,jQuery,,,,,,,SQL,haskell
,,,,,,,,,,,,,
,,,,,,,,,,,,,
,,,,,,,,,,,,,
,,,,,,,,,,,,,
,C++,,,JavaScript,jQuery,,,,,,,,
,,,,JavaScript,jQuery,,,,,,,SQL,common-lisp
,,,,,jQuery,,,,PHP,,,SQL,
,,,,JavaScript,,,,,PHP,,,SQL,
,,C#,,,,,,,,,,SQL,
,,C#,Java,JavaScript,jQuery,,,Objective-C,PHP,,,SQL,
C,C++,C#,Java,JavaScript,jQuery,,,,,,,SQL,
,,C#,Java,JavaScript,jQuery,,,,PHP,,,,
,,C#,Java,,,,,,,,,,
,,C#,,JavaScript,jQuery,,,,,Python,,SQL,CoffeeScript
,,,,,,,,,,,,,
,,C#,,JavaScript,jQuery,,,,PHP,,,SQL,
,,,,,,,,,,,,,
C,C++,,,,,,,,,Python,,,
,,,,,jQuery,,,,,Python,,SQL,
,,,,,,,,,,,,,
,C++,,Java,,,,,,,,,,
,,,,,,,,,,,,,
,,,,,jQuery,,,,,Python,,,bee
,,,,,,,,,,,,,
,,,Java,,,,,,,,,,
C,C++,,,JavaScript,jQuery,,,,PHP,Python,,SQL,
,,,,,,,,,,,,,
,C++,,Java,,,,,,,Python,,,Clojure
,,,,JavaScript,,,,Objective-C,PHP,Python,,SQL,
C,,C#,,JavaScript,jQuery,,,,,,,SQL,
C,,C#,Java,JavaScript,jQuery,,,Objective-C,PHP,,,SQL,
C,C++,,Java,,,,,,PHP,Python,,SQL,
,,,,,,,,,,,,,
,,,Java,,,,,,,,,SQL,
,,C#,Java,JavaScript,,,,,,,,SQL,
,,C#,,JavaScript,jQuery,,,,PHP,,,SQL,
,C++,C#,,JavaScript,jQuery,,,,,,,SQL,Prolog
,,,,,,,,,PHP,Python,,,VB.NET
,,,,,,,,,,Python,,,
,,C#,,JavaScript,jQuery,,,,,Python,,,
,,,,JavaScript,jQuery,,,,PHP,,,SQL,
,,,Java,JavaScript,,,,,,,,,
,,C#,,,jQuery,,,,,,,SQL,
,,C#,,JavaScript,,,,,PHP,,,,VB.NET
,,,,,,,,,,,,,
,C++,C#,,,,,,,,,,SQL,
,,,Java,JavaScript,,,,,,,,SQL,ExtJS
C,C++,,,JavaScript,,,,,,,,SQL,
,,,Java,JavaScript,jQuery,,,,,,,SQL,
,,,,JavaScript,jQuery,,,,,,Ruby,SQL,Vb.net
,,,,JavaScript,jQuery,,,,,,Ruby,SQL,Mongo
C,,,Java,,,,,,,Python,,SQL,
,,,Java,JavaScript,jQuery,,,Objective-C,,,,SQL,ABAP
,,,Java,,,,,,,,,,
,,,Java,,,,,,PHP,,,SQL,
C,C++,,,,,,,Objective-C,,Python,,,
,,,Java,JavaScript,jQuery,,,,PHP,,,SQL,
,,,,JavaScript,jQuery,,,,,Python,,SQL,
,,,,JavaScript,jQuery,,,,PHP,Python,,SQL,
,,,,JavaScript,jQuery,,,,,,Ruby,SQL,NOSQL
,,,,JavaScript,jQuery,,,,PHP,,,SQL,
,C++,C#,,JavaScript,jQuery,,,Objective-C,,,,,
,C++,C#,,JavaScript,jQuery,,Node.js,,,,Ruby,SQL,
,,C#,,JavaScript,jQuery,,,,,,,SQL,
,,,,,,,,,,,,,
,,,Java,,,,,Objective-C,,,,,
,,C#,,JavaScript,jQuery,,,,,Python,,SQL,
C,C++,,Java,JavaScript,,,,,PHP,Python,,SQL,
,,,,,,,,,,,,SQL,"VB6, VBA, VB.Net"
,,,,,,,,,,,,,Visual Basic .NET (Why do I always get left out!!!)
C,,C#,,JavaScript,jQuery,,,,,,,SQL,
,,,,,,,,,,,,,
,,,,,,,,,,,,,
,,,,JavaScript,,,,Objective-C,PHP,,,SQL,
,C++,,,,,,,,,,,SQL,
,,C#,,,,,,,,,Ruby,,PowerShell
,,,,,,,,,,,,,
,C++,,Java,JavaScript,,,,,PHP,,,,
,C++,,,JavaScript,jQuery,,,,PHP,Python,,SQL,
,C++,,,,,,,Objective-C,,,,,
,,,,,,,,,,,,,
,,,,,,,,,,,,,
,,,,,,,,,,,,,
,,C#,,JavaScript,jQuery,,,,,,,SQL,
,,,,JavaScript,jQuery,,,Objective-C,PHP,,,SQL,
,,,Java,,,,,,,,,SQL,
C,C++,C#,Java,,,,,,PHP,,,,haskell
C,C++,,Java,,,,,,,,,,
,,,,,,,,,,,,,
,,,,JavaScript,,,,Objective-C,,,,,
,,,Java,,jQuery,,,,,,,SQL,
,,,,,,,,,,,,,
,,,,JavaScript,jQuery,,,,,,Ruby,,
,,,,JavaScript,,,,,PHP,,Ruby,,
,,C#,Java,,,,,,,,,SQL,Powershell
,,C#,,JavaScript,jQuery,,,,,,,SQL,
,,,,,,,,,,,,,
,,C#,,,,,,,PHP,,,SQL,"MongoDB, Zend Framework"
,C++,,Java,JavaScript,jQuery,,,,,,,,clojure
,,C#,,JavaScript,jQuery,,,,,,,SQL,
,,,,,,,,,,,,,
,,,,,,,,,,,,,
,,,,JavaScript,jQuery,,,,,,,,ColdFusion
,,,Java,,,,,,,,,,
C,C++,C#,Java,,,,,,,,,SQL,
,,,Java,JavaScript,jQuery,,,,,,,SQL,
,,,,JavaScript,jQuery,,,Objective-C,PHP,,,SQL,
C,C++,C#,,JavaScript,jQuery,,,,PHP,,,SQL,
,,,,,,,,,,,,,
,,,Java,,,,,,,,,SQL,
,,,,,jQuery,,,,PHP,,,SQL,
,,,,JavaScript,jQuery,,,,PHP,,,SQL,
,,C#,,JavaScript,jQuery,,,Objective-C,PHP,,,SQL,
,,C#,,JavaScript,jQuery,,,,,,,SQL,
,,,,JavaScript,jQuery,,Node.js,,,,,,
,,,,,,,,,,,,,
,,C#,,,,,,,,,,SQL,
C,C++,,Java,JavaScript,jQuery,,,,,Python,,,
C,,,Java,,,,,,,,,,
,,C#,,JavaScript,jQuery,,,,,,,SQL,
,,,,,,,,,,,,,
,,,,,,,,,,,,SQL,VB.NET
C,C++,,Java,,,,,,,,Ruby,,Clojure
,,C#,,,,,,,,,,,
,,C#,,JavaScript,jQuery,,,,,,,,
,C++,,,,,,,Objective-C,,,,,
C,,C#,,JavaScript,jQuery,,,Objective-C,PHP,Python,Ruby,SQL,
,,,,,,,,,,,,,
,C++,,,,,,,,,Python,,,
,,,Java,,,,,,PHP,,,SQL,Groovy
,,,,,,,,,,,,,
,,,,,,,,,,,,,
,,C#,,,jQuery,,,,,,,SQL,
,,,,,,,,,,,,,
,,,,,,,,,,,,,
,,,Java,,,,,,,,,SQL,
,,,,,,,,,,,,,
,,C#,Java,JavaScript,jQuery,,Node.js,,PHP,,,SQL,
,,C#,,JavaScript,jQuery,,,,,,,SQL,
,,C#,Java,,jQuery,,,Objective-C,,,,SQL,
,,C#,,JavaScript,jQuery,,,,,,,SQL,
,,,,,,,,,,,,,SystemVerilog
C,,C#,Java,JavaScript,jQuery,,Node.js,Objective-C,PHP,,,,
,,,,,,,,,,Python,,,
,,,,JavaScript,jQuery,,,,PHP,,,SQL,
,,C#,Java,JavaScript,jQuery,,,,,,,SQL,
,,,Java,JavaScript,jQuery,,Node.js,,PHP,Python,,SQL,
,,,,,,,,,,,,,
,,,,,,,,,,,,,
,,C#,,JavaScript,,,,,,,,SQL,
,,C#,,,jQuery,,,,PHP,,,SQL,
,,C#,Java,JavaScript,jQuery,,,,PHP,,,SQL,X++
,,,,,,,,,,,,,
,C++,,Java,,,,,,,,,,
,,,Java,JavaScript,jQuery,,,Objective-C,,,,SQL,
,,C#,,,,,,,,,,,
,,C#,,JavaScript,jQuery,,,,,,,SQL,
,,C#,,JavaScript,jQuery,,,,,,,SQL,VB
,,C#,,,,,,,,,,SQL,
,,,,,,,,,,,,,
,,,Java,JavaScript,jQuery,,,,,,,SQL,
,,,,JavaScript,jQuery,,Node.js,,PHP,Python,,SQL,
,,,Java,JavaScript,jQuery,,,,,,,,
C,C++,C#,Java,,,,,,,,,SQL,
,,,,,,,,,,Python,,,
,,,,,,,,,,Python,Ruby,SQL,
,C++,C#,Java,JavaScript,,,,,,,Ruby,SQL,
C,C++,,,,,,,,,,,,
,,,Java,,,,,,,,,SQL,
,,,,,,,,,,,,SQL,
,,,Java,JavaScript,jQuery,,,,,Python,,SQL,
,C++,,Java,,,,,Objective-C,,,,,
,,C#,,JavaScript,jQuery,,,,,,,SQL,
,,C#,,JavaScript,jQuery,,,,,,,SQL,
,,,Java,JavaScript,jQuery,,Node.js,,,,,SQL,Bash
,,,,,,,,,,,,,
,,,Java,,jQuery,,,,PHP,,,SQL,
,,C#,,JavaScript,jQuery,,,,,,,SQL,
,,,,JavaScript,jQuery,,Node.js,,PHP,,,SQL,
,,,Java,JavaScript,,,,,PHP,Python,,SQL,
,,C#,,JavaScript,jQuery,,,,,,Ruby,SQL,JQuery
,,,,,,,,,,,,,
C,,,Java,,,,,,PHP,,,SQL,
,,,Java,JavaScript,jQuery,,,,,,,,
,,C#,Java,JavaScript,jQuery,,Node.js,,,,,SQL,
C,C++,,Java,,,,,,,Python,,SQL,
C,C++,,Java,,,,,,,,,,Google Web Toolkit
,,,,,,,,,,Python,,,
,,C#,,,,,,,,,,,
C,C++,,Java,JavaScript,jQuery,,Node.js,,,Python,,,
,,C#,Java,JavaScript,jQuery,,,,,,,SQL,VB
,,C#,,JavaScript,,,,,,,,SQL,
,,,Java,,jQuery,,,,PHP,,,SQL,
,C++,C#,Java,,,,,,,,,SQL,
,,C#,,,,,,,,Python,,SQL,
,,C#,,JavaScript,jQuery,,,,,,,SQL,
,,,Java,JavaScript,jQuery,,,,PHP,,,SQL,"LaTeX, MASM"
,,C#,,,,,,,,,,SQL,Per
,,C#,Java,,,,,,,,,SQL,
,C++,,,,,,,,,Python,,,
C,C++,,,,,,,,,,,,
,C++,,,,,,,,,,,,
,,,Java,JavaScript,jQuery,,,,PHP,,,SQL,
,,,,,,,,,,,,,
C,C++,,Java,JavaScript,jQuery,,,,PHP,,,SQL,
,,,,JavaScript,jQuery,,,,PHP,,,,
,,,,,jQuery,,,,PHP,,,SQL,
,,C#,,,,,,,,,,,VB
C,,,Java,JavaScript,jQuery,,Node.js,,,Python,,SQL,SAS
C,C++,C#,Java,,,,,,,,,,
,,C#,,,,,,,PHP,,,SQL,Delphi
,,,,,,,,,,,,,
,,C#,Java,,,,,,,,,SQL,
,,C#,Java,JavaScript,jQuery,,,,PHP,,,SQL,
,,,,,,,,,,,,,
,,,,,,,,,,,,,
,,,Java,JavaScript,,,,,,,,SQL,
C,C++,C#,,,,,,,,,,,
,,C#,,,,,,,,,,,Mathematica
,,C#,,JavaScript,jQuery,,,,,,,SQL,
,,C#,,JavaScript,jQuery,,,,,,,SQL,mongodb
,,,,,,,,,,,,,
,,C#,,,,,,Objective-C,,,,SQL,Powershell
,,C#,,JavaScript,jQuery,,,,,,,SQL,
,,C#,,,,,,,,,,,
,,,,,,,,,,,,,
,,C#,,JavaScript,jQuery,,,,,,,SQL,XAML
,,,Java,JavaScript,jQuery,,,,,,,SQL,
,,,,JavaScript,jQuery,,,,PHP,,,SQL,
,,,Java,JavaScript,jQuery,,,,,,,,
,,,,,,,,,,,,SQL,Delphi
,,,Java,JavaScript,jQuery,,,,,Python,,SQL,
,,,,,,,,,,,,,
,,,Java,,,,,,,,,SQL,
,,,Java,,,,,,,Python,,,
,C++,,Java,JavaScript,jQuery,,,,,,Ruby,SQL,
C,,,Java,JavaScript,jQuery,,Node.js,,PHP,Python,Ruby,SQL,CoffeeScript
,C++,,,JavaScript,jQuery,,,,PHP,,Ruby,SQL,
C,C++,,Java,JavaScript,jQuery,,,,PHP,Python,,SQL,
,,C#,,JavaScript,jQuery,,,,PHP,,,SQL,
C,C++,,Java,JavaScript,,,,,,,,SQL,
C,,,Java,JavaScript,jQuery,,,,,Python,,SQL,
,,,Java,,,,,,,,,SQL,
,,,,JavaScript,jQuery,,,Objective-C,,,,SQL,vb.net
,,C#,,,,,,,,,,SQL,
,,,Java,,,,,,,,,SQL,
,C++,C#,,JavaScript,,,Node.js,,,Python,Ruby,,
,,C#,,JavaScript,jQuery,,,,,Python,,,
C,,,Java,JavaScript,,,,,PHP,Python,,,
,,,Java,JavaScript,jQuery,,,,,,,SQL,Java EE
,,C#,,,,,,,,,,,
,C++,,,,,,,,,Python,,,Thirdparty scripting system
,,C#,Java,JavaScript,jQuery,,,Objective-C,,Python,,SQL,
,,,,JavaScript,,,,,PHP,,,SQL,
,,,,JavaScript,jQuery,,Node.js,,PHP,,,,
,,C#,,JavaScript,jQuery,,,,,,,SQL,
,,,,,,,,,,,,,
,,,Java,JavaScript,jQuery,,Node.js,,PHP,,,SQL,scala
,,C#,Java,JavaScript,jQuery,,,,PHP,,,SQL,
,,,Java,JavaScript,,,,,,,,SQL,several more
,C++,,Java,JavaScript,,,,,,,,,Scala
,,,Java,JavaScript,,,,,,,,SQL,
,,,,,,,,,,,,,
C,C++,C#,Java,JavaScript,jQuery,,Node.js,Objective-C,PHP,Python,Ruby,SQL,Android
,,,,JavaScript,jQuery,,,,PHP,,Ruby,SQL,
C,C++,C#,Java,JavaScript,,,,,,,,SQL,
,,,,,,,,,,,,,
,,C#,,,,,,,,,,SQL,
,,C#,,JavaScript,,,,,,,,SQL,
,,C#,,JavaScript,,,,,,,,,
,,C#,,JavaScript,jQuery,,,,,,,SQL,
,,,Java,JavaScript,jQuery,,,,,,,,
C,,,Java,JavaScript,,,,,PHP,,,SQL,
,,,,JavaScript,jQuery,,,,PHP,,,SQL,
,,,Java,,,,,,,Python,,SQL,R
,,C#,Java,JavaScript,jQuery,,,Objective-C,PHP,,,SQL,
C,C++,,Java,JavaScript,,,,,,Python,,SQL,
,,,,,,,,,,,,,
,,,,,,,,,,,,,
,,,Java,JavaScript,jQuery,,,,,,,SQL,
,,,,,,,,,,,,,
,,,,JavaScript,jQuery,,,,PHP,,,SQL,"HTML, CSS, Classic ASP"
,,C#,,,,,,,,,,SQL,
,,C#,,JavaScript,jQuery,,,,,,,SQL,
,,C#,,,,,,,,,,SQL,
,C++,,,,,,,,,,,,
,,C#,,JavaScript,,,,,,,,SQL,
C,C++,C#,Java,JavaScript,jQuery,,,Objective-C,PHP,,,SQL,
C,,,,JavaScript,,,,,PHP,Python,,,xBase
,,,,,,,,,,,,,
C,,,,,,,,,,Python,,,
,,,,JavaScript,jQuery,,,,PHP,,,SQL,
C,,,Java,JavaScript,jQuery,,Node.js,,PHP,Python,Ruby,SQL,
,,,,,,,,,,,,,
,,C#,,JavaScript,jQuery,,,,,,,SQL,
,C++,,Java,,,,,,,Python,,SQL,
C,C++,,Java,JavaScript,jQuery,,,,,,Ruby,SQL,ruby on rails
,,,,,,,,,,,,,
,,,,,,,,,,,,,
,,,,,,,,,,,,,
,,,,,,,,Objective-C,,,,,
,,,,,,,,,,,,,
,,,,,,,,,PHP,,,,"Moscow ML, MIPS, Fasto"
,C++,C#,,,,,,,,,,SQL,
,,,,,,,,,,,,,
,,,Java,JavaScript,jQuery,,,,,Python,Ruby,,
,,C#,Java,JavaScript,jQuery,,,Objective-C,,,,SQL,
,,C#,,JavaScript,jQuery,,,,,,,SQL,
,,,,JavaScript,jQuery,,,,,,Ruby,SQL,clojure
,,,Java,JavaScript,jQuery,,,,,,,,
,,C#,,JavaScript,jQuery,,,,,,,SQL,SSIS
,,C#,,JavaScript,jQuery,,,,PHP,,,SQL,
,C++,,,JavaScript,jQuery,,,,PHP,,,,
,,,Java,JavaScript,jQuery,,,Objective-C,PHP,,Ruby,,
,,,,,,,,,,,,,
,,,,,,,,,,,,,
,,C#,,JavaScript,jQuery,,,,,,,SQL,
C,,,Java,,,,,,,,,SQL,
C,C++,,,,,,,Objective-C,,Python,,,
,,,,,,,,,,,,,
,,C#,,,,,,,,,,,
C,,,Java,JavaScript,jQuery,,,,PHP,,Ruby,SQL,
,,,Java,,,,,,,,,,ant maven version control shell
,C++,C#,,,,,,,,,,,Perl
C,C++,C#,,JavaScript,,,Node.js,Objective-C,PHP,,,SQL,
,,,,,,,,,,,,,
,,C#,,JavaScript,jQuery,,,,,,,SQL,
,,,Java,,,,,Objective-C,,,Ruby,,
,,,,JavaScript,jQuery,,,,PHP,,,SQL,
,,,,,,,,,,,,,
,,,,,,,,,,,,,
,,C#,,JavaScript,jQuery,,,,,,,SQL,VB.NET
,,,Java,JavaScript,jQuery,,,,PHP,,,SQL,
,,,,,jQuery,,,,,,,,
,,,,,,,,,,,,,
,C++,C#,,JavaScript,,,,,,,,SQL,
,,C#,,JavaScript,jQuery,,,,,Python,,SQL,Perl
,,,Java,JavaScript,jQuery,,,,,,Ruby,SQL,"VB6, Delphi"
,,C#,,JavaScript,jQuery,,,,,,,SQL,Ajax
,,,Java,JavaScript,jQuery,,,,,,,,
,C++,C#,,,,,,,,,Ruby,,Erlang
,,C#,,JavaScript,jQuery,,,,PHP,,,SQL,
,,C#,,,jQuery,,,,PHP,,,SQL,
,C++,,,,,,,Objective-C,,Python,,,
,,,Java,JavaScript,,,,,PHP,,,SQL,
,,,,,,,,,,Python,,,mathematics
C,,,,,,,Node.js,,,,,,R
,,,Java,JavaScript,jQuery,,,,,,,,clojure
,,,Java,JavaScript,jQuery,,,,PHP,,,SQL,
,,,,JavaScript,jQuery,,,,PHP,Python,,,
,,,,,,,,,,,,,
C,,,,,,,,,,Python,,,
,,,,,,,,,,,,,
,,,,JavaScript,jQuery,,,,PHP,,,SQL,
,,C#,,JavaScript,jQuery,,,,,,,SQL,
,,,,JavaScript,jQuery,,,,,,Ruby,SQL,
,,,Java,,,,,,,,,,
,,,,,,,,,,,,,
,,,,JavaScript,jQuery,,,,,,,SQL,Perl
,,,,JavaScript,jQuery,,,,PHP,Python,,SQL,
,C++,,Java,JavaScript,,,,,,,,,
,,C#,,JavaScript,jQuery,,,,,,,SQL,
,,,Java,JavaScript,jQuery,,,,,,,,
,,,,JavaScript,jQuery,,,,PHP,,,SQL,
,,,,JavaScript,jQuery,,,Objective-C,,,Ruby,SQL,
C,C++,,,,,,,,,,,,
,,,Java,JavaScript,jQuery,,,,,,,SQL,
C,,,,,,,,,,Python,,,haskell
,,,Java,JavaScript,,,,,,Python,Ruby,,Erlang
C,C++,C#,Java,JavaScript,jQuery,,,,PHP,,,SQL,"COBOL, OracleForms, Lisp, Delphi, Visual Basic, PERL"
,,,,JavaScript,jQuery,,,,,,,,"HTML, CSS"
C,C++,,,,,,,Objective-C,PHP,,,SQL,HTML
,,C#,,,,,,,,,,,
,,C#,,,,,,,PHP,,,SQL,
C,,,Java,,,,,Objective-C,,Python,,,Assembly language
,C++,C#,Java,JavaScript,,,,,PHP,,,SQL,
,,,,JavaScript,jQuery,,,,,Python,,SQL,
C,C++,C#,,JavaScript,jQuery,,,Objective-C,PHP,Python,,SQL,
,,,,,,,,,,,,,
,,,,,,,,,,,,,
C,C++,C#,,JavaScript,jQuery,,,,,Python,,,
C,C++,C#,,,,,,,,,,SQL,
,,C#,,,,,,,,,,SQL,
,,,,,,,,,,,,,
,,,Java,,jQuery,,,,PHP,,,SQL,CSS
,,C#,,JavaScript,jQuery,,,,,,,,
,,,,JavaScript,jQuery,,,,PHP,,,SQL,
,,,,,,,,,,,,,
,,,Java,,,,,Objective-C,,,,,
,,C#,,,,,,,,,,,
,,,,JavaScript,jQuery,,,,,Python,,,
,C++,C#,Java,JavaScript,,,,,,,,,
,C++,C#,Java,,,,,,,,,SQL,Python
,,,,,,,,,,,,,
,,,,,,,,,,,,,
,C++,,,,,,,,,,,,
,,,Java,,,,,,,,,SQL,
,,C#,,,,,,,PHP,,,,VB.NET
,,,Java,,,,,,,,,,
,,C#,,JavaScript,jQuery,,,,,,,SQL,
,,,,,,,,,,,,,
C,C++,,,JavaScript,jQuery,,,,PHP,,,,
C,C++,,Java,,,,,Objective-C,PHP,,,SQL,
,,C#,,JavaScript,jQuery,,,,,,,SQL,
C,C++,,Java,JavaScript,,,,,PHP,,,,"Flex, Actionscript, SAP, MongoDB"
,C++,C#,Java,,,,,,,,,,
,C++,,Java,JavaScript,,,,,,Python,,,
,,C#,,,jQuery,,,,PHP,,,SQL,
,,,,JavaScript,jQuery,,,,,,,,
,,,,JavaScript,jQuery,,,,,Python,,,
,,,,,,,,,,,,,
,,,,,,,,,,,,,
,,C#,,JavaScript,jQuery,,,,,,,SQL,
C,,,,,,,,,,,,,
,,C#,,JavaScript,,,,,,,,,"CoffeeScript, Scala, F#"
C,,,Java,JavaScript,jQuery,,,,,,,,
,,,,JavaScript,jQuery,,,,,,Ruby,,
,,,,JavaScript,,,,,,Python,Ruby,SQL,
,,,Java,JavaScript,jQuery,,,,,,,SQL,"Perl, Bash"
,C++,,Java,JavaScript,,,,,,Python,,,
,,C#,,JavaScript,jQuery,,,,,,,SQL,
,,,,,,,,,,Python,,,
,,,Java,JavaScript,jQuery,,,,,,,SQL,"HTML,XHTML,CSS"
,,C#,,JavaScript,jQuery,,,,,Python,,,
,,C#,,JavaScript,jQuery,,,,PHP,,,SQL,
,,,,,,,,,,,,,"Matlab, R"
,,,,JavaScript,jQuery,,,,,,Ruby,,
,,,,JavaScript,jQuery,,,,PHP,,,SQL,
,,,,,,,,,,Python,,,
,,,Java,JavaScript,,,,,,,,,
,,,Java,JavaScript,jQuery,,,,PHP,,,,
,,,,JavaScript,,,,,PHP,,,SQL,
,,,,,,,,,,Python,,,Matlab
C,C++,,,JavaScript,jQuery,,,,,,Ruby,,
,,,,JavaScript,jQuery,,,,,,,,"CSS, HTML, xsl, XML, sharepoint"
,,,,,,,,,,,,,
,,,,JavaScript,jQuery,,,,PHP,,Ruby,,
,,C#,,JavaScript,jQuery,,,Objective-C,PHP,,,,
C,,,,,,,,Objective-C,PHP,Python,,SQL,
C,,,,,,,,,,Python,,,Fortran
,,,,,,,,,,,,,
C,,C#,,,,,,,,Python,,SQL,
,,,,JavaScript,jQuery,,,,,Python,,SQL,
,,,,,,,,,,,,,
C,,,,,,,,,,Python,,SQL,
C,,,,JavaScript,jQuery,,,,PHP,Python,,,html
,,,,,,,,,,,,,
,,C#,,JavaScript,jQuery,,,,,,,SQL,
,,,Java,,,,,,PHP,,,,
,C++,C#,,,,,,,,,,,
,,,,,,,,,,,,,
,,,Java,JavaScript,jQuery,,,,,,,SQL,
C,C++,,,,,,,,,Python,,SQL,
,,,,JavaScript,jQuery,,,,PHP,Python,,SQL,
,,,Java,,,,,,,,,SQL,
,,,,,,,,,,,,,Verilog
,,,,JavaScript,jQuery,,,,PHP,,,SQL,
,,,Java,,,,,,,,,,
,,,,JavaScript,jQuery,,,,PHP,,,,
,,,,,,,,,,,,,
,C++,C#,Java,JavaScript,jQuery,,,Objective-C,PHP,Python,Ruby,SQL,
,,C#,,JavaScript,,,,,,Python,,SQL,Perl
,,,,,,,,,,,,,
C,C++,,,JavaScript,jQuery,,,,PHP,Python,,SQL,
,,,Java,JavaScript,jQuery,,Node.js,,,,,SQL,Groovy
,,,,,,,,,PHP,,,,
,,C#,,JavaScript,jQuery,,Node.js,,,,,SQL,Perl
,,,,,,,,,,,,,"r, vb"
,,C#,,JavaScript,jQuery,,,,,,,SQL,
,,,,JavaScript,jQuery,,,,PHP,Python,,SQL,
,C++,C#,,JavaScript,jQuery,,,Objective-C,PHP,,,SQL,
,,C#,,JavaScript,jQuery,,Node.js,,PHP,,,SQL,apex
,,,Java,JavaScript,,,,,PHP,Python,,,
,,,Java,JavaScript,jQuery,,,,,Python,,,
C,C++,,,,,,,Objective-C,,,,,
,,,,,,,,,,,,,
,,C#,,,,,,,,,,,
,,,,,,,,,,,,,
,,,,,,,,,,,,,
,,C#,Java,JavaScript,,,,,,,,,
,,,Java,JavaScript,,,,,,,,,perl tcl
,,C#,,JavaScript,jQuery,,,,,,,,
C,C++,,,,,,,,PHP,Python,,,Perl
C,C++,,Java,,,,,,,,,,Android
,,C#,,JavaScript,jQuery,,Node.js,,PHP,,,,CoffeeScript
,,C#,Java,JavaScript,jQuery,,,,,,,SQL,
C,,,,,,,,,,,,SQL,Delphi Pascal
,,,,JavaScript,jQuery,,,,,,,SQL,ColdFusion
C,C++,,,JavaScript,,,,,PHP,,Ruby,SQL,
,,C#,,JavaScript,jQuery,,Node.js,,PHP,,,,VB.NET
,,,,JavaScript,jQuery,,,,,Python,,SQL,
,,C#,,JavaScript,jQuery,,,,,,,SQL,
,,,,,,,,,,,,SQL,Powershell
,,C#,,JavaScript,jQuery,,,,,,,SQL,
,,,,JavaScript,jQuery,,,,,,Ruby,,
C,,C#,Java,JavaScript,jQuery,,,,PHP,,,SQL,
,,,,,,,,,,,,,
,,,,,,,,,,,,,
,,,,JavaScript,jQuery,,,,PHP,,Ruby,SQL,
,,,,JavaScript,,,,Objective-C,PHP,,,,
,,C#,,JavaScript,jQuery,,,Objective-C,,,,SQL,
,,,,JavaScript,jQuery,,,,PHP,,,,Cache Object Script
,,C#,Java,JavaScript,jQuery,,,,,,,,
,,C#,,JavaScript,jQuery,,,,,,,SQL,
,,C#,,,,,,,,,,SQL,"VB.NET, VB6"
C,,,Java,JavaScript,jQuery,,,,,,,,
,,,,,,,,,,,,,
,C++,C#,Java,JavaScript,,,,,PHP,,,SQL,
,,C#,,JavaScript,jQuery,,,,,Python,,SQL,
,,,Java,,,,,Objective-C,,,,,
,,,,JavaScript,,,,,,,Ruby,,Scala
,,C#,,JavaScript,jQuery,,,,PHP,Python,,,
,C++,,Java,,,,,,,,,SQL,
,,,,,,,,,,,,SQL,vba
,,,,,,,,,,,,,
,C++,C#,,JavaScript,jQuery,,Node.js,Objective-C,,,,,
,,,,JavaScript,jQuery,,,,PHP,,,SQL,
,,C#,,JavaScript,jQuery,,,,,,,SQL,
,,C#,,JavaScript,jQuery,,,,PHP,,,SQL,
,,C#,Java,JavaScript,jQuery,,,,,,,SQL,
,,C#,Java,,,,,,,,,SQL,
C,C++,,,JavaScript,,,,,,,,,"scheme, bash, tcl"
,,,,,,,,,,,,,
,,C#,,JavaScript,jQuery,,,,,,,,
,C++,,,,,,,,,,,SQL,VBScript haha
,,,Java,,,,,,PHP,Python,,SQL,
,,,,,,,,,PHP,,,,
,C++,,Java,,,,,,,Python,,,
,,,,,,,,,,,,,
,,,Java,JavaScript,jQuery,,Node.js,Objective-C,,,Ruby,,
,,,,,,,,,,,,SQL,"VBA, Perl"
C,C++,,,,,,,,,Python,,SQL,"proprietary assembler, Korn shell, awk, matlab/octave, proprietary scripting languages"
,,,,JavaScript,jQuery,,,,,,Ruby,SQL,
,,,,JavaScript,jQuery,,Node.js,,,,Ruby,,"HTML, CSS"
,,,,JavaScript,,,,Objective-C,,,,SQL,
,,,Java,JavaScript,jQuery,,,,,,,SQL,
,,C#,Java,JavaScript,jQuery,,,,PHP,,,SQL,
C,,C#,,,,,,,,,,,
,,,Java,JavaScript,jQuery,,Node.js,,,,,SQL,
,,C#,Java,JavaScript,jQuery,,,,,,,SQL,
,,,,,,,,,,,,,
,,C#,,,,,,,,,,SQL,
,,,,,,,,,,,Ruby,,
,,C#,Java,JavaScript,,,,Objective-C,,,,SQL,
,,,,JavaScript,jQuery,,,,,,Ruby,SQL,
,,C#,,,,,,,,,,SQL,
,,C#,,JavaScript,,,,,,,,SQL,ASP.NET
,,,,,,,,,,Python,Ruby,SQL,
C,,,Java,JavaScript,jQuery,,Node.js,,,Python,,SQL,
,,,,,,,,,,,,,
,,,Java,,,,,,,Python,,SQL,
,,,Java,JavaScript,,,,,,Python,,SQL,Scala
,,C#,,JavaScript,,,,,,,,SQL,
,,,Java,JavaScript,jQuery,,,,,,,,AngularJS
,,,,,,,,,,,,,
C,C++,,,,,,,,,,,,"Ada, Mainsail"
,,,,,,,,,,,,,
,,C#,,JavaScript,,,,,,,,SQL,
,C++,,Java,,,,,,,,,,
,,,Java,JavaScript,jQuery,,,,,,,SQL,
,,,,JavaScript,jQuery,,,,,,,,
,,,,JavaScript,jQuery,,,,,Python,Ruby,,
,,,,JavaScript,jQuery,,,,PHP,,,SQL,mongodb
,,C#,Java,,,,,,,,,,
,,C#,Java,,,,,,,Python,Ruby,,
,,,,,,,,,,,,,
,,C#,,,,,,,,Python,,SQL,VB.NET
,,,,JavaScript,jQuery,,,,PHP,,,SQL,
,,,,,,,,,,,,,
,,C#,,,,,,,,,,,
,C++,,,JavaScript,jQuery,,Node.js,,PHP,,,SQL,
,,,,,,,,,PHP,,,SQL,
,,,,,,,,,,,,,
,,,,,,,,,,,,,
,,C#,Java,,,,,Objective-C,,,Ruby,,
,,,,,,,,Objective-C,,,,,
,,,,JavaScript,,,,,PHP,Python,,SQL,bash
,,C#,,JavaScript,jQuery,,,,,,,SQL,
,,,Java,,jQuery,,,,,,,,
,,C#,,JavaScript,jQuery,,,,,,,SQL,
C,C++,,Java,JavaScript,jQuery,,,,,,Ruby,SQL,
,,,,,,,,,,,,SQL,Delphi
,,C#,,,jQuery,,,,,,,SQL,MVC
,,,,,,,,,,,,,
,,,,,,,,,,,,,
,,,Java,JavaScript,,,,,,,,,perl
,,,Java,JavaScript,,,,,,,,SQL,
,,,,,,,,,,,,,"Clojure, CouchDB"
,,,,JavaScript,jQuery,,,,PHP,,,SQL,
,C++,C#,Java,JavaScript,jQuery,,,Objective-C,PHP,,,SQL,
,,,,,,,,,PHP,,,,
,,C#,Java,JavaScript,jQuery,,,,,,Ruby,SQL,
,,,,,,,,,,,,,
,,,,,,,,,,,,,
C,,,Java,,,,,,,Python,,SQL,
,C++,,Java,,,,,,,,,,
,,,,JavaScript,jQuery,,,,,,Ruby,SQL,
C,,,Java,,jQuery,,,,,,,SQL,
,,,,,,,,,,,,,
,,C#,,JavaScript,jQuery,,,,,,,,
,,,,,,,,,,,,,Delphi
,,C#,,JavaScript,jQuery,,,,,,Ruby,SQL,
C,C++,C#,Java,JavaScript,jQuery,,,,,,,,Perl
,,C#,,JavaScript,jQuery,,,,,,,SQL,
,,C#,Java,JavaScript,jQuery,,,,,Python,,SQL,VB
,,C#,Java,JavaScript,jQuery,,,,,,,SQL,
,,,,,,,,,,,Ruby,SQL,Flex/Actionscript
,,,Java,JavaScript,jQuery,,,,PHP,,,SQL,"Groovy, Grails"
,,C#,,JavaScript,jQuery,,,,,,,SQL,
,,C#,,JavaScript,jQuery,,,Objective-C,,,,SQL,
,,C#,,,,,,,,,,SQL,
,,,,,,,,,,Python,,SQL,
,,C#,,JavaScript,,,,,,,,SQL,
,,,Java,,,,,,,,,,
,,,,JavaScript,jQuery,,,,PHP,,,SQL,
,,,,JavaScript,jQuery,,Node.js,,PHP,,,,
,,,,JavaScript,jQuery,,,,PHP,,,,"CoffeeScript, SASS"
,,C#,,JavaScript,jQuery,,,,,,,SQL,
,,C#,,JavaScript,jQuery,,Node.js,,,,,SQL,
,,,Java,,,,,,PHP,,,SQL,Perl
,,C#,,JavaScript,jQuery,,,,,,,SQL,NHibernate
,,,,JavaScript,jQuery,,,,PHP,,Ruby,SQL,"CoffeeScript, Bash"
,,C#,,JavaScript,jQuery,,,,,,,SQL,
,,,,,,,,,,Python,,,
,,,,,,,,Objective-C,,,,,
C,,C#,Java,,,,,,PHP,,,SQL,MATLAB
,,,,,,,,,,,,SQL,
C,C++,,,,,,,,,Python,,,
,,,,,,,,Objective-C,,,,,
C,C++,,Java,JavaScript,jQuery,,,,,,,,
,,C#,,,jQuery,,,,PHP,,,SQL,
,,C#,,JavaScript,jQuery,,,,,,,SQL,
,,C#,,JavaScript,jQuery,,,,,,,SQL,
,,,,,,,,,,,,,
,,C#,,JavaScript,jQuery,,,,,,,,
,,,Java,JavaScript,jQuery,,,,PHP,,,SQL,
,,C#,Java,JavaScript,jQuery,,,,,,,SQL,F#
,,,,,,,,Objective-C,,,,,Lua
C,C++,,,,,,,,,,,,Matlab
,,,,JavaScript,jQuery,,,,,,,SQL,VB.NET ASP.NET MVC
,,C#,,,,,,Objective-C,,,,,
,,,Java,,,,,,,,,,Delphi
C,C++,C#,,,,,,,PHP,,,SQL,
,,C#,,,,,,Objective-C,,,,SQL,
C,C++,,,,,,,,,Python,Ruby,SQL,perl
,,,Java,JavaScript,jQuery,,,,PHP,,,SQL,
,,,,JavaScript,jQuery,,Node.js,,PHP,,Ruby,,
,,,,,,,,,,,,,
C,C++,,Java,,,,,,,,,,
,,,,,,,,,,Python,,,
,,C#,Java,,,,,,,,,,Haskell
C,C++,C#,,JavaScript,jQuery,,,Objective-C,PHP,,,SQL,
,,,,,,,,,,,,,
,,C#,,,,,,,,,,SQL,"F#, Clojure, Haskell"
,,,,,,,,,,,,,
,,C#,,JavaScript,jQuery,,,,,,Ruby,SQL,CoffeeScript
,,,,JavaScript,jQuery,,,,,,,SQL,Perl
C,C++,,,,,,,,,Python,,,
,,,,,,,,,,,,,
,,,,JavaScript,jQuery,,,,,Python,,SQL,
C,C++,,,JavaScript,,,,Objective-C,,,,,Perl
,,,Java,,,,,,,,,,
,,,,,,,,,,,,,
,,,Java,,,,,,,,,,
,,,Java,,,,,,,,,,
,,,,JavaScript,,,,,,Python,,SQL,Carto
,,C#,,JavaScript,jQuery,,,,PHP,,,SQL,"ASP.NET, VB.NET"
,C++,C#,Java,,,,,,,,,,
,,C#,,JavaScript,jQuery,,,,,,,SQL,CoffeeScript
,,,Java,JavaScript,jQuery,,,,PHP,Python,,,
C,,,Java,JavaScript,,,,,PHP,,,SQL,
,,,,JavaScript,jQuery,,,,PHP,,,,
,,,,JavaScript,jQuery,,,,,,Ruby,,
,,C#,,JavaScript,jQuery,,,,,,,SQL,
,,,,,,,,,,,,,
,,C#,,JavaScript,jQuery,,,,,,,SQL,
,,,,JavaScript,jQuery,,,,,,,SQL,Delphi
,,,,,,,,,,,,,R
,,C#,Java,JavaScript,jQuery,,,,,,,SQL,
,,C#,Java,,,,,Objective-C,PHP,,,SQL,
,,C#,,JavaScript,jQuery,,,,,,,SQL,
,,,Java,JavaScript,jQuery,,,,,,,SQL,Perl
,,C#,,,,,,,,Python,,,Haskell
,,,,,,,,,,,,,
,,C#,,,jQuery,,,,,,,SQL,Telerik
,,C#,,,,,,,,,,SQL,
,,,,JavaScript,jQuery,,,,PHP,,,,
,,C#,,JavaScript,jQuery,,,,PHP,,,SQL,"html, css, Delphi"
C,C++,,,JavaScript,jQuery,,,,,,,,
,,C#,,,jQuery,,,,PHP,,,SQL,
,C++,C#,,,,,,,,,,SQL,
,,C#,,,jQuery,,,,PHP,,,SQL,VB .Net
,,,,,,,,,,,,,
C,,,Java,JavaScript,jQuery,,,,,,,,
,,,Java,JavaScript,jQuery,,,,,,,SQL,
,,,Java,JavaScript,jQuery,,,,,,,SQL,
C,C++,C#,,,,,,,,,,,
,,,Java,JavaScript,jQuery,,,,,,,SQL,"Grails, Vaadin, Twitter Bootstrap"
C,,,,JavaScript,jQuery,,,,PHP,Python,,SQL,Lua
,,,,,jQuery,,,,,Python,,,Angular JS
,,C#,,JavaScript,jQuery,,Node.js,,PHP,Python,,,
,,,,JavaScript,jQuery,,,,PHP,,,SQL,Drupal
,,,,,,,,,,,,,
,,,,,,,,,,,,,
,,C#,,,,,,,PHP,,,SQL,
,,,,,,,,,,,,,
,,C#,,JavaScript,jQuery,,,Objective-C,PHP,,,SQL,
,,C#,,JavaScript,jQuery,,,,,,,SQL,
,,C#,,JavaScript,jQuery,,,,,,,SQL,
,,C#,,JavaScript,jQuery,,Node.js,,,,Ruby,SQL,
,,,,,,,,,,,,,
,,C#,,JavaScript,jQuery,,,,,,,SQL,
,,C#,Java,JavaScript,jQuery,,,,,,,SQL,
,,,,,,,,,,,,,
,,,,JavaScript,jQuery,,,Objective-C,PHP,,,SQL,
,,,,,,,,,,,,,
,,,,JavaScript,jQuery,,,,,Python,,SQL,
,,C#,Java,,jQuery,,,,PHP,,,SQL,
,,,Java,,,,,,,,Ruby,SQL,
,,C#,,,,,,,,,,,
,,,,,,,,,,,,,
,,C#,,JavaScript,jQuery,,,,PHP,Python,,SQL,
,,C#,,JavaScript,jQuery,,Node.js,,PHP,,,SQL,
,C++,,,JavaScript,,,,Objective-C,,,,,
,,C#,Java,JavaScript,jQuery,,,,,,,SQL,
,,,Java,,,,,,PHP,,,SQL,
,,,Java,,,,,,,,,SQL,
,,C#,,JavaScript,jQuery,,,,,,Ruby,SQL,
,,,,JavaScript,jQuery,,,,PHP,,,,
,,,Java,JavaScript,jQuery,,,,,,,SQL,
,,,Java,JavaScript,jQuery,,,,,,,SQL,
,,C#,,JavaScript,jQuery,,,,,,,SQL,
,,,,,,,,,,,,,
,,,,,,,,,,,,,
,,C#,,JavaScript,jQuery,,,,,,,SQL,classic asp
,,C#,,,,,,,,,,SQL,"ESB, SOA, XSLT, SSRS"
,,,,,,,,,,,,,
,,C#,Java,,,,,Objective-C,,,,SQL,
,,,Java,,,,,,,,,SQL,
,,,,JavaScript,,,Node.js,,,,,,Perl
,,,,JavaScript,jQuery,,,,PHP,,,SQL,
,,,,JavaScript,jQuery,,,,PHP,,,SQL,
,,,,JavaScript,jQuery,,,,PHP,Python,,SQL,
C,,,,,jQuery,,,,PHP,,Ruby,SQL,rails
,,,,,,,,,,,,,
,C++,C#,,,,,,,,,,SQL,
,C++,,,,,,,,,,,,
,,,,,,,,,,,,,
,,C#,,JavaScript,jQuery,,,,,,,SQL,
,,,,,,,,,,,,,
,,,,JavaScript,jQuery,,,,PHP,,,SQL,
,,,Java,,,,,Objective-C,PHP,,,SQL,
,,,,JavaScript,jQuery,,,,PHP,,,SQL,
,,C#,,,,,,,,,,,
,,,,,,,,,,,,,
,,C#,,,,,,,PHP,,,,
,,C#,,,,,,,,,,SQL,
,C++,C#,Java,JavaScript,jQuery,,,,PHP,,,SQL,python
C,,C#,Java,JavaScript,,,,Objective-C,,,Ruby,,
,,,Java,JavaScript,jQuery,,,,,,,SQL,
,,C#,,JavaScript,jQuery,,,,PHP,,,SQL,"Raphael.js, WPF"
,,,,,,,,,,Python,,,
,,,Java,JavaScript,jQuery,,,,,,,SQL,PL/SQL
C,C++,C#,Java,JavaScript,jQuery,,,,PHP,,,SQL,"HTML5, CSS3"
,,,Java,JavaScript,jQuery,,,,PHP,,,SQL,
,,,,,,,,,,,,,
,,,,JavaScript,jQuery,,,,,,,,
,,,Java,,jQuery,,,,,,,SQL,"Clojure, Groovy/Grails"
C,C++,,Java,,,,,,,,,,
,,,Java,JavaScript,jQuery,,,,,,,,
,,,,,jQuery,,,,PHP,,,SQL,
,,C#,,JavaScript,,,,,,,,,
,,C#,,JavaScript,jQuery,,,,,,,SQL,"ASP.NET, WPF"
C,,,Java,,,,,,,,,SQL,
,,,,JavaScript,jQuery,,Node.js,,,,,SQL,vb6
,,C#,Java,JavaScript,jQuery,,,,PHP,,,SQL,
,,,,JavaScript,,,Node.js,,PHP,,,,
,,,Java,,jQuery,,,,,,,,Scala
C,,,Java,,,,,,PHP,,,,
C,C++,C#,Java,JavaScript,jQuery,,Node.js,Objective-C,,Python,,,
,,,Java,JavaScript,jQuery,,Node.js,,,,,SQL,
C,C++,C#,,JavaScript,jQuery,,Node.js,Objective-C,,,,SQL,
,,,,JavaScript,,,,,,,,,
,C++,,,,,,,,,Python,Ruby,,
,,,,JavaScript,jQuery,,,,PHP,,,SQL,
,,C#,,,,,,,,,,,
,,,,JavaScript,jQuery,,,,PHP,,Ruby,SQL,
C,,,,,,,,,,Python,,,
,,,,,,,,,,,,,
,,C#,,JavaScript,jQuery,,,,PHP,,,SQL,
,,C#,Java,,,,,,,,,SQL,
,C++,,Java,,,,,,,Python,,,
,,,,JavaScript,jQuery,,Node.js,,PHP,,,SQL,
,,C#,,JavaScript,jQuery,,,,,,,SQL,
,,,Java,JavaScript,jQuery,,,,PHP,,,SQL,
,,C#,,,jQuery,,,Objective-C,,,,SQL,
,,C#,,JavaScript,jQuery,,,,,,,,VB.net
C,C++,,Java,,,,,Objective-C,,,,SQL,perl
,,C#,Java,JavaScript,jQuery,,,,,,,SQL,
,,,Java,JavaScript,jQuery,,,,,,,SQL,
,,,Java,JavaScript,jQuery,,,,,,,SQL,Atmosphere
,,C#,,JavaScript,,,,,,,Ruby,SQL,
,,,,,,,,,,,,,
,,,,,,,,,,,,,
,,,,,,,,,,,,,
,,,Java,,,,,,,,,SQL,
,,C#,,,,,,,,,,,
,,C#,,JavaScript,,,,,PHP,,,SQL,
C,C++,,Java,,,,,,,,,,
,,C#,,JavaScript,jQuery,,,,PHP,,,SQL,
,C++,C#,,JavaScript,jQuery,,,,,,,SQL,
,,,,JavaScript,jQuery,,Node.js,,PHP,Python,,SQL,
,,,,JavaScript,jQuery,,,,,,,SQL,Perl
,,C#,,JavaScript,jQuery,,Node.js,,,Python,,,
,,C#,Java,JavaScript,jQuery,,,,,,,SQL,
,,C#,,,,,,,,,,,"PL/SQL, WPF"
C,C++,,,,,,,,,Python,,,Matlab
,,,,,,,,,,,,,
C,C++,,Java,JavaScript,,,,,,Python,Ruby,,
,,,Java,JavaScript,jQuery,,,,PHP,,,SQL,Joomla!
,,C#,,JavaScript,jQuery,,,,,,,SQL,
,C++,C#,,JavaScript,jQuery,,,,,,,SQL,
,,C#,,,,,,,,,,SQL,VB.NET
,,,,,,,,,,,,,
C,,,Java,,,,,,,Python,,,Perl
C,C++,,Java,,,,,,PHP,Python,,,
,,,,,,,,,,,,,
,,,Java,JavaScript,jQuery,,,Objective-C,PHP,,Ruby,SQL,scala
,,,Java,JavaScript,jQuery,,,,,,,,
,,,,,,,,,,Python,,,
,C++,,,JavaScript,jQuery,,,,PHP,Python,Ruby,,
,,,Java,JavaScript,jQuery,,,,,Python,Ruby,SQL,
,,C#,Java,JavaScript,jQuery,,,,PHP,Python,,,"MySQL, Ajax"
,C++,,,,,,,,,Python,Ruby,,
,C++,,,,,,,,,,,SQL,
,,,,,,,,,,,,,
,,,Java,JavaScript,jQuery,,,,,Python,,SQL,
,,,,,,,,,,,,,
,,C#,Java,,,,,,,,,,
,,,,,jQuery,,,,PHP,,,SQL,
,C++,C#,,,,,,,,,,,
,,,,JavaScript,jQuery,,,,PHP,,,SQL,
,,,Java,JavaScript,jQuery,,,,,,,SQL,Scala
C,C++,,Java,JavaScript,jQuery,,Node.js,Objective-C,,Python,Ruby,SQL,
,,,,,,,,,,,,,
,,,,JavaScript,jQuery,,Node.js,Objective-C,PHP,,Ruby,,mongodb
C,,C#,,JavaScript,jQuery,,,,,,,SQL,
,C++,C#,,,,,,,,,,,
,,,Java,JavaScript,,,,,,,,,
C,C++,,,,,,,,PHP,,,SQL,
,,,Java,JavaScript,jQuery,,,,,,,,R
,,,Java,JavaScript,jQuery,,,Objective-C,PHP,,,SQL,
,,,,JavaScript,jQuery,,,,,,Ruby,SQL,
C,C++,,,,,,,,PHP,,,SQL,BASH
,,,Java,JavaScript,jQuery,,,,,,,SQL,
,,,Java,JavaScript,jQuery,,,,PHP,Python,,SQL,
,,,,,,,,,,,,,
,,,Java,,,,,,,Python,,,powershell :(
,C++,C#,Java,,,,,,,,,,VB6
,,,,,,,,,,,,,
,,C#,,JavaScript,jQuery,,,,,,,SQL,"Knockout.js, Underscore, VB.NET"
C,C++,,Java,JavaScript,jQuery,,,,PHP,Python,,SQL,
,,,Java,,,,,,,,,,
,C++,,,JavaScript,,,Node.js,,,Python,,,
,,,,,,,,Objective-C,,,,,
,,,Java,,,,,,,,,SQL,shell
,,,,JavaScript,jQuery,,,,,,,SQL,ColdFusion
,,,Java,,,,,,,,,,
,,,,,,,,,,,,,
,,C#,,,,,,,,,,,
,,,,,,,,,,,,,
,,,,JavaScript,jQuery,,,,,Python,,,
,,C#,,JavaScript,jQuery,,Node.js,,PHP,,,,
,,,Java,,,,,,PHP,,,SQL,R
,,,Java,JavaScript,,,,,,,,SQL,
,,,Java,JavaScript,,,,,PHP,,,SQL,
,,,,JavaScript,,,,,,Python,Ruby,,
,,C#,Java,,jQuery,,,,,,,SQL,delphi
,,C#,Java,JavaScript,jQuery,,,,,,,SQL,
,,C#,,JavaScript,jQuery,,,,,,,SQL,
,,C#,Java,,,,,,,,,,"Groovy,Griffon,Grails"
,,,,JavaScript,jQuery,,,,,Python,,,
C,C++,,,JavaScript,,,,Objective-C,,,,,
,,,,JavaScript,jQuery,,Node.js,,PHP,,Ruby,SQL,
,,,Java,JavaScript,jQuery,,,Objective-C,,,Ruby,,
,,,Java,,,,,,,Python,,SQL,
,,C#,,,,,,,,,,SQL,VB
,C++,,,,,,,,,,,,
,,C#,,JavaScript,jQuery,,,,,,,SQL,
,,,Java,,,,,,,,,,
,,,Java,JavaScript,jQuery,,,,,,Ruby,SQL,
,,C#,,JavaScript,jQuery,,,,,,,SQL,
,,,Java,JavaScript,jQuery,,,,,Python,,SQL,
,,C#,,JavaScript,jQuery,,,,,,,SQL,
,,,,JavaScript,,,,,,,,SQL,Delphi (Pascal)
,C++,C#,Java,,,,,,PHP,,,SQL,
,C++,,Java,JavaScript,,,,,,,,,Perl
,,C#,,JavaScript,jQuery,,,,,,,,
,,,,,,,,,,,,,
,,C#,,JavaScript,jQuery,,,,,,,,vb.net
,C++,,Java,,,,,,,,,,Object Pascal
,,,Java,,,,,,,,,SQL,SCala
,,C#,Java,JavaScript,jQuery,,,,PHP,,,SQL,
,,,,,,,,,,,,,
,C++,C#,,JavaScript,jQuery,,,,,,,,
,,,Java,,,,,,,,,,Delphi
,,,Java,,,,,,PHP,,,,
,,,,,,,,,,,,,
,,,Java,,,,,,,Python,,,clojure
,,,,,,,,,,,,,
,,,,JavaScript,jQuery,,Node.js,,PHP,Python,Ruby,SQL,
,C++,,,JavaScript,jQuery,,,,PHP,,,SQL,
,,,,JavaScript,jQuery,,,,PHP,,,SQL,
,,C#,Java,JavaScript,jQuery,,,Objective-C,PHP,,,SQL,
,,,,,,,,,,,,,
,C++,,Java,,,,,,,,,SQL,
,,,Java,,,,,,,Python,,SQL,
,,,,,,,,,,,,,
,C++,C#,,JavaScript,jQuery,,,,,,,SQL,
,,,,,,,,,,,,,
,,C#,,JavaScript,jQuery,,,,,,,SQL,
,,,Java,JavaScript,jQuery,,,,PHP,Python,,SQL,
,,,Java,JavaScript,jQuery,,,,,,Ruby,SQL,
,,,,,,,,,,,,,
,,,,,,,,,,Python,,SQL,
C,C++,,,JavaScript,jQuery,,,Objective-C,PHP,,,,
,,C#,,JavaScript,jQuery,,,,,,,SQL,VB
,,,,JavaScript,,,,,,,,SQL,"Perl, Lua"
,C++,,Java,JavaScript,,,,,,,,SQL,
,,,,,,,,,PHP,,Ruby,,
,,,Java,JavaScript,,,,,,,,,
,,,Java,JavaScript,jQuery,,,,,,,SQL,
,,,,JavaScript,jQuery,,,,,,Ruby,,
,,C#,,JavaScript,jQuery,,,,,,,SQL,
,,,Java,JavaScript,,,,,,,,SQL,GWT
,C++,,,,,,,Objective-C,,Python,,,
,,,Java,JavaScript,,,,,,,,SQL,
,,,Java,JavaScript,,,,,PHP,,,SQL,
,,,,,,,,Objective-C,PHP,,Ruby,,
,,,Java,JavaScript,jQuery,,,,,Python,,SQL,
,,C#,,JavaScript,jQuery,,,Objective-C,,,,,
C,C++,,,,,,,,,Python,,,
,,,,JavaScript,,,Node.js,,,Python,,SQL,NetLogo
,,C#,,JavaScript,jQuery,,,,,,,SQL,
,,,Java,JavaScript,jQuery,,Node.js,,,,,,XSLT
,,C#,,JavaScript,jQuery,,,,,,,SQL,
,,C#,,JavaScript,jQuery,,,,,,,SQL,
C,C++,C#,,JavaScript,jQuery,,,,,Python,,SQL,Ada
C,C++,C#,,,,,,,,Python,,SQL,
,,,,,,,,,,,,,
,,,Java,JavaScript,jQuery,,,,,,,SQL,
,,,,,,,,,PHP,,,,"MATLAB, Perl"
,,,Java,JavaScript,,,,Objective-C,,,,,
,C++,C#,,JavaScript,jQuery,,,,,Python,,,
,C++,C#,,,,,,,,,,SQL,
,,,Java,JavaScript,,,,,PHP,Python,,SQL,
C,,,Java,,,,,,,,,SQL,clojure
,,C#,,JavaScript,jQuery,,,,,,,SQL,
C,C++,,,JavaScript,jQuery,,,,,,,,
,,C#,,,jQuery,,,,,Python,,,
,,,Java,,,,,,,Python,,,XSLT XQUERY XML
,,C#,,,,,,,,,,,
,,,,,,,,,,,,,
C,C++,,Java,,,,,,,,,,
,,,,,,,,,,,,,
,,C#,,JavaScript,jQuery,,,Objective-C,,,,SQL,
,,,,,,,,,,,,,
,,C#,,JavaScript,jQuery,,,,,,,SQL,
,,C#,,JavaScript,jQuery,,Node.js,Objective-C,PHP,Python,,SQL,
,C++,C#,,,,,,,,,,,
,C++,C#,,,,,,Objective-C,,,,SQL,
,,,,JavaScript,jQuery,,Node.js,,PHP,,,,
,,C#,,JavaScript,jQuery,,,,,,,,
C,C++,C#,,,,,,,,,,SQL,
,,C#,,,,,Node.js,Objective-C,,,,,TypeScript
,,C#,,JavaScript,jQuery,,,,,,,,
,C++,C#,,,,,,,,,,,
,,,,JavaScript,jQuery,,,Objective-C,PHP,,,,
,,,,,jQuery,,,Objective-C,PHP,,,,
,,,,,,,,,,,,,
,,,,,,,,,,,,,
,,,Java,JavaScript,,,,,PHP,,,SQL,
,,,,,,,,,,Python,,,
,,C#,,,,,,,,,,,VB.NET
,,,,,,,,,,,,,
,,,Java,JavaScript,jQuery,,,,,,,SQL,
C,C++,,,,,,,Objective-C,,Python,Ruby,,
,C++,,,,jQuery,,,,PHP,,,SQL,
,,C#,,JavaScript,jQuery,,,,,,,SQL,
,,,,JavaScript,jQuery,,,,PHP,,,SQL,
,,,,JavaScript,jQuery,,,,PHP,,,SQL,
,,C#,,JavaScript,jQuery,,,,PHP,,,SQL,
,,,,,,,,,,,,SQL,Visual FoxPro
,,,Java,JavaScript,jQuery,,Node.js,,PHP,Python,,SQL,vimscript
,C++,,,,,,,,,Python,,,
,,,,,,,,,,,,,
,,,,,,,,,,Python,,SQL,R
,,,Java,JavaScript,jQuery,,,,,,,SQL,Scala
,,,Java,,,,,,,Python,,SQL,
,,,,,,,,,,,,,
,,,,,,,,,,,,,
C,C++,C#,,,,,,,,,,,
,,C#,Java,JavaScript,,,,,PHP,,,SQL,
,,,Java,,,,,,,,,,
,C++,,Java,JavaScript,,,,,,,,SQL,
,,,,,,,,,,,,,
,,,,,,,,Objective-C,,,Ruby,,
,,C#,,,jQuery,,,,PHP,,,SQL,
,,,,,,,,,,,,,
,,C#,,JavaScript,jQuery,,,,,,,SQL,
,,,,,,,,,,,,,
C,,,,JavaScript,,,Node.js,Objective-C,,,,,
,,,,JavaScript,jQuery,,,,PHP,,,SQL,
C,C++,,,JavaScript,jQuery,,Node.js,,,Python,,,
,C++,C#,Java,JavaScript,jQuery,,,,,Python,,,
,,,,JavaScript,,,,,PHP,,,SQL,
,,,,,,,,,,,,,
,,,,,,,,,,,,,
,,C#,,JavaScript,jQuery,,,,,,,SQL,
C,,,,,,,,,,,,,Haskell
,,,Java,JavaScript,jQuery,,,,,,Ruby,,
C,C++,,,JavaScript,jQuery,,,,,Python,,,
,,,Java,,,,,,,,,,"Haskell, Scala"
C,C++,,,JavaScript,,,,Objective-C,PHP,,,SQL,
C,,,Java,,,,,,,,,SQL,
C,,,Java,,,,,,,,,,
,,C#,Java,,,,,,,,,SQL,
C,,,,,,,,,,,,,
,C++,C#,Java,JavaScript,jQuery,,,,PHP,,,SQL,
,,,,,,,,,,,,,
,,,,,,,,,,,,,
C,,,Java,,,,,,,,Ruby,SQL,Perl
,,,,JavaScript,,,,,,,,SQL,cfml
,,,,JavaScript,jQuery,,,,PHP,,,SQL,
C,,,Java,,,,,,,Python,,,
,,C#,Java,JavaScript,,,,,,,,,
,,,,,,,,,,,,,
,,,,JavaScript,jQuery,,,,PHP,,,SQL,
,,C#,,JavaScript,,,,,,,Ruby,,
,,,Java,JavaScript,jQuery,,,,,,,,"JSF, PhoneGap"
,,,Java,,,,,,,,,SQL,
,C++,C#,Java,,,,,,,Python,,,Matlab
,,C#,,JavaScript,,,,,,,,SQL,
,,C#,,,jQuery,,,,,,,SQL,
,,,Java,JavaScript,jQuery,,,,PHP,,,SQL,
C,,C#,,,jQuery,,,,,,,SQL,
,,,,JavaScript,jQuery,,,,PHP,,Ruby,SQL,
,,,Java,,,,,,,,,,
,,,,JavaScript,jQuery,,,,PHP,,Ruby,SQL,
,,,,JavaScript,,,,,PHP,,,SQL,VB.NET
,,C#,,JavaScript,jQuery,,,,PHP,,Ruby,SQL,
,,,Java,,,,,,,,,SQL,
,C++,,,,,,,,,Python,,,
,,C#,,JavaScript,jQuery,,,,,,,SQL,HTML
,,,Java,,,,,,,,,SQL,Groovy
,,C#,Java,JavaScript,jQuery,,,,,,,SQL,
,,,Java,JavaScript,jQuery,,,,,,,,
,,,Java,JavaScript,jQuery,,Node.js,,PHP,,,,
,,,,JavaScript,jQuery,,,,,,,SQL,Classic ASP
,,C#,,JavaScript,jQuery,,,,PHP,,,SQL,
,,,Java,JavaScript,jQuery,,Node.js,,,,,,
,,C#,,,jQuery,,,,,,,SQL,
C,C++,C#,,,,,,,,,,SQL,
,,,Java,,,,,,,Python,,SQL,
,,,,,,,,,,,,,
,,C#,,,,,,,,,,SQL,
,,C#,,JavaScript,,,,,,,,SQL,
,,C#,,JavaScript,jQuery,,,,PHP,,,,
,,C#,,,jQuery,,,Objective-C,PHP,,,SQL,
,,,Java,JavaScript,,,,,,,,,
C,C++,,,,,,,,,Python,,SQL,
,,,Java,JavaScript,jQuery,,,,PHP,,,SQL,
,,,,,,,,,,,,SQL,
,,C#,,JavaScript,jQuery,,,,PHP,,Ruby,SQL,
,,C#,,JavaScript,,,,,,,,,
,,,Java,,,,,,,,,SQL,
,C++,,Java,JavaScript,jQuery,,,,PHP,,Ruby,SQL,
,,,,,,,,,,,,,
,,C#,,JavaScript,,,,,,,,SQL,CSLA
,,C#,,JavaScript,jQuery,,,,,Python,,SQL,MongoDB
,,,,,,,,,,,,,
C,,,,,,,,Objective-C,,Python,,,
,,C#,,JavaScript,,,,,,,,SQL,
C,,C#,Java,JavaScript,jQuery,,Node.js,,PHP,Python,,SQL,
,,,Java,,,,,,,Python,,,
,,,,,,,,Objective-C,,,Ruby,,
,,,,JavaScript,jQuery,,,,PHP,Python,,,
C,,,Java,,,,,,,,,,
,,,,JavaScript,jQuery,,,,,,Ruby,SQL,
C,C++,,,,,,,,,,,,Visual Basic .net
,,,,,jQuery,,,,,Python,,SQL,
,,,,JavaScript,jQuery,,,Objective-C,,,Ruby,,
,,,,JavaScript,jQuery,,Node.js,,,,Ruby,SQL,
,,,Java,JavaScript,jQuery,,,,,,Ruby,,
,,,,,,,,,,,,,
C,C++,C#,,,,,,,,Python,,,
,,,,,,,,,,,,,Actionscript
,,C#,,JavaScript,jQuery,,,,PHP,Python,,SQL,
,,C#,Java,,,,,,,Python,,,Bash
,,,Java,,,,,Objective-C,,,,,
,,,,,,,,,,,,,
,,,Java,JavaScript,jQuery,,,Objective-C,,,,SQL,
,,C#,,JavaScript,jQuery,,,,,,,,
,,C#,,JavaScript,jQuery,,Node.js,,PHP,Python,,SQL,
,,C#,,JavaScript,jQuery,,,,,,,SQL,
,,,Java,JavaScript,jQuery,,,Objective-C,PHP,,,,"ABAP, Backbone.js, Underscore.js"
,,,Java,JavaScript,jQuery,,,,PHP,,,SQL,
,,,Java,JavaScript,,,,,,,,,Dojo
,C++,C#,,,,,,,,Python,,SQL,
,,,,JavaScript,jQuery,,,,,,,,ColdFusion
C,C++,C#,Java,JavaScript,jQuery,,,,,Python,,,
,,,,,,,,,,,,,
,,,,,,,,,,,,,
,,C#,,JavaScript,jQuery,,,,PHP,,,SQL,
,,C#,,,,,,,,,,,
,,,Java,JavaScript,,,,,,,Ruby,,
,,,,JavaScript,jQuery,,,,PHP,,,SQL,
,,,,JavaScript,jQuery,,,,PHP,Python,,,
,,C#,,,,,,Objective-C,PHP,,,SQL,Delphi
,,,Java,JavaScript,jQuery,,,,,,Ruby,SQL,
,,,Java,,,,,Objective-C,,,,SQL,
,,C#,,JavaScript,jQuery,,,,,,,SQL,
,,C#,,JavaScript,jQuery,,,,,,,SQL,
,,C#,,JavaScript,,,,,,,,,
,,C#,,JavaScript,jQuery,,,,,,,SQL,SAS
,,,Java,JavaScript,jQuery,,,,PHP,,,SQL,
C,C++,,,,,,,Objective-C,,,Ruby,,
,,,,,,,,,,,,,
,,,,JavaScript,jQuery,,,,,Python,,SQL,
,,,,,,,,,,,,,
,,,,JavaScript,jQuery,,,,PHP,,,SQL,
C,,,,JavaScript,jQuery,,,,PHP,,,,
,,,Java,JavaScript,jQuery,,,,,,,SQL,
,,,,,,,,,,,,,
,,,,,,,,,,,,SQL,VB.NET
,,C#,,,,,,,,,,SQL,Delph 6
,,,,,,,,,,,,,
,,,Java,,,,,,,Python,,SQL,
,,C#,,JavaScript,jQuery,,,,,,,SQL,AngularJS
,,C#,,JavaScript,,,,,,,,SQL,
,,,Java,JavaScript,jQuery,,,,,Python,,SQL,
,,C#,,JavaScript,jQuery,,,Objective-C,,,Ruby,SQL,
,,,Java,JavaScript,,,,Objective-C,,,,SQL,
,,C#,,JavaScript,jQuery,,,,PHP,,,SQL,
,,,Java,JavaScript,,,,Objective-C,,,,SQL,
,,,Java,,,,,,PHP,,Ruby,SQL,
,,,Java,JavaScript,,,,,,,,SQL,
,,,,,,,,,,,,,
,,C#,Java,JavaScript,jQuery,,,,PHP,,,SQL,
,,,,,,,,,,,,,
,,,,JavaScript,jQuery,,,,,,Ruby,SQL,
,,,,,,,,,,,,,
,,,,,,,,Objective-C,,Python,,,"haskell, emacs-lisp"
,,C#,,JavaScript,jQuery,,,,,,,SQL,
,,C#,,,,,,,,,,SQL,
,C++,C#,Java,,,,,,,,,SQL,
,,,,JavaScript,jQuery,,Node.js,,PHP,,,SQL,
,,C#,,JavaScript,jQuery,,,,,,,SQL,VB
,,,,JavaScript,jQuery,,,,,Python,,,coldfusion
,,,Java,JavaScript,jQuery,,,Objective-C,,,,,
,,,Java,JavaScript,jQuery,,,,,,Ruby,SQL,
,,,,JavaScript,jQuery,,,,PHP,,,SQL,"HTML,CSS"
,,,,JavaScript,jQuery,,,,PHP,,,,
,C++,C#,,,,,,,,Python,,,Matlab
,,,,,,,,,,,,,
,,,Java,JavaScript,jQuery,,,,,,,SQL,
,,C#,,JavaScript,jQuery,,Node.js,,,,,SQL,
,,,,,,,,,,,,,
,,,Java,JavaScript,jQuery,,,,,,,,
,,,,,,,,,,,,,
,,,,,,,,,,,,,
,,C#,,JavaScript,jQuery,,,,,,,SQL,
,,,,,,,,,PHP,,,,
C,,C#,,,,,,,,,,,
,,,Java,,,,,,,,,,
,,,,,,,,,,,,,
,,,Java,JavaScript,jQuery,,,,,,,SQL,
C,C++,C#,Java,,,,,,PHP,Python,,,
,C++,,,JavaScript,,,,,PHP,,,SQL,
,,C#,,,,,,,,,,SQL,
,C++,,,JavaScript,jQuery,,Node.js,,,Python,Ruby,SQL,
,,,,JavaScript,,,,,,,,,assembler 8051
,,,,,,,,,,,,,
,,C#,,JavaScript,jQuery,,,,PHP,Python,,,
,,,,JavaScript,jQuery,,Node.js,,PHP,Python,,SQL,extjs
,,,,JavaScript,,,,Objective-C,,,,,
,,,,,,,,,,,,,
,,,,,,,,,,,,,
,C++,C#,,,,,,Objective-C,,,,,
,,C#,,JavaScript,,,,,,,,SQL,ExtJS
C,,,Java,JavaScript,jQuery,,,,PHP,Python,,SQL,
,,,,,,,,,,,,,
,,,,,jQuery,,,,PHP,,,,
,,,Java,JavaScript,,,,,PHP,,,SQL,Grails
,,,,,,,,,,,,,
,,C#,,,,,,,,,,SQL,
,,,,,,,,,,,,,
,,C#,,,,,,,,,,,
,,,,,,,,,PHP,,,SQL,
,,,,JavaScript,,,,,,,Ruby,,
C,C++,,Java,JavaScript,jQuery,,,,,Python,,,
,C++,C#,,,,,,,,,,,
,,,Java,,,,,Objective-C,,,,SQL,
,,,Java,,,,,,,,,,
,,,,JavaScript,jQuery,,,,,Python,,SQL,Scala
,,,,,,,,,,,,,
,,C#,Java,,,,,,,,,SQL,
C,C++,,,JavaScript,jQuery,,,,PHP,Python,,SQL,
,,,Java,,,,,,,,,SQL,
,,,Java,,,,,,,,,,
,,C#,,JavaScript,jQuery,,,Objective-C,,,,SQL,
,,,,JavaScript,jQuery,,,,PHP,Python,,SQL,
C,C++,,,JavaScript,jQuery,,,,,,,,
,,C#,,JavaScript,jQuery,,,,,,,,
,,,Java,JavaScript,jQuery,,,,,Python,,SQL,
,,,Java,JavaScript,jQuery,,,,,,,,Scala
,,C#,,JavaScript,jQuery,,,,,Python,,SQL,ASP/VB Script
,,,,JavaScript,jQuery,,,,PHP,,,SQL,
,,C#,Java,JavaScript,jQuery,,,,,,,,
,,,,JavaScript,,,,,PHP,,,,R
,,,,,,,,,,,,,
,,,Java,,,,,,,Python,,,
,C++,,,JavaScript,jQuery,,Node.js,,PHP,,,,
C,C++,,,,,,,,,,,,
,,,,,,,,,,,,,
,,,Java,JavaScript,jQuery,,,,,,Ruby,SQL,
,,C#,,,,,,,PHP,,,,
,,C#,,JavaScript,jQuery,,,,,,,SQL,
,,,Java,JavaScript,jQuery,,,,,,,,
,,,,JavaScript,jQuery,,,,,,Ruby,SQL,
,,C#,,JavaScript,jQuery,,,,,,,SQL,
,,C#,,,,,,Objective-C,,,,SQL,VB
,,,,JavaScript,jQuery,,,Objective-C,PHP,,,SQL,
,,,,,,,,,,,,,
,,,,JavaScript,jQuery,,,,PHP,,,SQL,
,,,,JavaScript,,,Node.js,,,,,,
,,,,,,,,,,,,,
,,,,JavaScript,jQuery,,,,PHP,,,SQL,
,,C#,,JavaScript,jQuery,,Node.js,,,,,SQL,
,,,,,,,,,,,,,
,,C#,,JavaScript,jQuery,,,,,,,SQL,VB.NET
,,,,JavaScript,jQuery,,,Objective-C,,,Ruby,,
C,C++,,,,jQuery,,,,,Python,,SQL,
,,,,JavaScript,jQuery,,Node.js,,,Python,Ruby,SQL,
,,,,,jQuery,,,,PHP,,,SQL,
C,C++,C#,,JavaScript,,,,Objective-C,,Python,,,Erlang
,,C#,Java,JavaScript,,,,,,,,,"Groovy, PowerShell"
,C++,,Java,JavaScript,,,,,,Python,,,
,,,,,,,,,,Python,,,R
,,C#,,,,,,,,,,SQL,
,,,,,,,,,,,,,
C,C++,,,,,,,,,,,SQL,
,,C#,,JavaScript,jQuery,,,,,,,SQL,
,,C#,,JavaScript,jQuery,,,,,,,SQL,
,,C#,,JavaScript,jQuery,,,,,,,SQL,
,,,,,,,,,,,,,
,,C#,Java,JavaScript,jQuery,,,Objective-C,,,,SQL,
,,,Java,,jQuery,,,,,,,SQL,Scala
,,,,,,,,,,,,,
,,C#,,JavaScript,jQuery,,,Objective-C,,,Ruby,SQL,
,,,,JavaScript,,,,,,Python,,SQL,Haskell
,,,,,,,,,,,,,
,,,,JavaScript,jQuery,,,,,,Ruby,SQL,
,,C#,,,,,,,,,,,
,,,Java,JavaScript,jQuery,,,,,,Ruby,,
,,,,,,,,,,,,,
,,,Java,JavaScript,jQuery,,Node.js,,PHP,,,,
,,,Java,,,,,,,,,SQL,
,,,,,,,,,,,,,
,,,Java,JavaScript,jQuery,,,,,,,SQL,
,,C#,,,,,,,,,,SQL,
,,,Java,JavaScript,,,,,,,,,
C,,,Java,,,,,Objective-C,,,,SQL,
,,,,JavaScript,jQuery,,,,PHP,,,SQL,
,,,,JavaScript,,,,,PHP,,Ruby,,
,,C#,,JavaScript,jQuery,,,,,,Ruby,SQL,
C,,,,,,,,,,Python,,SQL,FORTRAN 90
,,,,,,,,,,,,,
C,C++,,Java,JavaScript,,,,,,,,SQL,FileMaker
,,C#,,JavaScript,jQuery,,,,,,,SQL,
,,,,JavaScript,jQuery,,Node.js,,PHP,Python,Ruby,SQL,
,,,,JavaScript,jQuery,,Node.js,Objective-C,PHP,Python,,SQL,
,,,,,,,,,,,,,
,,C#,,JavaScript,jQuery,,,,,,,SQL,
,,C#,,JavaScript,jQuery,,,,,,,SQL,
,,,,,,,,,,,,,
,,,,JavaScript,jQuery,,,,PHP,,,SQL,
C,C++,,Java,,,,,,,Python,,,
,,,Java,JavaScript,jQuery,,,,,Python,Ruby,,
,,C#,,JavaScript,jQuery,,,,,,,SQL,Visual FoxPro
C,C++,,,JavaScript,jQuery,,,,,Python,,,
,,C#,,JavaScript,jQuery,,,,,Python,,SQL,F#
,,,,,,,,,,,,,
,,,,JavaScript,,,Node.js,,PHP,,,SQL,bash
C,C++,C#,Java,JavaScript,jQuery,,Node.js,Objective-C,PHP,Python,Ruby,SQL,
C,C++,C#,,,,,,,,,Ruby,,
,,C#,Java,JavaScript,jQuery,,,,,,,SQL,
,,,,JavaScript,jQuery,,,,PHP,,,SQL,CakePHP
,,,,JavaScript,jQuery,,,,PHP,,,SQL,
,,,Java,JavaScript,jQuery,,,Objective-C,,Python,,SQL,
,,,Java,JavaScript,jQuery,,,,PHP,,,SQL,
,,C#,,JavaScript,jQuery,,,,,,,SQL,
,,,,JavaScript,jQuery,,,,,,,,
,,C#,,JavaScript,jQuery,,,,,,,SQL,
,,,,,,,,Objective-C,PHP,,,SQL,
C,C++,,Java,,,,,Objective-C,,,,SQL,
C,C++,C#,,JavaScript,jQuery,,,Objective-C,,Python,,SQL,
,,,,,,,,,,,Ruby,,Perl
,,,,JavaScript,jQuery,,,,,Python,,,
,,,Java,,,,,,,Python,,,
,,C#,,,,,,,,,,SQL,
,,,,,,,,,,,,,
,,,,JavaScript,jQuery,,,Objective-C,,Python,,,
,,,,JavaScript,jQuery,,Node.js,Objective-C,,,Ruby,SQL,
,,,,,jQuery,,,,,,,SQL,Lua
,,,,JavaScript,jQuery,,Node.js,,PHP,,,SQL,
,,,,JavaScript,jQuery,,,,PHP,,,SQL,
,,,Java,JavaScript,jQuery,,Node.js,,,,,SQL,"Groovy, HTML, CSS, vert.x"
,,C#,,JavaScript,jQuery,,,,,,,SQL,
,,C#,,,,,,,PHP,,,SQL,
,,,,,,,,,,,Ruby,SQL,"Perl, Puppet, Linux"
,,,,,,,,,,,,,"Perl, bash"
,,,,,,,,,,,,,
,,,,,jQuery,,,,,,Ruby,SQL,CoffeeScript
,,,,,,,,,,,,,
,,,,JavaScript,jQuery,,,,PHP,,,SQL,
,,,Java,JavaScript,,,,,,,,SQL,
C,C++,,Java,,,,,Objective-C,PHP,,,SQL,Cocos2d
,,,,JavaScript,,,Node.js,Objective-C,,,Ruby,SQL,
,,,,JavaScript,jQuery,,,,PHP,,,,
,,C#,Java,,jQuery,,,Objective-C,,,,SQL,VB
,,,Java,JavaScript,,,,,PHP,,Ruby,SQL,
,,C#,,JavaScript,jQuery,,,,,,,SQL,
C,,,Java,JavaScript,jQuery,,,Objective-C,PHP,Python,,SQL,
C,C++,C#,,,,,,,,,,,Lua
,,,,,,,,,,,,,
,,,Java,,,,,,PHP,,,SQL,
,,,,JavaScript,jQuery,,,Objective-C,,,Ruby,,
C,C++,C#,,JavaScript,jQuery,,,,,,,SQL,Lassoscript & ASP.NET
C,,,,JavaScript,,,,Objective-C,PHP,,,SQL,XML
,,C#,,,,,,,,,,SQL,
,,,,,,,,,,,Ruby,,
,,,,,,,,,,,,,
,,,,,,,,,,,,,
,,,,JavaScript,jQuery,,,,PHP,,Ruby,SQL,
,,,Java,JavaScript,jQuery,,,,PHP,Python,,SQL,
,,C#,,JavaScript,jQuery,,,,,,,SQL,
,,C#,,,,,,,,,,,Powershell
,,,,JavaScript,jQuery,,Node.js,,,,Ruby,SQL,
,,C#,,,,,,Objective-C,,,,SQL,
,,,,,,,,,,,,,
,,C#,,JavaScript,,,,,,,,,
,,,Java,,jQuery,,,,,Python,,SQL,Scala
,,,,JavaScript,jQuery,,,,,,Ruby,SQL,
,,C#,,JavaScript,jQuery,,,,,,,SQL,
,C++,,Java,JavaScript,jQuery,,Node.js,,,Python,,,"Mongo, Redis, Backbone, XUL"
,C++,C#,Java,JavaScript,,,,,,,Ruby,,
,,,,JavaScript,,,,,,Python,,,
,,,,JavaScript,jQuery,,,,PHP,,,SQL,
,,,,JavaScript,jQuery,,,,,,Ruby,SQL,rhomobile
,,C#,,,jQuery,,,,,,,,
,C++,C#,,,,,,Objective-C,,,,SQL,
,,,,JavaScript,jQuery,,,,,,,SQL,
,,,,,,,,,,,,,
C,C++,,,,,,,,PHP,Python,,SQL,
,,C#,,,,,,,PHP,,,SQL,assembler
,,C#,,JavaScript,jQuery,,,,,,,SQL,ASP
C,C++,C#,,,,,,,PHP,,,SQL,"HTML, CSS"
,C++,,,,,,,,PHP,,,,Matlab
,,C#,Java,JavaScript,jQuery,,,Objective-C,PHP,,,SQL,Delphi
,,,Java,,,,,Objective-C,,,,,
,,,,,,,,,,,,,
,,,,JavaScript,jQuery,,,,,,Ruby,,
C,,,,JavaScript,jQuery,,,,PHP,Python,,,Matlab
C,,C#,,JavaScript,jQuery,,,,,Python,,SQL,
,,,Java,JavaScript,jQuery,,,,,,Ruby,,
,,,,,,,,,,,,,
,,,,JavaScript,jQuery,,Node.js,,PHP,,,SQL,
,,,,,,,,,,,,,
C,,,,,,,,Objective-C,,,,,
,,,Java,JavaScript,jQuery,,,Objective-C,,,,SQL,
,,,Java,,,,,,,,,,
,,,,,,,,,,,,,
,,,Java,JavaScript,jQuery,,,,,Python,,SQL,
,,,Java,JavaScript,,,,Objective-C,,,,,
,,C#,,JavaScript,jQuery,,,,,,,SQL,
,,,Java,JavaScript,jQuery,,,,,,,,
,,,,,,,,,,,,,
,,C#,Java,JavaScript,jQuery,,,,,,Ruby,,
,,,,,,,,,,,,,
,,,,JavaScript,jQuery,,,,,,Ruby,,
C,,,,JavaScript,jQuery,,,,,,,,
,,C#,Java,,,,,,,,,SQL,
,,,Java,JavaScript,,,Node.js,,PHP,,Ruby,,
C,,C#,,,,,,,,Python,,,Erlang
,,,Java,,,,,,PHP,,,SQL,
,,,,,,,,,,,,,
,,,Java,JavaScript,jQuery,,,,,,,SQL,
,,C#,,JavaScript,jQuery,,,,,,Ruby,SQL,
,,,,JavaScript,,,,Objective-C,PHP,,,SQL,
,,C#,,,,,,,,Python,,SQL,
,,,Java,JavaScript,,,,Objective-C,,,,SQL,
,,C#,,JavaScript,jQuery,,,,,,,SQL,
,,,,JavaScript,jQuery,,,Objective-C,,,Ruby,SQL,
,,C#,,,,,,,,,,,Delphi
,,C#,,,,,,,,,,,
,,,,,,,,,,,,,
,,C#,,,jQuery,,,,PHP,,,SQL,
,,C#,,JavaScript,,,,,,,,,
,,,,,,,,,,Python,,,
,,,Java,,,,,,,,,,
,,C#,Java,,,,,,,,,,
,,,,JavaScript,jQuery,,,,,Python,,,Django
,,,Java,JavaScript,,,,Objective-C,,,,,Smalltalk
,,,,,,,,,,,,,
,,,Java,JavaScript,jQuery,,,,PHP,,,,NoSQL
,,,,,,,,,,,,,
,,,Java,,,,,Objective-C,,,Ruby,,
,,C#,,JavaScript,jQuery,,,,,,,,
,,C#,,JavaScript,jQuery,,,,,,,SQL,Delphi
,,,Java,JavaScript,jQuery,,,,PHP,,,SQL,Groovy
C,C++,C#,Java,JavaScript,jQuery,,Node.js,Objective-C,PHP,Python,Ruby,SQL,
,,,,,,,,,,,,,
,,,,JavaScript,jQuery,,,Objective-C,PHP,,,SQL,
,,,,,,,,,,,,,
,,,,,,,,,,,,,
,,,,,,,,,,,,,
,,C#,Java,,,,,,PHP,,,,
,,,Java,JavaScript,jQuery,,,,PHP,,,,"CSS3, HTML5"
,,C#,,,,,,,,,,SQL,
,,,,,,,,,,,,,
,,,,JavaScript,jQuery,,,,PHP,,,,
,,C#,Java,JavaScript,jQuery,,,,,,,SQL,
,,C#,Java,,jQuery,,,,,,,,
,,C#,,JavaScript,jQuery,,,,,,,SQL,
,,C#,,JavaScript,jQuery,,,,,,,SQL,
C,C++,,,JavaScript,,,Node.js,,PHP,,,SQL,
C,,,,,,,,,PHP,,,,
,,,,,,,,,,,,,
,,,,,,,,,,,,,
,,,Java,JavaScript,jQuery,,Node.js,Objective-C,,,Ruby,,
,,,,,,,,,,,,,
C,C++,,,,,,,Objective-C,,,,,
,,,Java,,jQuery,,,,,Python,,,
,,,,JavaScript,jQuery,,Node.js,,PHP,,,,
,,C#,,JavaScript,jQuery,,,,,,,SQL,
,,,Java,,,,,,,,,,
,C++,,,JavaScript,jQuery,,,,PHP,Python,,SQL,
,,C#,,,,,,,,,,,
,,C#,,JavaScript,jQuery,,,,,,,SQL,nosql
,,,,JavaScript,jQuery,,,,PHP,Python,,,Perl
,,C#,,JavaScript,jQuery,,,,PHP,,,SQL,VB.NET
,,C#,,JavaScript,jQuery,,,,PHP,,,SQL,
,,,,JavaScript,jQuery,,,,PHP,,,SQL,"HTML5, CSS3, Responsive Design"
C,C++,C#,,JavaScript,,,,,PHP,,,SQL,
,,C#,,JavaScript,jQuery,,,,,,,SQL,"CSS, HTML"
,,,,JavaScript,jQuery,,,,,Python,,SQL,
,,,Java,,,,,Objective-C,PHP,,,,
,,,,JavaScript,,,,,,,,SQL,VBA
,,C#,,JavaScript,jQuery,,,,PHP,,,SQL,
,,,,,,,,,,,,,
,,C#,,,jQuery,,,,,,,,
C,,,,,,,,Objective-C,,,,,
C,C++,,,JavaScript,,,,,,,,,
C,C++,,Java,,,,,,,,Ruby,SQL,
C,,C#,Java,,,,,Objective-C,,,,,
,,,Java,JavaScript,,,,,,Python,,SQL,
,,C#,Java,JavaScript,jQuery,,,,,,,,Scala
,,,,,,,,,,,,,
,,,,,,,,,,,,,
,,,,,,,,,,,,,
,,,Java,JavaScript,jQuery,,,,,,,SQL,
,,,Java,JavaScript,jQuery,,,,PHP,,Ruby,SQL,"Groovy, Grails, Ruby on Rails, Drupal"
,,,Java,,,,,,,,,SQL,
,,C#,,JavaScript,jQuery,,,,,,,,
,,C#,,JavaScript,jQuery,,,,,,,,Nemerle
,,C#,Java,JavaScript,jQuery,,,,PHP,,,SQL,
,,C#,,JavaScript,jQuery,,,,PHP,Python,,SQL,
,,C#,Java,,,,,,,,,SQL,VB.NET
,,C#,,JavaScript,jQuery,,,,,,,SQL,AngularJS
,,,,,,,,,,,,,
,,,,JavaScript,jQuery,,,,,,,SQL,"VBA, VB.Net"
,,,,JavaScript,,,,,,Python,Ruby,,
,,C#,,JavaScript,jQuery,,Node.js,,,Python,Ruby,SQL,
,,,Java,JavaScript,jQuery,,,,,,,,scala
,,,,,,,,,,,,,
C,C++,C#,Java,,,,,,PHP,,,SQL,
,,,,,,,,,,,,,
C,,C#,Java,,,,,,PHP,,,SQL,
,,,Java,JavaScript,jQuery,,,,,,,SQL,velocity
,C++,C#,Java,,,,,,,,,SQL,
,,,,JavaScript,jQuery,,,,PHP,Python,,SQL,
,,,,,,,,,,,,,
,,,,JavaScript,jQuery,,,,PHP,,,SQL,
,,C#,,,,,,,PHP,,,SQL,Delphi
,,C#,,JavaScript,jQuery,,,,,,,,
,,,Java,JavaScript,jQuery,,,,PHP,,,SQL,
,C++,,Java,,,,,,,Python,,SQL,
,,,,,,,,,,,,,
,,,,,,,,,,,,,
C,C++,,,,,,,Objective-C,,,,,
C,,,,,,,,,,Python,,SQL,
,,,,,,,,Objective-C,,,,,
,,,Java,,,,,,,,,,
,,C#,,JavaScript,jQuery,,,,,,,SQL,
,C++,,Java,,,,,,,,,,
C,C++,,Java,JavaScript,,,,,PHP,,,SQL,
,,C#,,,,,,,,,,SQL,
,,,,JavaScript,jQuery,,,,PHP,Python,Ruby,,"HTML, CSS"
,C++,C#,Java,,,,,,,,,,
C,C++,,Java,,,,,,,,,,
,,,,JavaScript,,,,Objective-C,PHP,,,SQL,
,C++,,Java,,,,,,,,,,
,,C#,Java,JavaScript,,,,,,Python,Ruby,SQL,X++
,,C#,Java,,,,,,,,,SQL,Haskell
,,,Java,,,,,,PHP,,,SQL,
,,C#,,,,,,,,,,SQL,
,,C#,,,,,,,PHP,,,SQL,
,,C#,,JavaScript,jQuery,,,,,,,SQL,
,,,Java,,,,,,,,,SQL,XML
,,,,,,,,,,,,,
,,,,JavaScript,jQuery,,,,PHP,,,SQL,
,,C#,,JavaScript,jQuery,,,,,,,SQL,
C,,,,JavaScript,,,,,,,,,Haskell
,,,,JavaScript,jQuery,,,,PHP,,,SQL,MongoDB
,,,Java,,,,,,,,,,
,,C#,,JavaScript,,,,,PHP,,,SQL,
,,C#,,,,,,,,,,,
,C++,C#,,,,,,,,,,,
,C++,,,JavaScript,jQuery,,Node.js,,PHP,Python,Ruby,SQL,Perl
,,,Java,JavaScript,jQuery,,,,,,,,
,,C#,,JavaScript,,,,,,,,SQL,custom scripting
,,,Java,,,,,,,,,SQL,"Perl, XML, XSLT"
,,,Java,JavaScript,,,,,PHP,,Ruby,SQL,
,,,Java,JavaScript,jQuery,,,,,,,,groovy
,,,,,,,,,,,,,
,,,,,,,,,,,,,shell
,,C#,Java,JavaScript,,,,,,,,SQL,
,,C#,,JavaScript,jQuery,,,Objective-C,PHP,,,SQL,
,,,,,,,,,,,,,
,,C#,,JavaScript,jQuery,,,,,,,SQL,
,,,,,,,,,,,,SQL,VBA
C,C++,,Java,,,,Node.js,,PHP,,,SQL,Perl
,,,Java,JavaScript,,,,,,,,SQL,
,,,Java,JavaScript,jQuery,,,,PHP,,,SQL,
,,,,JavaScript,jQuery,,,,PHP,,,SQL,
C,C++,,,JavaScript,jQuery,,,,,,Ruby,SQL,
,,,,,,,,Objective-C,,,,,
,,,,JavaScript,jQuery,,Node.js,Objective-C,PHP,,,,
,,C#,,JavaScript,jQuery,,,,,,,SQL,"wpf,wcf,knockout"
,,C#,Java,,,,,,,,,SQL,
,,,,,,,,,,,,,
,,C#,Java,,,,,,,,,,
,,,Java,JavaScript,jQuery,,Node.js,Objective-C,,,,,
,,C#,,JavaScript,jQuery,,,,,,,,"HTML, CSS"
,,,,JavaScript,jQuery,,,,PHP,,,SQL,
C,,C#,,JavaScript,jQuery,,,,,,,SQL,
,,C#,,JavaScript,jQuery,,,,,,,SQL,
,,,,,,,,,,,,,
,,,Java,,,,,Objective-C,,,,SQL,
,,,,,,,,,,,,,
,,,,,,,,,,,,,
C,C++,,,,,,,Objective-C,,,,,
C,,,,,,,,,,Python,,,
,,,,,,,,,,,,,
,,,Java,JavaScript,jQuery,,,,PHP,,,SQL,
,,,,,,,,,,,,,
,C++,C#,Java,JavaScript,jQuery,,,,,Python,,SQL,Delphi
C,C++,,,JavaScript,,,Node.js,,,,,,Haskell
,C++,C#,,,,,,,,,,SQL,
,C++,,Java,,,,,,PHP,,,SQL,Scala
,,,,,,,Node.js,,,,,,
,C++,,,,,,,,,,,,Matlab
,,,,,,,,,,,,,
,,,Java,JavaScript,jQuery,,,,,,,,
,,,Java,JavaScript,jQuery,,,,,Python,,SQL,
,,,,,,,,,,,,,
,,C#,,JavaScript,jQuery,,,,,,,SQL,asp
,,C#,,JavaScript,jQuery,,Node.js,,,,,SQL,
,,,,,,,,,,,,,delphi
,,,Java,,,,,,,,,SQL,
,C++,,,,,,,,,,Ruby,,Perl
,,,Java,JavaScript,jQuery,,,,,,,,
,,,,,,,,,,,,,
,,,Java,JavaScript,,,,,PHP,,,,ExtJs
,,C#,,,,,,,,,,,
,,,,,,,,,,,,,
,,C#,Java,,,,,,,Python,,,
,,,,,,,,,,,,,
,,,,,jQuery,,,,,Python,,,
,,,,,,,,,,,,,
,,,,,,,,,,,,,
,,,Java,JavaScript,,,,Objective-C,,,,,Dojo
,,,,JavaScript,jQuery,,,,PHP,Python,,SQL,
,C++,C#,,,jQuery,,,,,,,SQL,
,,,,JavaScript,jQuery,,Node.js,,PHP,,,SQL,
,,C#,Java,JavaScript,jQuery,,,,,,,SQL,
,,,,JavaScript,jQuery,,,,PHP,,,SQL,
,,,Java,,,,,,,,,SQL,
,,,,,,,,,,,,,
C,C++,,,,,,,Objective-C,,Python,,SQL,
,,C#,Java,JavaScript,jQuery,,,,PHP,,,SQL,
,,,,,,,,,,,,,
,,C#,,JavaScript,jQuery,,,,,,,SQL,
,,C#,,JavaScript,jQuery,,,,,,,,
,,,,JavaScript,jQuery,,,,PHP,,,SQL,
,,C#,,JavaScript,jQuery,,,,,,,SQL,TypeScript
,C++,C#,Java,,,,,,,,,SQL,
,,C#,Java,JavaScript,jQuery,,,,,,,SQL,
,,C#,,JavaScript,jQuery,,,,,,,SQL,
C,,,Java,JavaScript,jQuery,,,,,,,SQL,perl
,,,Java,JavaScript,jQuery,,,,PHP,,,,
,,,Java,,,,,,,,,,
,,C#,,JavaScript,jQuery,,,,,,,SQL,
,,C#,Java,JavaScript,jQuery,,,,,,,SQL,
,,,Java,,,,,,,,,SQL,matlab
,,,,,,,,,,,,,
,,,Java,JavaScript,jQuery,,,,,,,SQL,
,,,,,,,,,PHP,,,SQL,Delphi
C,,,Java,,,,,Objective-C,PHP,Python,,SQL,
,,C#,,,,,,,,,,SQL,
,,,Java,JavaScript,,,,,,,,,Actionscript 3/MXML/Flex
,,,,,,,,,,,,,
,,,,,,,,,,,,,
,,,,,,,,,,,,,
,,C#,,,,,,,,,,,
,,,,JavaScript,jQuery,,,,PHP,,,SQL,
,,,,,,,,,,Python,Ruby,,
,,,,,,,,,,,,,
,,C#,,,jQuery,,,,,,,SQL,ASP.NET
C,C++,C#,,,,,,,,Python,,SQL,F#
,,,,,,,,,,,,,
,,,Java,JavaScript,jQuery,,Node.js,,PHP,,,SQL,
,,,Java,JavaScript,,,,,,,,SQL,
,,C#,,,jQuery,,,,,,,,
,,C#,,JavaScript,jQuery,,,,,,,SQL,
,,,Java,JavaScript,jQuery,,,,,,,SQL,
,,,,,,,,,,,,,
,,C#,,JavaScript,jQuery,,,Objective-C,,Python,,SQL,
,,C#,,JavaScript,,,,,,,,SQL,
,,,,JavaScript,jQuery,,,,PHP,,,,"ActionScript, HTML, CSS"
C,C++,,Java,,,,,,,Python,,,"Tcl, D"
C,,,Java,JavaScript,jQuery,,,Objective-C,PHP,,,SQL,google-closure
,,,,,,,,,,,,,
,,,,,,,,,,,,SQL,Delphi
,C++,,Java,,,,,,,,,,
,,C#,,,,,,,,,,,F#
,,C#,,JavaScript,jQuery,,,,,,,SQL,
,,C#,,,,,,,,,,SQL,"VB6, VB.NET"
C,,,,,,,,,,Python,,,
,,,Java,JavaScript,jQuery,,,,,,,SQL,groovy
,,,Java,,,,,,,,,SQL,
,,C#,Java,,jQuery,,,,,,,SQL,
,,C#,,,,,,,,,,,"Boo, Lua, F#"
,,,Java,,,,,,,,,,
,,C#,,JavaScript,jQuery,,Node.js,,,,Ruby,,
,,,Java,JavaScript,jQuery,,,,PHP,,,SQL,
,,C#,,,,,,,,,,,
,,C#,,JavaScript,jQuery,,,,,,Ruby,SQL,
,,C#,,JavaScript,jQuery,,,,,,,SQL,
,,,Java,,,,,,,Python,,,
C,,,,JavaScript,jQuery,,Node.js,Objective-C,PHP,,,SQL,
,,C#,Java,,,,,,,,,,Objective C
,C++,C#,,,,,,,,,,,
,,,,,,,,,,Python,,,
,,,,JavaScript,jQuery,,,,PHP,,,SQL,
,,,,,,,,,,,,,
C,C++,,,,,,,,,Python,,,
,,,Java,JavaScript,jQuery,,,,PHP,Python,Ruby,SQL,
,,C#,Java,,jQuery,,,,,,,,
,,,,,,,,,,,,SQL,VB6 :(
,,,,,,,,,,,,,R
,,,,JavaScript,,,,Objective-C,,,,,
C,C++,,,,,,,Objective-C,,Python,,,D
,,,,,,,,,,,,,
,,,,,,,,,,Python,,,
,,,Java,,,,,,,,,SQL,
,,,,,,,,,,Python,,,"BASH, Cygwin"
,,,,,,,,,PHP,,,,
,,,,JavaScript,jQuery,,,,PHP,,,SQL,
,,,,JavaScript,jQuery,,,,,,,,
,,,Java,JavaScript,,,,,,,,,
,,,,JavaScript,jQuery,,,,PHP,,,,"HTML, CSS"
,,,,,,,,,,,,,
,C++,,Java,,,,,,PHP,,,SQL,
C,C++,,,JavaScript,,,,Objective-C,,,,,
,,,,,,,,,,,,,
,,C#,,,jQuery,,,,PHP,,,SQL,
,C++,,,,,,,,,Python,,,
,C++,C#,,JavaScript,jQuery,,,,,,,,
,,,,JavaScript,jQuery,,Node.js,,PHP,,,SQL,
,,C#,,JavaScript,jQuery,,Node.js,,,,,,
,,,,,,,,,,,,,
C,C++,C#,Java,JavaScript,jQuery,,,Objective-C,PHP,Python,Ruby,,MySQL
C,,C#,Java,,,,,,PHP,,,,
,,,Java,JavaScript,jQuery,,Node.js,Objective-C,,Python,,SQL,
C,,,Java,JavaScript,,,,Objective-C,PHP,,,,
,,,,,,,,,,,,,
,,,Java,JavaScript,jQuery,,,,,,,,"Dart, ABAP"
,C++,,,JavaScript,jQuery,,,,PHP,,,SQL,
,,,Java,JavaScript,jQuery,,,,,,Ruby,,
,,,,,,,,,,,,,
C,C++,C#,Java,JavaScript,jQuery,,,Objective-C,PHP,,,SQL,
,,C#,,JavaScript,,,,,,,,,logic (FOL)
,,C#,Java,,,,,Objective-C,,,Ruby,SQL,
,,,,JavaScript,jQuery,,,Objective-C,,,,SQL,"ColdFusion, .NET"
,C++,C#,,,,,,,,,,SQL,
,,,,,,,,,,,,,
,,,Java,JavaScript,jQuery,,,,PHP,,,SQL,
C,,,Java,,,,,Objective-C,,Python,,,
C,C++,C#,,JavaScript,jQuery,,,,PHP,,,SQL,
C,,,,JavaScript,jQuery,,,,PHP,,,SQL,
,,,,,,,,,,,,,
,,C#,,,,,,,,,,SQL,
,,,,JavaScript,jQuery,,,,,Python,,SQL,
,,,,JavaScript,jQuery,,,,PHP,,,SQL,
,C++,,,,,,,,,,,,Tcl/Tk
,C++,,,,,,,,,,,,
C,C++,C#,Java,JavaScript,jQuery,,Node.js,,PHP,,Ruby,SQL,
,,,Java,JavaScript,jQuery,,Node.js,,,,,SQL,
,,,,JavaScript,jQuery,,,,PHP,,,SQL,"CSS, XSL, XML Schema, Bash"
C,C++,,,,,,,,,,,,
,,,,,,,,,,,,,
C,C++,,,,,,,,PHP,Python,,SQL,[ba]sh
C,C++,,,JavaScript,jQuery,,,,PHP,Python,,,
,,C#,,,,,,,,,,SQL,
,,C#,,JavaScript,jQuery,,,,,,,SQL,
,,,,,,,,,,,,,
,C++,C#,Java,,,,,,,,,SQL,
,,,Java,JavaScript,jQuery,,Node.js,,,,Ruby,SQL,
,,,Java,,,,,,,,,SQL,Scala
,,,Java,,,,,,,,,,Flex
C,,,Java,,,,,,,,,,
,,,,,,,,,,,,,
,C++,,,JavaScript,jQuery,,,,PHP,,,SQL,
,,,Java,JavaScript,jQuery,,Node.js,,PHP,Python,,SQL,"CSS, PhoneGap"
,,C#,,,,,,,,,,SQL,
,,,,JavaScript,jQuery,,Node.js,,,,Ruby,,
,,,,JavaScript,jQuery,,,,,,Ruby,SQL,
,C++,,Java,JavaScript,jQuery,,,,PHP,,,SQL,"MATLAB, Mathematica"
,,,,JavaScript,jQuery,,,,PHP,Python,,SQL,
,,,Java,JavaScript,jQuery,,,,PHP,,,SQL,
,C++,,,JavaScript,jQuery,,Node.js,,PHP,,,,"coffescript, backbone.js"
,,,,JavaScript,jQuery,,,,PHP,,,SQL,
,,,,,,,,,,,,,
,,,,,,,,,,,,SQL,PL/SQL
,,C#,,JavaScript,jQuery,,,,,Python,,,Visual Basic
,,,,,,,,,,Python,,,
,,,Java,JavaScript,jQuery,,,,PHP,,,SQL,
,,C#,,JavaScript,jQuery,,,,,,,SQL,Dojo
,,,Java,JavaScript,,,,,,Python,,SQL,
,,,,,,,,,,,,,
,,C#,,JavaScript,jQuery,,,Objective-C,,,,SQL,
,,,Java,JavaScript,jQuery,,Node.js,,PHP,Python,,SQL,Haskell
,,,Java,JavaScript,jQuery,,,,,,,SQL,vb.net
,,,,JavaScript,jQuery,,,,,Python,,,
,,,,JavaScript,jQuery,,,,,Python,,SQL,
,,,Java,,,,,,,,,,
,,,,JavaScript,jQuery,,,,PHP,,Ruby,SQL,
,,,,,,,,,,Python,,SQL,
,,,,,,,,,,,,,
,,,Java,JavaScript,jQuery,,,,,,,SQL,
,,,,,,,,,,,,,
,,,,,,,,,,,,,
,,C#,,JavaScript,jQuery,,,,,,,,VBA
,,,,,,,,,,,,,
,C++,,Java,,,,,,,Python,,,
,,,,JavaScript,jQuery,,,,,,Ruby,,PID controller
,,C#,Java,,,,,,,,,SQL,
,,,,,,,,,,,,,VBA
,,C#,,JavaScript,jQuery,,,,,,,,
,,,,JavaScript,jQuery,,,,,,Ruby,,
,,,,,,,,,,,,,
,C++,C#,,,,,,,,,,,
,,C#,Java,,,,,,PHP,,,SQL,
,,,Java,JavaScript,jQuery,,,,,,,,
,,,,,,,,,,,,,
,,,,JavaScript,jQuery,,,,PHP,Python,,SQL,
,,,,JavaScript,jQuery,,,,PHP,,,SQL,
,,,,,jQuery,,,,PHP,,,SQL,
,C++,,Java,,,,,,,,,,
,,,,,jQuery,,,,PHP,,,,Perl
,,,Java,,,,,,,,,,Scala
,,C#,Java,JavaScript,jQuery,,,,PHP,,,SQL,
,,C#,,JavaScript,,,,,,Python,,,AutoLisp
,,C#,,JavaScript,jQuery,,,,,,,SQL,
,,,,,,,,,,,,,
C,,,,JavaScript,jQuery,,,,,Python,,,
,,C#,,,jQuery,,,,PHP,,,,
,,,,JavaScript,jQuery,,,,PHP,,Ruby,,
,,C#,,JavaScript,jQuery,,,,,,,SQL,
,,,Java,,,,,Objective-C,,,,,
,,,,JavaScript,jQuery,,,,,,,SQL,"VB6, VBA, VBScript"
,,,Java,JavaScript,,,,,,,,,
,,C#,,JavaScript,jQuery,,,,,,,SQL,
,,C#,,JavaScript,jQuery,,Node.js,,PHP,Python,,SQL,
,,,Java,JavaScript,jQuery,,,,PHP,,,SQL,unify-4gl
,,,Java,,jQuery,,,,,,,SQL,
,,,,,,,,Objective-C,,,,,
,,,Java,JavaScript,jQuery,,,,PHP,,,SQL,
,,,,JavaScript,jQuery,,,,PHP,Python,,,
,,,,,,,,,,Python,,,
,,C#,,JavaScript,jQuery,,,,PHP,,,SQL,
C,C++,C#,Java,,,,,,,,,SQL,
,,C#,Java,JavaScript,jQuery,,,,PHP,,,SQL,
,,C#,,JavaScript,jQuery,,,,,,,SQL,F#
,,,,JavaScript,jQuery,,Node.js,,,Python,Ruby,SQL,
,,,Java,JavaScript,jQuery,,,,,,,,Scala
C,,,,,,,,,,Python,,SQL,
,,,Java,,jQuery,,,,,Python,,SQL,
,,C#,,JavaScript,jQuery,,,,,,,SQL,PowerShell
C,,,,,,,,Objective-C,,,,,
,,,,,,,,,,Python,,,VB
,,,Java,,,,,,,,,,Cobol
,,,Java,JavaScript,jQuery,,,,,,,SQL,"Scala, Mongo"
,,C#,Java,JavaScript,jQuery,,,,,,,,
,,C#,,JavaScript,,,,,,,,SQL,
,,C#,Java,JavaScript,jQuery,,,,,,,,SAP ABAP
,,C#,,JavaScript,jQuery,,,,,,,SQL,
C,C++,,,,,,,,,,,,
,,,,,,,,,,,,,
C,,C#,,,,,,Objective-C,,,,,
,,,,,,,,,,,,,
,C++,,,,,,,,,,,,perl
,,C#,,JavaScript,jQuery,,,,,,,SQL,
,,,Java,JavaScript,jQuery,,,,PHP,,,,MySQL
,,,Java,,,,,,,,,,
,,,Java,JavaScript,jQuery,,Node.js,,PHP,,,SQL,
,,,Java,JavaScript,jQuery,,,,,,,SQL,"Perl (and lame leaving it off the default list, it's much more widely used than Python or Ruby or Node.js and even PHP if you count sysadmin/automation)"
,,C#,,JavaScript,jQuery,,,,PHP,,,SQL,
,,,,,,,,,,,,,
,,C#,Java,JavaScript,jQuery,,,Objective-C,,,,,
,,,Java,JavaScript,jQuery,,,,PHP,,,SQL,
,,,Java,JavaScript,,,,,,,,,Scheme
,,,,,,,,,,,,,
,,C#,,,,,,,,,,SQL,XAML
,,C#,,JavaScript,jQuery,,,,,,,SQL,VB.net
,,C#,,JavaScript,jQuery,,,,,,,,
,,C#,,JavaScript,jQuery,,,,,,,SQL,
C,C++,C#,Java,JavaScript,jQuery,,,,,,,SQL,
,,,Java,,,,,,,,,SQL,
C,,,Java,,,,,Objective-C,,Python,,,
,,,,JavaScript,jQuery,,,,PHP,,,SQL,
,,,,,,,,Objective-C,,,,,
C,C++,,Java,JavaScript,,,,,,Python,,,"Matlab, Mathematica"
,,,Java,JavaScript,jQuery,,,,,,,,ColdFusion
,,C#,,JavaScript,jQuery,,,,PHP,,,,
,,,,,,,,,,,,,
,,C#,,JavaScript,,,,,,,,SQL,"HTML, XML"
C,,,,JavaScript,jQuery,,,Objective-C,PHP,,,,
,,,,JavaScript,jQuery,,Node.js,,,,Ruby,,CoffeeScript
C,C++,,Java,JavaScript,jQuery,,,,,Python,Ruby,,
,C++,C#,,JavaScript,jQuery,,,,,,,SQL,ASP
,,,Java,,,,,,,,,,
,,,,,,,,,,,,,
,,,,JavaScript,jQuery,,,,,,Ruby,,
,,,,,,,,,,,,SQL,Perl
C,C++,C#,,JavaScript,jQuery,,,,,,Ruby,SQL,
,,,,,jQuery,,,,PHP,,,SQL,
,,,Java,,,,,,,,Ruby,,
,,C#,Java,,jQuery,,,,,,,SQL,
,,,Java,JavaScript,,,,,PHP,Python,,SQL,Scala
,,,,,,,,,,Python,,,
,,,Java,,,,,,,,,SQL,
,,C#,,,,,,,,,,SQL,
,C++,,,,,,,,,Python,,,
C,C++,,,,,,,,PHP,Python,,,
,,C#,,JavaScript,jQuery,,,,,,,SQL,
,,,Java,,,,,,,,,,
,,,Java,JavaScript,jQuery,,Node.js,,,Python,,,
,,C#,,,,,,,PHP,,,SQL,
,,,,,,,,,,,,,
,,C#,,,,,,,,,,SQL,
,,C#,,,,,,,,,,SQL,
,,C#,,JavaScript,jQuery,,,,,Python,,,
,C++,C#,,JavaScript,jQuery,,,,,,,SQL,
,C++,,Java,JavaScript,jQuery,,,,PHP,,,SQL,"Railo, Coldfusion"
,,C#,,,,,,,,Python,,,
C,,,Java,,,,,,,Python,,,"Fortran, MPI"
C,C++,,Java,JavaScript,,,,,,,,SQL,
,,,,,,,,,,,,,
,,C#,,,jQuery,,,,PHP,,,SQL,
,,,,,,,,,,,,,
C,C++,,,JavaScript,jQuery,,,Objective-C,,,Ruby,SQL,
,,,Java,JavaScript,jQuery,,Node.js,,PHP,,,SQL,
C,C++,C#,,,,,,Objective-C,,,,,
,,,,JavaScript,,,,,PHP,,,SQL,
,,,,JavaScript,jQuery,,,,PHP,,,SQL,
,,C#,,JavaScript,,,,Objective-C,,,,,CoffeeScript
,,,Java,JavaScript,jQuery,,,,,,,SQL,
,,,,JavaScript,jQuery,,,,PHP,,,SQL,
C,,C#,Java,JavaScript,jQuery,,,,,Python,,SQL,Sharepoint
,,C#,,JavaScript,jQuery,,,,,,,SQL,
,,C#,,JavaScript,jQuery,,,,,,,SQL,VB
,,,Java,,,,,Objective-C,,,,,VB.Net
C,,C#,,,,,,,,,,SQL,
C,,,,,,,,,,Python,,SQL,
,,,,,,,,,,,,,
,,C#,Java,JavaScript,,,,,,,,SQL,ColdFusion
,,C#,Java,JavaScript,,,,,,,,SQL,
C,C++,,Java,JavaScript,jQuery,,,,,Python,Ruby,,
,,,Java,JavaScript,jQuery,,Node.js,,PHP,,,,
,C++,,,JavaScript,jQuery,,,,PHP,,Ruby,SQL,"CSS, AJAX, JSON"
,,,,,,,,,,,,,
,,,,,,,,,,,,,
,,C#,,JavaScript,jQuery,,,,,,,SQL,
C,C++,,Java,,,,,,,Python,,,
,,,Java,JavaScript,jQuery,,,,,Python,Ruby,SQL,
,,,Java,JavaScript,,,,,,,,SQL,
,,,,JavaScript,jQuery,,,,PHP,,,SQL,
,,,Java,,,,,,,Python,,SQL,
,C++,,Java,,,,,,,Python,,,
C,,C#,,JavaScript,jQuery,,,,PHP,,Ruby,SQL,Visual Objects
C,C++,C#,Java,JavaScript,jQuery,,,Objective-C,,,,SQL,
C,C++,C#,,,,,,Objective-C,,,,SQL,
,,,,,,,,,,,,,
,,C#,Java,JavaScript,jQuery,,,,,,,SQL,
,C++,,,JavaScript,,,,,PHP,,,,
,,,Java,JavaScript,jQuery,,,,PHP,,,SQL,
,,,,,,,,,,,,,
,C++,,Java,JavaScript,,,,,,,,,
,,,Java,JavaScript,jQuery,,,,PHP,,,SQL,
,,C#,,JavaScript,jQuery,,,,,,,,
,,,,,,,,Objective-C,,,,,
,,,,,,,,Objective-C,PHP,,,SQL,
,,,,JavaScript,jQuery,,,,PHP,,,SQL,
,,C#,,,,,,,,,,SQL,
,,,,,,,,Objective-C,,Python,,,
,C++,,Java,JavaScript,jQuery,,,,PHP,,,,
,,C#,,JavaScript,jQuery,,,,,,,SQL,Silverlight
,C++,,,JavaScript,jQuery,,,Objective-C,,,Ruby,SQL,
,,C#,,JavaScript,,,,,,,,SQL,
C,,,,JavaScript,jQuery,,,Objective-C,PHP,,,,
,,C#,Java,JavaScript,,,,Objective-C,,,Ruby,SQL,
,C++,,,,,,,,,,,SQL,"VB.Net, Ada"
,,,,JavaScript,jQuery,,,,PHP,,,SQL,
,,,,JavaScript,jQuery,,Node.js,,,,Ruby,,Dojo
,,,,JavaScript,jQuery,,,,,Python,,,"Haskell, CoffeeScript"
,,C#,,,,,,Objective-C,,,,,
C,C++,,,,,,Node.js,,,Python,,,Qt
,,C#,,JavaScript,jQuery,,,,,,,SQL,
,,C#,Java,JavaScript,jQuery,,,,PHP,Python,,SQL,
,,,,JavaScript,jQuery,,,,PHP,,,,
,,,,JavaScript,jQuery,,,Objective-C,PHP,,,SQL,
,,,Java,JavaScript,jQuery,,,,PHP,Python,,SQL,
C,C++,,Java,,,,,,,Python,,,
,,,,,,,,,PHP,,,SQL,Delphi
,C++,C#,,,jQuery,,,,,,,SQL,
,,C#,,JavaScript,jQuery,,,,,,,,
,,C#,,JavaScript,jQuery,,,,,,,,
,,C#,,,,,,,,,,SQL,Visual Basic
,,C#,,,,,,,,,,SQL,go
,,,,JavaScript,jQuery,,,,PHP,,,SQL,
,,,,,,,,,,,,,
,,C#,,JavaScript,jQuery,,,,,,,,
,,,,,,,,,,,,,
,,C#,,JavaScript,,,,,PHP,,,,
,C++,,,,,,,,,,Ruby,,
,,,,JavaScript,jQuery,,,,PHP,Python,,SQL,
,,C#,,JavaScript,jQuery,,,,,,,SQL,
,,C#,,JavaScript,jQuery,,,,,,,SQL,
,,,,,,,,,,,,,R
,C++,C#,,,,,,,,,,,
,,,Java,,,,,,,,,,
,,C#,,JavaScript,jQuery,,,,,,,SQL,
,,,Java,JavaScript,jQuery,,,,,,Ruby,SQL,
,,,,,,,,,,,,,
,,C#,,JavaScript,jQuery,,,,,Python,,SQL,
,C++,C#,,JavaScript,jQuery,,,Objective-C,,Python,,,
,,,,,,,,,,,,,
,,C#,,JavaScript,jQuery,,,,,,,SQL,
,,,,,,,,,,,,,
,,,,,jQuery,,,,,,,,
,,C#,Java,JavaScript,jQuery,,,,PHP,,,SQL,
C,,,,JavaScript,jQuery,,,,,Python,,,
,,C#,,JavaScript,,,,,,,,SQL,VB.Net
,,,,,,,,,,,,,
,,,,JavaScript,jQuery,,,,PHP,Python,,,
,,,,,,,,,,,,,
,,C#,Java,,,,,,,Python,,SQL,
,,C#,,,,,,,,,,SQL,
,,,,JavaScript,jQuery,,,,PHP,,,SQL,
,,,,JavaScript,jQuery,,,,,Python,,SQL,
C,,C#,Java,JavaScript,jQuery,,Node.js,,PHP,,,SQL,
,,,Java,,,,,,,,,SQL,
C,C++,C#,Java,JavaScript,jQuery,,,Objective-C,PHP,,Ruby,SQL,
,,,,JavaScript,jQuery,,,,,,,SQL,Really?? no VB.NET in the list?
,,,Java,,,,,,,,Ruby,SQL,
,,,Java,,,,,,,Python,,,"Lua, ActionScript"
,,,,JavaScript,jQuery,,,,PHP,,,,SAS
,,C#,,JavaScript,jQuery,,,,,,,SQL,
,,,Java,JavaScript,jQuery,,,,PHP,,,SQL,
C,C++,,Java,,,,,,,,Ruby,,
,,,,JavaScript,jQuery,,,,,Python,,,
,,C#,,JavaScript,jQuery,,,,,,,SQL,
,,C#,,,,,,,,,,,
,,,,,,,,,,,,,
,,C#,,JavaScript,,,,,,,,,
,,,,,,,,,,,,,
,,,,,,,,,,,,,
,,,Java,JavaScript,jQuery,,,,PHP,,,SQL,
,,C#,,JavaScript,jQuery,,,,,,,SQL,
,,,Java,JavaScript,jQuery,,,,,Python,,SQL,R
,,C#,,,,,,,,,,,delphi
,,C#,,JavaScript,jQuery,,,,,,,SQL,
C,C++,,Java,,,,,,,,,,
,,,,JavaScript,jQuery,,Node.js,,PHP,,,,
C,,,,,,,,,,Python,,,
,,,Java,,,,,,,,,,
,,,Java,,,,,,,,,,XSLT
,,C#,,JavaScript,jQuery,,,,,,,SQL,
,,,Java,JavaScript,,,,,,,,,Delphi
,,,,,,,,,,Python,,,
,,C#,,,,,,,,,,SQL,
,,C#,,JavaScript,jQuery,,,,,,,SQL,"classic asp, vb6"
,,C#,Java,JavaScript,,,,Objective-C,,,,,
,,,,,,,,,,,,,
,,,,,,,,,,,Ruby,SQL,
C,,,Java,JavaScript,,,,,,,,SQL,
,,,,JavaScript,jQuery,,,,PHP,Python,,SQL,
,,C#,,JavaScript,jQuery,,,,,,,SQL,
,,C#,Java,,,,,,,,,SQL,
,,,,,,,,,,,,,
C,,,Java,,,,,,,,,,
,,,,JavaScript,jQuery,,,,PHP,,,SQL,grails
,,C#,,,,,,,,,,,
,,,Java,,,,,,PHP,,,SQL,
,,,,,,,,,,,,,"Scala, Haskell, Agda"
,,C#,,JavaScript,jQuery,,,,,,,SQL,
,,,Java,JavaScript,jQuery,,,,,,,,Groovy
,,,Java,JavaScript,jQuery,,,,,,,,CFML
,,C#,,,jQuery,,,Objective-C,,,,SQL,
,,C#,Java,,,,,,,,,SQL,
,,,,JavaScript,jQuery,,,,,Python,,SQL,
,,,,,,,,,,,,,
,,,,,,,,,,,,,"R, Matlab, Mathematica"
,,,,,,,,,,,,,
,,,,JavaScript,jQuery,,,,,,Ruby,,
,,,,,,,,,,,,,
,,,,,,,,,,,,,
C,,,,,,,,,,,Ruby,SQL,
,,C#,,JavaScript,jQuery,,,,,,,SQL,
,,C#,,JavaScript,jQuery,,,,,,,,
,,,Java,JavaScript,jQuery,,,,PHP,,,,
,,,Java,JavaScript,jQuery,,,,,,,SQL,
,,C#,,JavaScript,jQuery,,,,,,,SQL,
,,,Java,JavaScript,jQuery,,,,,,,SQL,
,,C#,,JavaScript,jQuery,,Node.js,,PHP,,,SQL,CSS
,,C#,,JavaScript,jQuery,,,,,Python,,SQL,
C,C++,C#,,,,,,,,,,,
,,,,,,,,,,,,,
C,,,,,,,,,,Python,,,bash
,,,,JavaScript,jQuery,,,,,,,SQL,
,,,,JavaScript,jQuery,,,,PHP,,,SQL,
,,,,,,,Node.js,,PHP,Python,,,
,,C#,,JavaScript,jQuery,,,,,,,SQL,
,,,,JavaScript,jQuery,,,,,,,SQL,ColdFusion
C,C++,C#,,,jQuery,,,,,,,,Delphi
,,C#,,JavaScript,jQuery,,,,,,,SQL,xslt
,,C#,,JavaScript,jQuery,,,,,,,SQL,
,,,,,,,,,,Python,,SQL,
,,,,,,,,,,,,,
,C++,C#,,,,,,,,,,,"XML, XPath"
,,C#,,,jQuery,,,,,,,SQL,
,,,Java,,,,,,,Python,,SQL,Scala
,,,,JavaScript,jQuery,,,,PHP,,,,
,,C#,,JavaScript,jQuery,,,,,,,,
,,,Java,JavaScript,jQuery,,,,,,,SQL,
,,,,,,,,,,,,,
,,,,,,,,,,,,,
,,,Java,,jQuery,,,,,,,,"CSS3, HTML5"
,,C#,,JavaScript,,,,,,Python,,,
,C++,C#,,JavaScript,jQuery,,,Objective-C,PHP,,,SQL,
C,C++,,,JavaScript,,,,,,Python,,,
,,C#,,,jQuery,,,,,,,SQL,
,,,,,,,,,,,,,
,,,,JavaScript,jQuery,,Node.js,,,Python,,,
,,,,JavaScript,jQuery,,,,PHP,,,SQL,CSS
,,,,,,,,,,,,,
,,,,,,,,,,,,,
,,,,JavaScript,jQuery,,,,PHP,,,,
,,C#,,,,,,,,,,,
,C++,C#,,JavaScript,jQuery,,,,,,,SQL,
,,,Java,JavaScript,jQuery,,Node.js,Objective-C,PHP,,,SQL,
,,,,,,,,,,,,,
,,,,JavaScript,jQuery,,,,PHP,,,SQL,
,,,,,,,,Objective-C,,,,,
,C++,C#,Java,JavaScript,,,,,,,,,
,,,,,,,,,,,,,
C,,,,JavaScript,jQuery,,,Objective-C,,,Ruby,SQL,
,,,,JavaScript,jQuery,,Node.js,,PHP,,,SQL,
,,,,,,,,,,,,,
,,C#,,,,,,Objective-C,,,,SQL,
,,,,,jQuery,,,,,,Ruby,SQL,
,,,,JavaScript,jQuery,,,,PHP,,,SQL,
,,C#,Java,JavaScript,jQuery,,Node.js,,,,,,
,,,Java,,,,,,,,,,
,,C#,,JavaScript,jQuery,,,,,,,,
,,C#,,JavaScript,jQuery,,Node.js,,,,,,
,,,,JavaScript,jQuery,,,,PHP,,,SQL,CSS
,,C#,,JavaScript,jQuery,,,,PHP,,,,
,,,,,,,,,,,,,
,,,Java,,,,,,,,,SQL,"ZK, RPGLE"
,,,Java,JavaScript,,,,Objective-C,,,Ruby,SQL,"Perl, ZSH"
,,,,,,,,,,,,,
,,,,,,,,,,,,,
C,C++,,,,,,,,,Python,,,
,,,,,,,,,,,,,
,,,,JavaScript,jQuery,,,,,,,SQL,VB.NET
,,,,JavaScript,jQuery,,Node.js,,PHP,Python,,SQL,
C,C++,,Java,,,,,,PHP,,,SQL,
,C++,,,,,,,,PHP,,,,
,,,,,,,,,,,,,
,,,Java,JavaScript,jQuery,,,,PHP,,,SQL,
,,,,,,,,,,,,,
,,,Java,,,,,,,,,,
,,C#,,JavaScript,jQuery,,,,,,,SQL,
,C++,,,,,,,,,,,,
,,,,,,,,,,,,,
,C++,,,,jQuery,,,,,,,SQL,Delphi
,,,,,,,,,,,,,
,,C#,,,,,,,,,,SQL,VB .NET
,,,,,,,,,,,,,
,,,,,,,,,,,,,
,,,,JavaScript,jQuery,,,,,Python,,,
,,,,JavaScript,jQuery,,,,PHP,,,,
,,,,,,,,Objective-C,,Python,,SQL,
,,,,JavaScript,,,,Objective-C,,,,,
,,,Java,,,,,,,,,SQL,
C,C++,,,JavaScript,,,,Objective-C,PHP,,,,
,,,,JavaScript,jQuery,,,,,Python,,SQL,golang
,,C#,,JavaScript,jQuery,,,,,,,SQL,"VBA, VBScript"
,,,,,,,,,,,,,
,,,,JavaScript,jQuery,,Node.js,,,,Ruby,SQL,
,,,Java,JavaScript,jQuery,,,,,Python,,SQL,
,,,,,,,,,,,,,
,,,,,,,,Objective-C,,,,SQL,Delphi
C,C++,C#,,,jQuery,,,,,,Ruby,,
,,,,,,,,,,,,,
,,,,,,,,,,,,,
,,,Java,JavaScript,jQuery,,,,,Python,,,
,,,,,,,,,,,,,
,,C#,,JavaScript,jQuery,,,,,,,,
,,C#,,,,,,,,,,SQL,
,,,,,jQuery,,,,PHP,,,SQL,asp.net
,,C#,,JavaScript,jQuery,,,,PHP,Python,,SQL,Shopify / Liquid
,C++,,,,,,,,,Python,,,
,,,,JavaScript,,,,,,,,,vb.net
,,,,,,,,,,,,,
,,,,,,,,,,,,,
,,,Java,,,,,,,,,,
,C++,C#,,,,,,,,,,SQL,
,,,,JavaScript,jQuery,,,,PHP,,,,
,,C#,,,,,,,,,,,X++
,,,Java,JavaScript,,,,,,,,,
,C++,C#,Java,JavaScript,jQuery,,Node.js,,PHP,Python,Ruby,SQL,
,C++,C#,,JavaScript,jQuery,,,,,,,SQL,AS3
,,,,JavaScript,jQuery,,,Objective-C,PHP,,,SQL,
,C++,C#,Java,,,,,,,,,,f#
,,,Java,JavaScript,jQuery,,,,,Python,,SQL,
C,C++,,,,,,,,,,,,
,,,Java,JavaScript,jQuery,,,,,Python,,,
,,,Java,JavaScript,jQuery,,,,,,,,
,,,Java,JavaScript,jQuery,,Node.js,,,,,,
,,,Java,,,,,Objective-C,PHP,,,SQL,ActionScript 3
,,,Java,JavaScript,,,,,,,,SQL,
C,C++,,,,,,,Objective-C,,,,SQL,
C,,,,JavaScript,jQuery,,Node.js,,,,Ruby,SQL,
,,,,JavaScript,,,,,PHP,,,SQL,Yahoo! User Interface Library
,,,,,,,,,,,,,
,,C#,,JavaScript,jQuery,,,,,,,,
C,C++,,,JavaScript,jQuery,,,,,,,SQL,
,,,,,,,,,,,,,
,,,Java,JavaScript,jQuery,,,Objective-C,,,,,
,,C#,,JavaScript,jQuery,,,,PHP,,,SQL,
,,,,JavaScript,jQuery,,Node.js,,PHP,Python,,SQL,
,,,,JavaScript,,,,Objective-C,PHP,,,,MooTools
,,,Java,JavaScript,jQuery,,,,,,,SQL,
,,C#,Java,,,,,,,,,SQL,
,,C#,,JavaScript,jQuery,,,,,,,SQL,
,,C#,,,,,,,,,,,
,C++,C#,,JavaScript,jQuery,,,,,Python,,SQL,
,,C#,,,,,,,,,,,
,,,,,,,,,,,,,
,,C#,,JavaScript,jQuery,,,,,,,SQL,
,,,,,,,,,,,,,
,,,,,,,,,,,,,
,,,Java,JavaScript,jQuery,,,,PHP,,,SQL,
,,,Java,JavaScript,jQuery,,Node.js,,PHP,,,SQL,
,,C#,,JavaScript,jQuery,,,,,,,SQL,
,,,,,,,,,,,,,
,,,,JavaScript,jQuery,,,Objective-C,PHP,,Ruby,,
,,,,,,,,,,,,SQL,"plpgsql, bash"
C,C++,,,JavaScript,,,,,PHP,Python,,SQL,
,,,Java,,,,,,,,,,Android
C,C++,,Java,,,,,,,,,,
C,,,Java,JavaScript,jQuery,,,,PHP,,,SQL,
C,,,,,,,,,,,Ruby,,
,,,Java,JavaScript,jQuery,,,Objective-C,,,,SQL,
,,,,,,,,,PHP,Python,,SQL,Delphi
,,,,JavaScript,jQuery,,,,PHP,,,SQL,
,,,,,,,,Objective-C,,,,,
,,,,,,,,,,,,,
,,,,,,,,,,,,,
,,,Java,,,,,Objective-C,,,,,
,C++,,,,,,,,PHP,,,,"Perl, MATLAB"
,,,,,,,,,,,,,
C,C++,,Java,,,,,,,Python,,SQL,
,,C#,Java,,jQuery,,,,,Python,,SQL,
,,,,,,,,,,,,,
,,C#,Java,JavaScript,jQuery,,,,,,,,
,C++,C#,,,,,,,,,,,"F#, Nemerle"
,,C#,,JavaScript,jQuery,,,,,,,SQL,
,,C#,,JavaScript,jQuery,,,,,,,,
,,C#,,JavaScript,jQuery,,,,,,,,erlang
,,C#,,JavaScript,jQuery,,,,,,,SQL,
C,C++,,,JavaScript,,,,Objective-C,PHP,,Ruby,SQL,
C,C++,,,,,,,Objective-C,,,,,
,C++,,Java,,,,,,PHP,,,,
,,,Java,JavaScript,jQuery,,,Objective-C,,,,SQL,
,,,,,,,,,,,,,
,,,Java,JavaScript,,,,,PHP,,,,
,,,,JavaScript,jQuery,,,,PHP,,,SQL,
,C++,,,,,,,,,,,SQL,
,C++,,,JavaScript,jQuery,,,,PHP,,,SQL,
,,,,,,,,,,Python,Ruby,SQL,
,,C#,,JavaScript,jQuery,,,,,,,SQL,
,,,,,,,,,,,,,
,,,Java,,,,,,,,,,
C,C++,,Java,JavaScript,,,Node.js,,PHP,,,SQL,
,,,Java,,,,,,,,,SQL,
,,,Java,JavaScript,jQuery,,,,,,Ruby,SQL,
,,,,JavaScript,jQuery,,,,PHP,,,SQL,
,,C#,,JavaScript,jQuery,,,,,,,SQL,SSRS 2008 R2
C,,,Java,,,,,,,,Ruby,SQL,
,C++,,,JavaScript,,,,,,,,,Titanium Appcelerator
,,,,,,,,,,,,,
,,C#,,JavaScript,,,,,PHP,,Ruby,SQL,
,,C#,,,,,,,,,,,Delphi
,,,,,,,,,,,,,
C,C++,,Java,JavaScript,jQuery,,Node.js,,PHP,Python,Ruby,SQL,
,,,,,,,,,PHP,,,,
,,,Java,JavaScript,jQuery,,,,,,,,Groovy
,,,,,jQuery,,,,,,Ruby,,
,,,,JavaScript,jQuery,,,,,,,,
,,,Java,JavaScript,jQuery,,,,,,,,
,,,,JavaScript,jQuery,,,,PHP,,,SQL,
,,,Java,JavaScript,jQuery,,,,,Python,,,
,,,,,,,,,,,,,
,C++,C#,,JavaScript,jQuery,,,,,Python,,,
,,C#,Java,,,,,,,,,SQL,
,,C#,,,,,,,,,,,F#
,,,Java,JavaScript,jQuery,,,,PHP,,,SQL,
,,,,,,,,,,,,,
,,,Java,JavaScript,jQuery,,,,,Python,,SQL,
,C++,C#,Java,,,,,,,,,,
,,,Java,JavaScript,jQuery,,,,,,Ruby,SQL,
,,,,JavaScript,jQuery,,,,,Python,,,
,,C#,Java,JavaScript,jQuery,,,,,,,SQL,
,,,,,,,,,,,,,
C,,,,,,,,Objective-C,,,,,
,C++,C#,Java,,,,,,,Python,,,
,,C#,,,jQuery,,,,PHP,,,,
,,,Java,JavaScript,,,,,,,,,
,,,,JavaScript,jQuery,,Node.js,,,Python,,,
C,,,,JavaScript,jQuery,,,,,Python,,,
,,C#,,JavaScript,jQuery,,,,,,,SQL,
,,,Java,JavaScript,jQuery,,,,PHP,,,SQL,Groovy
,,,,JavaScript,,,,,,,,SQL,Delphi
C,,,Java,JavaScript,jQuery,,Node.js,Objective-C,PHP,Python,Ruby,SQL,
,,,,,,,,,,,,,
,,,Java,JavaScript,jQuery,,,Objective-C,PHP,,,SQL,
,,,,JavaScript,jQuery,,,Objective-C,,,,,
,,,,JavaScript,,,,,,,,,
,,,,,,,,,,,,,
C,,,Java,,,,,,PHP,Python,,SQL,
,,C#,,,,,,,,,,,
,,,Java,,,,,,PHP,,,,
,,,,JavaScript,jQuery,,,,PHP,,,SQL,
C,,,,JavaScript,jQuery,,,,PHP,Python,,SQL,Perl
,,C#,Java,JavaScript,jQuery,,,,,Python,,SQL,
,,C#,,,,,,,,,,SQL,
C,C++,C#,,JavaScript,jQuery,,,,,,,,Unity3d
,,,,,,,,,,,,,
,,C#,,,,,Node.js,,,,,SQL,
,,,,,,,,,,,,,
,,,,,,,,Objective-C,,,Ruby,,
,,,,JavaScript,jQuery,,Node.js,,PHP,,,SQL,
,,,Java,JavaScript,jQuery,,,,PHP,,,SQL,
,C++,C#,,,,,,Objective-C,,Python,,SQL,
,,,Java,JavaScript,jQuery,,Node.js,Objective-C,PHP,,Ruby,SQL,
,,,,JavaScript,jQuery,,,,,,,,
,,C#,Java,JavaScript,jQuery,,,Objective-C,,,,,
,,,,,,,,,,,,,
,C++,,,JavaScript,jQuery,,Node.js,Objective-C,,Python,,,
,,,,,,,,,,,,,
,,,Java,,,,,Objective-C,,,,,Powershell
,,,,,,,,,,,,,
,,,,,,,,,,Python,,SQL,R
,,,,JavaScript,jQuery,,Node.js,,,,,,
,,,,JavaScript,,,,,,,,,"Powershell, VBscript, Perl"
,C++,C#,,JavaScript,jQuery,,,,,,,,
,,,,,jQuery,,,Objective-C,PHP,,,SQL,
,,C#,,JavaScript,jQuery,,,,,,,,
,,C#,,,,,,,,,,SQL,
,,,,JavaScript,jQuery,,,,,,,,"Perl, Dojo"
,,,Java,JavaScript,,,,,PHP,,,SQL,
,,,Java,JavaScript,jQuery,,,,,,,,
,,,,,,,,,,,,SQL,
,C++,,,JavaScript,jQuery,,,,,Python,,,MongoDB
,,,,,jQuery,,,,PHP,,,,
,,C#,Java,JavaScript,jQuery,,,,PHP,,,SQL,
,,C#,,,,,,,,,,SQL,
,C++,,Java,,,,,,,Python,,,
,C++,C#,,JavaScript,jQuery,,Node.js,,,,,,Haskell
,,,,,,,,,,,,,
,,,,,,,,,,,,,
,,,Java,,,,,,,,,,
,,,,JavaScript,jQuery,,,,,,,SQL,VB.NET
,,C#,,JavaScript,jQuery,,,,,,,SQL,
,,,,,,,,,,,,,
,,,,,,,,,,,,,
,,,,,,,,,,,,,
,,,,JavaScript,jQuery,,,,PHP,,,,
,,,Java,JavaScript,jQuery,,,,PHP,Python,Ruby,SQL,
,,C#,,,,,,,,,,SQL,
,,,,,,,,,,,,,
C,,,Java,JavaScript,jQuery,,,,,Python,,SQL,
C,,,,,,,,,,,,,
,,,,,,,,,,,,,
,,,Java,,,,,,,,,,
,,,Java,JavaScript,jQuery,,,,PHP,,,SQL,
,,C#,,JavaScript,jQuery,,,,,,,,Powershell
,,,,,,,,,,,,,
C,,C#,,,,,,,,,,,
,,,,,,,,,,,,,
,,,,JavaScript,,,,,,,,SQL,Groovy
,,C#,,,jQuery,,,,,,,SQL,
,,,,,,,,,,,,,
,,,,JavaScript,jQuery,,,,PHP,,,SQL,
,,,,JavaScript,jQuery,,,,PHP,,,SQL,
,,,,,,,,,,,,,
,,C#,Java,JavaScript,,,,,,,,SQL,Oxygene
C,,,,JavaScript,,,,,,Python,Ruby,,Perl
,,,,,,,,,,,,,
,C++,C#,,JavaScript,jQuery,,,,,,,,
,,C#,Java,,,,,Objective-C,,Python,,SQL,
C,,,,,,,,,,Python,,,R   FORTRAN
,,,,,,,,,,,,,
C,C++,,,,,,,Objective-C,,Python,,,
C,,,,,,,,Objective-C,,Python,,,Perl
,,C#,Java,JavaScript,jQuery,,,,,,,SQL,
,C++,C#,,,,,,,,,,,
,,,Java,JavaScript,,,,,,,,SQL,
,,,,,,,,,,,,,
,,,Java,,,,,,,,,SQL,
,,C#,,,,,,,,,,,F#
,,,,,,,,,,,,,
,,,Java,JavaScript,jQuery,,,Objective-C,,,,,
C,C++,,,,,,,Objective-C,,,,,
,,,,,jQuery,,,,PHP,,,SQL,
,,C#,,JavaScript,jQuery,,,,PHP,,,SQL,
,,,,,,,,,,,,,
,,C#,,JavaScript,jQuery,,,,,,,SQL,VB
,C++,C#,,JavaScript,jQuery,,,,,,,SQL,
,,C#,Java,,,,,Objective-C,,,,SQL,
,,,,,,,,,,,,,
,,,,JavaScript,jQuery,,Node.js,,,Python,Ruby,SQL,
,,,,,,,,,,,,,
,,,,,,,,,,,,,
,,C#,,,,,,,,,,SQL,XAML
,,,,,,,,Objective-C,,Python,,,
,,,,,,,,,,,,,
C,C++,,,,,,,,,Python,Ruby,,
,,C#,Java,JavaScript,jQuery,,,,PHP,,,SQL,
,,,,,,,,,,,,,
,,,,JavaScript,jQuery,,,Objective-C,PHP,,,,
,,,,JavaScript,jQuery,,,Objective-C,,,,,
C,C++,,,,,,,,,Python,,SQL,Assembler
,,,,,,,,,,,,,
C,C++,,,JavaScript,,,,Objective-C,PHP,,,SQL,
,,,,,,,,,,,,,
,,,,,,,,,,,,,
,,,,JavaScript,jQuery,,,,,Python,,SQL,Django
,,,Java,,,,,,,Python,,SQL,
,C++,C#,,,,,,,,,,SQL,
,C++,,,,,,,,,Python,Ruby,SQL,
,C++,,Java,JavaScript,jQuery,,,,,Python,,SQL,
,,C#,,JavaScript,jQuery,,,,,,,SQL,
,,C#,,JavaScript,,,,,,,,SQL,
C,,,,,,,,,,,,,Mathematica
,,,,JavaScript,jQuery,,,,PHP,,,SQL,
C,C++,,,JavaScript,jQuery,,Node.js,,,Python,,,
,,,,JavaScript,jQuery,,,,PHP,,,SQL,
,,C#,,,,,,,,,,,"VBA, VB.NET"
,,C#,,,,,,,,,,SQL,
,,C#,,,,,,,,,,,vb.net
C,,,,,,,,,,Python,Ruby,SQL,
,,C#,,JavaScript,jQuery,,Node.js,,,,,SQL,
,,,Java,,,,,,PHP,Python,,SQL,
,,,Java,JavaScript,jQuery,,Node.js,,PHP,,,SQL,
,,C#,,,jQuery,,,,,,,SQL,
,,,,,,,,,,,Ruby,,
,,,,,,,,,,,,,
C,C++,,,,,,,Objective-C,,Python,,,Assembly
C,C++,,Java,,,,,,,,,,
,,C#,,,,,,,,,Ruby,SQL,
,,,,,,,,,,,,,
,,C#,,,,,,,PHP,,,SQL,
,,,,,,,,,,,,,
,C++,C#,Java,JavaScript,jQuery,,,,PHP,,,SQL,HTML CSS
,C++,C#,Java,JavaScript,jQuery,,,Objective-C,,,,SQL,ActionScript
,,,,,,,,,,,,,
,,C#,,JavaScript,jQuery,,,,,,,SQL,
,,C#,,JavaScript,jQuery,,,,,,,SQL,
,,C#,,JavaScript,,,Node.js,Objective-C,PHP,,,,
,,,,,,,,,,,,,
,,C#,Java,JavaScript,jQuery,,,,,,,SQL,
,,,Java,JavaScript,,,,,,,,,Perl
,,,Java,JavaScript,,,,,PHP,Python,Ruby,,"ksh, puppet"
,,,,,,,,,,,,,
,,,Java,JavaScript,jQuery,,,,PHP,,,SQL,ASP
,,,Java,JavaScript,jQuery,,,,,Python,,SQL,Smalltalk
,,C#,,,,,,,,Python,,SQL,
,,C#,Java,,,,,,,Python,,SQL,
,,,,,,,,,,,,,
,,,,,,,,,,,,,
,,C#,Java,,,,,,,,,SQL,
,,,,JavaScript,jQuery,,Node.js,,,Python,,SQL,
,,,,,,,,,,,,,Microsoft Access VBA
,,,Java,JavaScript,jQuery,,,,,,,SQL,
,,C#,,JavaScript,jQuery,,,,PHP,,,SQL,VB.NET
,,C#,Java,,,,,,,,,SQL,ABAP
,,C#,,JavaScript,jQuery,,,,,,,SQL,
C,,,Java,,,,,,,,,SQL,
,,C#,,JavaScript,jQuery,,,,,,,SQL,
C,,,Java,JavaScript,jQuery,,,Objective-C,,,,,
,,C#,,JavaScript,jQuery,,,,,,,SQL,
,,,,,,,,,,,,,
,,C#,,JavaScript,jQuery,,Node.js,,,,,SQL,
,,,,,,,,,,,,,
,,,,,,,,,,,,,
,,,,JavaScript,jQuery,,,,PHP,,,SQL,
,,,,,,,,,,,,,
,,,,,,,,,,,,,
,,,,JavaScript,jQuery,,,,PHP,,,,
,,C#,,,,,,,,,,,"BiTalk, XSLT"
,,C#,,,,,,,,,,,
,,,,,,,,,,,,,
,,,,,,,,,,,,,
C,C++,,,,,,,Objective-C,,,,,
,,,,,,,,,,,,,
,,C#,,JavaScript,,,,Objective-C,PHP,Python,,SQL,
,C++,,,,,,,,,,,,
,,,Java,,jQuery,,,,,Python,,SQL,
,,,Java,JavaScript,jQuery,,Node.js,,PHP,Python,,SQL,
,,,,,,,,,,,,,
C,,,Java,JavaScript,,,,,,,,,
,,C#,,,,,,,,,,,
C,,,,JavaScript,,,,,,Python,Ruby,,
,C++,,,JavaScript,,,,,,,,,VB
,,,Java,,,,,,,,,,Lots of shell scripts!
,,C#,Java,,jQuery,,,,,,,SQL,
C,,,,,,,,,,,,,"Fortran, CUDA"
C,C++,,,,,,,,,Python,,,
,,,Java,,,,,,PHP,,,SQL,
C,C++,C#,,,,,,,PHP,,,,
,,,,,,,,,,,,,"VHDL, Verilog, Perl"
,,C#,Java,JavaScript,jQuery,,,,,,,SQL,
,,,,,,,,,,,,,
,,C#,,JavaScript,jQuery,,,,,,,SQL,
,,,,,,,,,,Python,,,
C,C++,,,,,,,,,Python,Ruby,SQL,Perl
,,,,JavaScript,jQuery,,,,PHP,,,SQL,
,,C#,,JavaScript,jQuery,,,,,,,SQL,
,,C#,,JavaScript,jQuery,,,,PHP,,,,
,,,Java,JavaScript,,,,,,,,SQL,
,,,,,jQuery,,,,,,,,VB.NET
,C++,C#,,,,,,,,,,,
C,,,,JavaScript,,,,,,,,SQL,Perl
,,,,,,,,,,,,,
,,,,,,,,,,,,,
,,,Java,JavaScript,jQuery,,,,,,,SQL,
,,C#,,,,,,,,,,SQL,FoxPro
,,C#,,JavaScript,jQuery,,,,,,,SQL,
,,,Java,,,,,,,,,,
,,C#,,JavaScript,jQuery,,,,,,,SQL,
,C++,,,JavaScript,,,Node.js,,,,,SQL,
,,,Java,JavaScript,jQuery,,,,PHP,,Ruby,SQL,Ada
,C++,C#,,,,,,,,,,SQL,
,C++,C#,,,,,,,,,,,
,,,,,,,,,,,,,
,,,,JavaScript,jQuery,,,,,Python,,SQL,Clojure
,,C#,,JavaScript,jQuery,,,,,,,SQL,VB (groan)
,,,Java,JavaScript,jQuery,,Node.js,Objective-C,PHP,Python,,SQL,
C,C++,C#,Java,JavaScript,jQuery,,,,PHP,,,SQL,
,,,,JavaScript,jQuery,,Node.js,,,Python,Ruby,SQL,
,,C#,Java,JavaScript,jQuery,,,,,,Ruby,,
,,,Java,JavaScript,jQuery,,,,,,,,
,,,,,,,,,,,,,
,,,,,,,,,,,,,
C,,C#,,,,,,,,,,,
,,,,,,,,,,,,,
,,,,,,,,,,,,SQL,"SSIS, SSAS, SSRS, MSSQL"
,,,Java,JavaScript,,,,,,,,,
,,,,,,,,,PHP,,,SQL,
,,C#,,JavaScript,,,,Objective-C,,,,,
,C++,C#,,JavaScript,jQuery,,,,,,,SQL,
,,,Java,JavaScript,jQuery,,Node.js,,PHP,,,,
,,C#,,,jQuery,,,,,,,SQL,
,,,,,,,,,,,,,
,,C#,,JavaScript,jQuery,,,,PHP,,,SQL,
,C++,,Java,,,,,,,,,SQL,
,,C#,,JavaScript,jQuery,,,,,,,SQL,
,,C#,,JavaScript,jQuery,,,,,,,SQL,
C,,,Java,JavaScript,,,,,PHP,,,SQL,
,,,,,,,,,,Python,,,"R, Matlab, Praat, LaTeX"
,,,Java,JavaScript,jQuery,,Node.js,,,Python,,,MongoDB
,,,Java,,,,,,,,,,
,C++,,Java,JavaScript,,,,,,,,SQL,
,,C#,,JavaScript,jQuery,,,,,,,SQL,
,C++,,Java,JavaScript,,,,,,,,,
,,,,,,,,Objective-C,,,,,
,C++,C#,Java,,,,,,,Python,,SQL,
,,,,JavaScript,jQuery,,,,,,Ruby,SQL,Perl
,,,Java,JavaScript,,,,,,Python,Ruby,,
,,,,,jQuery,,,,,Python,,,ColdFusion 9
,,,,,,,,,,,,,
,,C#,,,,,,,PHP,,,,
,,C#,,JavaScript,jQuery,,,,,,,SQL,
,C++,,,JavaScript,jQuery,,,,PHP,,,SQL,visual basic 6
,,,,JavaScript,jQuery,,,,PHP,,,SQL,"HTML, CSS, XML, XSLT"
,,,Java,JavaScript,jQuery,,,,,,,SQL,ColdFusion
,,,,JavaScript,jQuery,,,Objective-C,PHP,,,SQL,
,,,Java,,,,,,,Python,,,
,,,,JavaScript,jQuery,,,Objective-C,,,,SQL,Perl
,,,,JavaScript,jQuery,,,,,,,SQL,"ASP, ColdFusion"
,,,Java,,,,,,,Python,Ruby,SQL,"Groovy, Haskell"
,,C#,Java,,,,,,,,,SQL,
,C++,C#,Java,,,,,,PHP,,,SQL,
,,,,,,,,,,,,,
,C++,C#,,,,,,,,Python,Ruby,,
,,,Java,JavaScript,,,,,,,Ruby,SQL,
C,C++,,,,,,,,,Python,,SQL,
,,,,JavaScript,jQuery,,,,PHP,Python,,SQL,
C,C++,,,,,,,,,Python,,,
,,,,JavaScript,jQuery,,Node.js,,PHP,,,SQL,
,,C#,,JavaScript,jQuery,,,Objective-C,PHP,,,SQL,
,,,,JavaScript,jQuery,,,Objective-C,,,Ruby,,
,,,,,,,,,,,,,
,,C#,,JavaScript,jQuery,,,,,Python,,SQL,
,,,,,,,,,,,,,R
,,,,,,,,,,,,,
,,,,,,,,,,Python,,SQL,"Perl, R"
C,C++,,,,,,,,,Python,,SQL,
,,,,,,,,,,,,,
,C++,,Java,JavaScript,jQuery,,,,,,,,
,,,Java,JavaScript,jQuery,,,,,,,SQL,
,C++,,,JavaScript,,,,Objective-C,,Python,,SQL,
,,C#,Java,JavaScript,jQuery,,,,,,,SQL,
,,,Java,,,,,,,,,,Informatica
,,,,JavaScript,jQuery,,,,,Python,Ruby,,
,,,,,,,,Objective-C,PHP,,,SQL,
,,,,,,,,,,,,,
,,,,JavaScript,jQuery,,,,,,,,"Lotusscript, Lotus Notes/Domino"
C,C++,,Java,JavaScript,,,Node.js,,,Python,,,
,,,Java,JavaScript,,,,,,,Ruby,SQL,
,C++,C#,,,jQuery,,,,PHP,,,SQL,
,C++,,,JavaScript,,,Node.js,Objective-C,,,,,MongoDB
,,,,JavaScript,jQuery,,,,PHP,,,SQL,"ColdFusion, MySQL, Oracle"
,,,,JavaScript,jQuery,,,,PHP,,,SQL,Delphi
C,C++,C#,,,,,,,,,,,
C,C++,C#,Java,JavaScript,jQuery,,Node.js,,PHP,,,SQL,
,,,,,,,,,,,,,
,,,Java,JavaScript,jQuery,,,,PHP,Python,,,
,,,,JavaScript,,,,,,Python,,,ActionScript 3
,,C#,,JavaScript,jQuery,,,,PHP,,,SQL,
,,,,,,,,,,,,SQL,VB.Net
,,,,,,,,,,Python,,,
C,C++,,,,,,,,,Python,,,
,,C#,,JavaScript,jQuery,,,,,,,SQL,
,,,Java,JavaScript,jQuery,,,,,,,,
,,,Java,JavaScript,jQuery,,,,,,,SQL,
C,C++,,Java,,,,,,,,,,
C,C++,,Java,,,,,,,Python,,,
,,,,,,,,,,,,,
,,,Java,,jQuery,,Node.js,,,,,SQL,perl
,,,Java,,,,,,,,,,
,,,Java,,,,,,,,,,Flex
C,C++,,Java,JavaScript,jQuery,,,,PHP,,Ruby,SQL,
,,C#,,JavaScript,jQuery,,,,,,,SQL,
C,C++,C#,Java,JavaScript,jQuery,,,,PHP,Python,,SQL,
C,C++,,,,jQuery,,Node.js,,,,Ruby,,
,,,,,,,,,,,,,
,,,Java,JavaScript,jQuery,,,,,,,SQL,
,,C#,,JavaScript,jQuery,,,,,Python,,SQL,
,,C#,,,,,,,,,,SQL,
,C++,C#,,,,,,,,Python,,,
,C++,C#,,,,,,,,,,,
,,C#,,,,,,,,,,SQL,
,,C#,,JavaScript,jQuery,,,,,,,,
,,,,,,,,,,,,,
C,,,Java,,,,,,,,,,
C,,,,,,,,,,Python,,,Matlab
,,,Java,,,,,,,Python,,,
,,C#,Java,JavaScript,jQuery,,,,PHP,,,SQL,
,,,,,,,,,,,,,
,,,,JavaScript,jQuery,,,,PHP,,,SQL,
C,C++,,,,,,,,,,,,
,,C#,,,,,,,PHP,,,SQL,
,,C#,,JavaScript,jQuery,,Node.js,,,,,SQL,"Websockets, jQuery Mobile, HTML5, CSS3"
,,C#,,,jQuery,,,,,,,SQL,
,,,,,,,,,,Python,,,
,,,Java,JavaScript,jQuery,,,,,,,,PhoneGap
C,C++,,Java,JavaScript,,,,,PHP,,,SQL,
,,,,,,,,,,,,,
C,C++,,Java,JavaScript,,,,,,,,,
,,C#,Java,,,,,,PHP,,,SQL,VB
,C++,,,,,,,,PHP,,,SQL,
,,,,,,,,,,,,,
,,,,,,,,,,,,,
,,C#,,JavaScript,jQuery,,,,,,,,
,,,,,,,,,,,,,
,,,,JavaScript,jQuery,,,,PHP,,,SQL,
,C++,,,JavaScript,jQuery,,,,,,Ruby,SQL,Perl
,,,Java,JavaScript,jQuery,,,Objective-C,PHP,,,SQL,
,,C#,,JavaScript,jQuery,,Node.js,Objective-C,PHP,,,SQL,
,,C#,,JavaScript,jQuery,,Node.js,,PHP,,,SQL,
,,,,,jQuery,,,,,,,,VB.NET
C,,,,,,,,Objective-C,,,,SQL,
,,,,,,,,,,,,,
,,,,,,,,,,,,SQL,VB.NET
,,C#,,JavaScript,jQuery,,,,,,,SQL,
,,,,JavaScript,jQuery,,Node.js,,,Python,,SQL,$ (it's like jQuery but faster)
,,C#,,JavaScript,jQuery,,,,,,,SQL,
,,,,,,,,,,,,,
,,C#,,,,,,,,,,,F#
,,,,,,,,,,,,,
,,,,,,,,,,,,,
,,C#,,JavaScript,,,,,PHP,,Ruby,SQL,
,,C#,,JavaScript,jQuery,,,,,,,SQL,
,,,,,,,,,,,,,
,,C#,,JavaScript,jQuery,,,,,,,SQL,
,,,Java,JavaScript,jQuery,,,,,,Ruby,SQL,groovy
,C++,C#,Java,,,,,,,,,SQL,
,,C#,,,,,,Objective-C,,Python,,SQL,
,,C#,,JavaScript,jQuery,,,,,,,SQL,
,,,,JavaScript,,,,,,Python,,SQL,
,,C#,,JavaScript,jQuery,,,,,Python,,SQL,
,,,,,,,,,,,,,
C,,C#,,,,,,,,,,,
,,,Java,JavaScript,jQuery,,,,,,Ruby,SQL,"HTML, CSS, Perl,"
,,,,JavaScript,jQuery,,,,,,,,
,,,Java,,,,,,,,,SQL,
,,C#,,JavaScript,jQuery,,,,,,,SQL,vb.net
,,,,JavaScript,jQuery,,,,PHP,,,SQL,"drupal, mysql"
,,,,,,,,,,Python,,,
,,,,JavaScript,jQuery,,,,PHP,,,,
C,,C#,Java,,,,,,PHP,,,SQL,
,,,,JavaScript,jQuery,,,,,,,,ABAP
,,C#,,JavaScript,jQuery,,,,,,,SQL,
,,C#,,JavaScript,,,,,,,,SQL,
C,C++,,,,,,,,,Python,,,"MATLAB, R, bash"
,,C#,,,jQuery,,,,,,,SQL,
,C++,C#,Java,,jQuery,,,,,,Ruby,SQL,Racket
C,,C#,Java,JavaScript,jQuery,,,,,Python,,SQL,
,,C#,,,jQuery,,,,,Python,,SQL,
,,,,,,,,,,,,,
,,C#,,,,,,Objective-C,,,,,
,,C#,,JavaScript,jQuery,,,,,,,SQL,
,C++,C#,Java,,,,,,,,,SQL,
C,C++,C#,Java,JavaScript,jQuery,,,Objective-C,,,,SQL,
,,,Java,,,,,,,,,,
,,,,,jQuery,,,,PHP,,,SQL,
,,,,,,,,,,,,,
,,,Java,,,,,,,,,,
,,,Java,JavaScript,,,,,,,Ruby,,
,C++,,,,,,,,,Python,,,
,,,Java,,,,,Objective-C,,Python,,,
C,,,,,,,,Objective-C,,,,,
,,,,JavaScript,,,,,PHP,Python,,,
,,,,,,,,,,,,,
,,,Java,,,,,,,Python,,,
C,C++,C#,Java,,,,,,,,,,
,,C#,,JavaScript,jQuery,,,,,,,SQL,
,,C#,,JavaScript,jQuery,,,,,,,SQL,
,,,,,,,,Objective-C,,,,,
,,,Java,,,,,,PHP,,,SQL,Octave
,,C#,,JavaScript,jQuery,,,,,,,SQL,VB.NET
,,,,,,,,,,,,,
,,C#,,JavaScript,,,,,,,,SQL,
,,,,JavaScript,jQuery,,,,PHP,,,SQL,
,,,,JavaScript,jQuery,,,,PHP,,,SQL,
,,,,JavaScript,,,,Objective-C,PHP,Python,,,
,,,Java,,,,,,,,,SQL,
,,,Java,JavaScript,jQuery,,,,,,,SQL,
,,C#,Java,JavaScript,,,,,PHP,,,SQL,
,,,,JavaScript,,,,,PHP,,,,R
,,,,JavaScript,,,,,,,Ruby,,
,,,,JavaScript,jQuery,,,,PHP,,Ruby,SQL,
,,C#,,JavaScript,jQuery,,,,,,,,
,,,,,,,,,,,,,
,,,,,,,,,,,,,
,,C#,,JavaScript,jQuery,,,,,,,SQL,
,,,,,,,,,,,,,
,C++,C#,,,,,,,PHP,Python,,SQL,
,C++,C#,,,jQuery,,,,,,,SQL,
,,,,JavaScript,jQuery,,,,PHP,,,SQL,
,,,,,,,,,,,,,
,,,Java,JavaScript,jQuery,,Node.js,,,,,,
,,C#,,JavaScript,jQuery,,,,PHP,,,SQL,"CSS-3, HTML-5"
,,C#,,JavaScript,jQuery,,,Objective-C,,Python,,SQL,
,,C#,,JavaScript,jQuery,,,,,,,SQL,
,,,,,,,,,,,,,
,C++,C#,Java,,,,,,PHP,,,SQL,
,,,Java,JavaScript,jQuery,,,,PHP,Python,,SQL,
,,,,,,,,,,,,,
,,C#,,JavaScript,jQuery,,,,,,,SQL,
,C++,C#,Java,JavaScript,jQuery,,Node.js,Objective-C,,,,,
,,,Java,,,,,,,,,SQL,clojure
,,,Java,,,,,,PHP,,,SQL,
,,C#,Java,JavaScript,jQuery,,,,,,,,
,,,,JavaScript,,,,Objective-C,,,Ruby,,
,,,,,,,,,,,,,
C,,,,,,,,,PHP,Python,,SQL,
,,,,,,,,,,,,,
,,C#,,JavaScript,jQuery,,,,,,,,
,,,Java,,,,,,,Python,Ruby,SQL,
,,C#,,JavaScript,jQuery,,,,,,,SQL,
C,,,,JavaScript,jQuery,,,,,Python,,SQL,Bash
,,,Java,JavaScript,jQuery,,,,,,,SQL,
,,C#,,JavaScript,jQuery,,,,,,,SQL,
C,,,,,,,,,,,Ruby,,"Erlang, bash"
,,C#,,,,,,,,,,,Perl
,,C#,,JavaScript,jQuery,,,,,,,SQL,
C,C++,,,,,,,,,Python,,,
,,C#,,JavaScript,,,,,,,,,"Coldfusion, ExtJS"
,,C#,,JavaScript,jQuery,,,,,,,SQL,vb.net
,,C#,,,,,,,,,,SQL,X++
,,,,,,,,,,,,,
,,,,,,,,,,Python,,,
,,,Java,,,,,,,,,SQL,
,,,,,,,,,,,,,
,,,,,,,,,,,,,
,,C#,Java,JavaScript,jQuery,,,,,,,SQL,
,,,,JavaScript,,,,,,,,SQL,VBS
,,C#,,,,,,,,,,SQL,
,,C#,,JavaScript,jQuery,,,Objective-C,PHP,,,SQL,
,,C#,,JavaScript,jQuery,,,,,,,,
C,C++,,,,,,,,,Python,,,
,,,,JavaScript,,,,,,,,,MooTools
,,,,JavaScript,jQuery,,Node.js,,,Python,,SQL,"Backbone, css, scss"
,,,,JavaScript,jQuery,,,,,Python,Ruby,,
,,,,JavaScript,jQuery,,,,PHP,,,SQL,
,,C#,Java,JavaScript,jQuery,,,,,,,SQL,
,C++,C#,Java,,jQuery,,,Objective-C,PHP,,,SQL,
,,C#,,JavaScript,jQuery,,,,,,,SQL,
,,C#,,,,,,,,,,SQL,
C,C++,C#,,JavaScript,jQuery,,Node.js,,PHP,,,SQL,
,,,Java,JavaScript,jQuery,,,,,Python,,SQL,
,,,,,jQuery,,,,,,,,OpenEdge
C,,,Java,,,,,,,,,,
,,,,JavaScript,,,,,PHP,,,,"Actionscript 3, html, css"
,,C#,Java,JavaScript,jQuery,,,,,,,,
,,C#,,,,,,,,,,SQL,
,,,,,,,,,,,,SQL,vb
,,C#,,JavaScript,,,,,,,,SQL,
,,,,,,,,,,,,,"R, Emacs lisp, GRASS"
,C++,C#,,JavaScript,jQuery,,,,PHP,,,SQL,
,,,,,,,,,,,,,
,,,,,,,,,,,,,
,,,,JavaScript,jQuery,,,,PHP,,,SQL,
,,,,JavaScript,jQuery,,,,,,Ruby,,
,,,,,,,,,,,,,Mathematica
C,C++,C#,Java,JavaScript,jQuery,,,,,,,SQL,
,,,Java,JavaScript,jQuery,,,,,,Ruby,SQL,
,,,,JavaScript,jQuery,,,Objective-C,PHP,Python,,,
,,,Java,,,,,,,,,,Windows batch scripting
,,,,JavaScript,jQuery,,,Objective-C,,,Ruby,,
,,,,JavaScript,jQuery,,,,PHP,,Ruby,,
,,C#,,JavaScript,jQuery,,,,,,,SQL,vb.net
,,C#,,JavaScript,jQuery,,Node.js,Objective-C,,,,SQL,
,,,,,,,,,,,,SQL,
,,C#,,JavaScript,jQuery,,,,,,,SQL,
,,C#,,JavaScript,jQuery,,,,,,,SQL,
,,,Java,,,,,,,,,,actionscript
,,C#,Java,,,,,,,,,SQL,
C,,C#,Java,JavaScript,jQuery,,,,PHP,,,SQL,
,,,,JavaScript,jQuery,,,,PHP,,,SQL,
,,,,,,,,,,,,,R
,,,Java,,,,,,,,,,
C,C++,,,,,,,,,Python,,SQL,matlab
,,,,,,,,,,,,,
,,C#,,,,,,,,,,,
,,,Java,JavaScript,jQuery,,,,,,,,
,,,,,,,,,,,,,
,,,Java,JavaScript,jQuery,,,,PHP,,,SQL,
,,,,,,,,,,,,,
,,C#,,,,,,,,,,SQL,
,,,Java,,,,,,,Python,,,
,,C#,,,,,,,,,,,small talk
,,C#,,JavaScript,jQuery,,,,PHP,,,SQL,
C,,,Java,,jQuery,,,,,,,,
,,,,,,,,,,,,,
C,C++,C#,Java,JavaScript,,,,,,Python,,SQL,
C,,,Java,,,,,Objective-C,,,Ruby,,
,,,Java,JavaScript,jQuery,,,,,,,SQL,AngularJS
,,,,,,,,,,,,,
,C++,C#,Java,,,,,,,,,SQL,
,,C#,,JavaScript,jQuery,,,,PHP,,,SQL,
,,,Java,,,,,,,,,,perl
,,C#,,,,,,,,Python,,,
,,,Java,,,,,,,,,,
,,,,,,,,,PHP,,,,
C,C++,C#,Java,JavaScript,,,,,PHP,Python,,SQL,
,,C#,,JavaScript,jQuery,,,,,,,SQL,
,,C#,,JavaScript,jQuery,,,,PHP,,,SQL,
,,,Java,JavaScript,,,,,,,,SQL,
,C++,C#,Java,,,,,,,,,SQL,
,,,,,,,,,,,,,
C,C++,,Java,JavaScript,jQuery,,,,,Python,Ruby,SQL,
,,,,JavaScript,,,,,,,,,Perl
,,,Java,,,,,,,,,,Haskell
,,,Java,JavaScript,jQuery,,,,PHP,,,SQL,
,,C#,,JavaScript,jQuery,,,,,,,,ExtJS
,,,,JavaScript,jQuery,,,,PHP,,,SQL,
,,,,,,,,,,,,,
,,C#,,JavaScript,jQuery,,,,,,,SQL,
,,,,JavaScript,jQuery,,,,,Python,,SQL,
,,C#,,JavaScript,jQuery,,,,,,,SQL,
,,,,JavaScript,jQuery,,,,,,Ruby,SQL,Ruby on Rails
,,,,,,,,,,,,,
,,C#,,JavaScript,jQuery,,,,,,,SQL,
,C++,,Java,,,,,,,,,,
C,C++,C#,Java,JavaScript,jQuery,,,,PHP,,,,
,,,Java,JavaScript,jQuery,,,,,,,SQL,
,,,,,,,,,,,,,
,,C#,,JavaScript,jQuery,,,,,,,SQL,ASP.NET MVC
,,,Java,,,,,,,,,,
,,,Java,JavaScript,jQuery,,,Objective-C,,,,SQL,
,,,,,,,,,,,,,
,,,,,,,,,,,,,
,,,,JavaScript,,,,,PHP,,,SQL,
C,C++,C#,,JavaScript,,,,,,Python,,,
,,C#,,JavaScript,jQuery,,,,,,,SQL,VB.NET
,,,,,,,,,,,,,
,,,,JavaScript,jQuery,,,,PHP,,,SQL,
,,C#,,,,,,,,,,SQL,
C,C++,,Java,,,,,,,,,SQL,
,,C#,,,,,,,,,,SQL,MATLAB
,,,,,,,,,,,,,
,,,Java,JavaScript,,,,,,,,SQL,
,,C#,,JavaScript,,,,,,Python,,,
,,C#,Java,JavaScript,jQuery,,,,,,,SQL,
,,,,,,,,,,,,,
,,,Java,,jQuery,,,,,,,SQL,
,,,,,,,,,,,,,
,,C#,,JavaScript,jQuery,,,,,,,,
,,C#,,JavaScript,jQuery,,,,,,,SQL,
,,,,JavaScript,jQuery,,,,PHP,,,,
C,,C#,Java,JavaScript,,,Node.js,Objective-C,,Python,,SQL,
,,C#,,,,,,,,,,,
,C++,C#,,,,,,,,Python,,,
,,,,JavaScript,jQuery,,Node.js,,PHP,,,SQL,
,,,,,,,,,,,,,
C,C++,,,JavaScript,,,,,PHP,Python,,,
,,C#,,JavaScript,jQuery,,,,,,,SQL,
,,,,,,,,,,,,,
,,C#,,,,,,,,,,SQL,
,,,,JavaScript,jQuery,,,,PHP,,,SQL,RPGLE
,,C#,,JavaScript,jQuery,,,,,,,SQL,
,,,Java,JavaScript,jQuery,,,,PHP,Python,,,
,,C#,Java,JavaScript,jQuery,,,,PHP,,,SQL,
,,,,JavaScript,jQuery,,,,,Python,,,
,,C#,,JavaScript,jQuery,,,,,,,SQL,
,,,Java,JavaScript,,,,,PHP,,,SQL,
,,C#,,JavaScript,jQuery,,,,PHP,,,SQL,
,,C#,Java,JavaScript,,,Node.js,Objective-C,PHP,,,SQL,
,,C#,,JavaScript,jQuery,,,,,,,,
,,,,,,,,,,Python,,,
,,,,JavaScript,jQuery,,,,PHP,,,SQL,
,,C#,,JavaScript,jQuery,,,,PHP,Python,,SQL,Haskell
,,,,JavaScript,jQuery,,,,PHP,,,SQL,
,,,Java,JavaScript,,,,,,,,,lisp
,,C#,,JavaScript,jQuery,,,,,,,SQL,
,C++,C#,Java,,,,,Objective-C,,,,,"Clojure, Assembly, Modula-2"
,,,Java,JavaScript,jQuery,,,,PHP,,,SQL,
,,,,,,,,,,,,,
C,,,Java,,,,,Objective-C,,,,,
,C++,C#,Java,JavaScript,jQuery,,,,,,,SQL,
,,,,,,,,,,,,,
,C++,,Java,,jQuery,,,,,,,SQL,
C,C++,C#,Java,,,,,Objective-C,,,,,
,,,,,,,,,,,,,
,,,,,,,,,,,,,
,,C#,,,jQuery,,,,,,,SQL,VB.Net
,C++,C#,,JavaScript,jQuery,,,,,,,SQL,
,C++,C#,,JavaScript,,,,,,,,SQL,
,,,,,,,,,,,,,
,,,,,,,,,,,Ruby,SQL,Perl
,,,,,,,,,,,,,
,,,,JavaScript,jQuery,,,,PHP,,,,
,,,,,,,,,,,,,
C,C++,,,JavaScript,,,,,,,,,
,,,Java,JavaScript,,,,,,,,,
,,,,,,,,,,,,,
,,,,,,,,,,,,,
,,,,,,,,,,,,,
,,,Java,,jQuery,,,,,Python,,SQL,Scala
,,,,JavaScript,,,,,PHP,,,SQL,
,,,,,,,,,,,,,
,C++,C#,,,,,,,,Python,,,
,,,,,,,,,,,,SQL,Haskell
,,C#,,JavaScript,jQuery,,,,,,,SQL,
,C++,C#,,JavaScript,,,,,,,,,
,,,,JavaScript,,,,,,,,SQL,"ExtJS, ColdFusion"
,C++,C#,Java,JavaScript,,,,,PHP,,,SQL,
,,C#,,JavaScript,jQuery,,,,PHP,,,SQL,
,,C#,,JavaScript,jQuery,,,,,,,SQL,SSIS
,,C#,,,,,,,,,,SQL,VB.NET > c#
,,,,,,,,,,,,,
,,,,,,,,,,,,,
,,C#,,JavaScript,jQuery,,,,,,,SQL,
C,C++,,,,,,,,,,,,Bash scripting
,,C#,Java,JavaScript,jQuery,,,,,,,,
,,,,,,,,,,,,,
,,,,JavaScript,,,,,,,,SQL,ABAP
,,,,JavaScript,jQuery,,,,PHP,Python,,SQL,
,,,,,,,,,,,,SQL,"Peoplesoft, Excel"
C,,,Java,,,,,,,Python,,,
,C++,,,JavaScript,jQuery,,,,PHP,,Ruby,SQL,Matlab
C,,,Java,,,,,Objective-C,,,,SQL,
,,,,JavaScript,jQuery,,,,,,Ruby,,
,C++,C#,,,,,,,,,,SQL,
,,,,JavaScript,jQuery,,,Objective-C,,,,SQL,VB.NET
,,,,,jQuery,,Node.js,,,Python,,,"AngularJS, Google App Engine"
,,C#,Java,,,,,,,,,SQL,
,,C#,,,,,,,,,,SQL,
C,,,Java,,,,,,,,,,"lua , forth"
,C++,,,,,,,,,,,,
C,,,,,,,,,,,,,
,C++,,,,,,,,,,,,
,,,,,,,,,,,,,
,,,Java,JavaScript,jQuery,,,,,,,SQL,
,,,,JavaScript,jQuery,,,,PHP,,,SQL,
,,,Java,,,,,Objective-C,,,,,
,,C#,Java,,,,,,PHP,Python,Ruby,,
,,,Java,JavaScript,jQuery,,,,,,,SQL,
,,,,,,,,,,,,,
,,C#,,,,,,,,,,SQL,
,,,,,jQuery,,,,PHP,,,SQL,
C,,C#,Java,JavaScript,jQuery,,Node.js,,PHP,,,SQL,
,,C#,,JavaScript,,,,,,,,SQL,
,,C#,,JavaScript,jQuery,,,,,,,SQL,
,,C#,,JavaScript,,,,,,,,,
,,,,JavaScript,jQuery,,,,,,,SQL,
C,,C#,,JavaScript,jQuery,,,,,,,,
,,C#,,JavaScript,jQuery,,,,,,,SQL,
,,C#,,JavaScript,jQuery,,Node.js,,PHP,,,SQL,
,,,,,,,,,,,,,
,,,,,,,,,,,,,
,,,Java,,,,,,,,Ruby,,scala
,,,,JavaScript,,,,,PHP,,,SQL,
,,,,JavaScript,,,,,,,,,
,,C#,,,,,,,,,,,
,,,Java,JavaScript,jQuery,,,,,,,SQL,
,C++,C#,,,,,,,,,,,
,C++,C#,Java,JavaScript,jQuery,,,,,,Ruby,,
C,C++,C#,Java,JavaScript,jQuery,,,,,Python,,SQL,
,,C#,,JavaScript,jQuery,,,,,,,SQL,
,,,Java,JavaScript,,,,,,,,,
,,C#,,,jQuery,,,,,Python,,SQL,
,,,,,,,,,,,,,
,,,,,,,,,,,,,
,,C#,,JavaScript,jQuery,,,,,,,,
,,C#,,,,,,,PHP,,,,APEX
C,,,Java,,,,,,,,,,
,,,,JavaScript,jQuery,,,,,Python,,,
,,C#,Java,JavaScript,jQuery,,,Objective-C,PHP,,,SQL,
,,C#,,,jQuery,,,,,,,SQL,
,,C#,,JavaScript,jQuery,,Node.js,,PHP,,,SQL,
,,,,,,,,,,,,,
,,,,,,,,,,,,,
C,,,,,,,,,,Python,,,Shell
,,,Java,JavaScript,,,,,,,,SQL,
,,,Java,JavaScript,jQuery,,,,,,,SQL,
,,C#,,JavaScript,jQuery,,,,,,,,
,,C#,,JavaScript,jQuery,,,,,,,SQL,
,,,,,,,,,,,,,
,,,Java,JavaScript,,,,,,,,,Go
,,,,,,,,,,,,,
,,,,,,,,,,,,,
,,C#,,JavaScript,jQuery,,,,PHP,Python,,SQL,
,,,,,,,,,,,,,
,C++,C#,Java,JavaScript,jQuery,,,,,,,SQL,
,,C#,,JavaScript,,,,,,,,SQL,
,,C#,,,,,,,,,,SQL,
C,,,,JavaScript,jQuery,,,Objective-C,,,,,
,,C#,,JavaScript,jQuery,,,,,,,SQL,
,,,Java,,,,,Objective-C,,,,,Android
,,C#,Java,JavaScript,jQuery,,,,,,,,
,C++,,Java,JavaScript,,,,Objective-C,,,,,
,,C#,,JavaScript,jQuery,,,,,,,SQL,
,,,,,,,,,,,,,
C,,C#,,JavaScript,,,,Objective-C,PHP,,,SQL,
,,,,,,,,,,,,,
,,,,JavaScript,jQuery,,,,PHP,,,SQL,
,C++,,,JavaScript,,,,Objective-C,PHP,,,SQL,
,C++,,,,,,,,,,,,
,,C#,,,,,,,,,,SQL,
,,C#,,,,,,,,,,,
,,,,,,,,,,,,,
,,C#,Java,,jQuery,,,,,,,SQL,
,,,Java,,,,,,,,,,
,C++,C#,,JavaScript,,,,,,,,,
,,,,,,,,,,,,,
,,,Java,,,,,Objective-C,,,,SQL,
C,C++,,Java,,,,,,,,,,
C,,,Java,,,,,,,Python,,,
,,C#,,,,,,,,,,,VB6
,,,,,,,,,,,,,
,,C#,,JavaScript,jQuery,,,,,,,SQL,
,,,,,,,,,,,,,
,,,,JavaScript,jQuery,,,,PHP,,,SQL,
,,,,JavaScript,jQuery,,,,PHP,,,,
C,C++,,,,,,,,,Python,Ruby,,
,,,Java,JavaScript,jQuery,,Node.js,,,,,SQL,
,,C#,,,,,,,,,,,
,,C#,,,,,,,,,,,
,,C#,,,,,,,,,,,"Powershell, VBScript"
,,,Java,,,,,,,,,,flex
,,,,,,,,,PHP,,,,Delphi
,,,Java,JavaScript,jQuery,,,,,,,SQL,
,,,Java,JavaScript,,,,,PHP,Python,,SQL,
,C++,C#,Java,,,,,Objective-C,,,,,
C,C++,,Java,,,,,Objective-C,,,,,
,,C#,,,,,,,,,,,
,,C#,,JavaScript,jQuery,,,,PHP,,,SQL,
,,,,,,,,,,Python,,SQL,
C,C++,,,,,,,Objective-C,,,,,
,,C#,Java,,,,,,,,,,VB.NET
,C++,,,,,,,,,Python,,,
,,,,,,,,,,,,SQL,Shellscript
C,C++,,,JavaScript,jQuery,,Node.js,,PHP,,,SQL,
C,C++,,,,,,,,,,,,
,,,,,,,,,,,,,
,,,,,,,,,,,,,
,,,,,,,,Objective-C,,,,,
,,,,JavaScript,jQuery,,Node.js,,,,Ruby,,"angularjs, git"
,,C#,,JavaScript,jQuery,,,,,,,SQL,
,,C#,,,,,,,PHP,,,SQL,
,,,,JavaScript,jQuery,,,,PHP,,Ruby,,
,,,,,,,,,,,,,
,,,,JavaScript,,,,,,,,,
,C++,,Java,,,,,,,,,SQL,
,C++,C#,,,,,,,,,,,
C,,,Java,JavaScript,,,,,,,,SQL,
,,C#,,JavaScript,jQuery,,,,PHP,,,,
C,,,Java,,,,,,,,,,Ada
,,,Java,JavaScript,jQuery,,,Objective-C,PHP,,,SQL,
,,C#,,JavaScript,,,,,,,,,
,,,,,,,,Objective-C,,,Ruby,,
,,C#,,JavaScript,jQuery,,,,,Python,,,
,,C#,,,,,,Objective-C,,Python,,,
,,,,,,,,,,,,,
,,,,,,,,,,Python,,,R
,,,Java,JavaScript,jQuery,,,,,,Ruby,,
,,C#,Java,JavaScript,jQuery,,,,PHP,,,SQL,MATLAB
,,,Java,JavaScript,jQuery,,,Objective-C,,Python,,SQL,
C,C++,C#,Java,JavaScript,,,,,PHP,,,SQL,
,,C#,,JavaScript,,,,,,,,SQL,
,,,Java,JavaScript,jQuery,,,,,,,SQL,
,,,Java,JavaScript,jQuery,,,,,,,SQL,
,,C#,,,,,,Objective-C,,Python,,SQL,
,,,Java,JavaScript,jQuery,,,,,,,,
,,,,,,,,,,,,,
,,C#,,,,,,,,,,,
,,,Java,JavaScript,jQuery,,,,,,,,
,,,,,,,Node.js,,PHP,,,SQL,
,C++,C#,,JavaScript,,,,,PHP,Python,,SQL,
,,C#,,JavaScript,,,,,,Python,,,
,,,,JavaScript,jQuery,,,,PHP,,,SQL,
,,C#,,,,,,,,,,,
,,C#,,JavaScript,,,,,,,,,"CoffeeScript, MonoTouch"
C,C++,C#,Java,,,,,,,Python,,,
C,C++,,,,,,,,,Python,,,VHDL
C,C++,C#,Java,,,,,,,Python,,SQL,Matlab
,,,Java,JavaScript,jQuery,,Node.js,,,Python,,,
,,,,,,,,,,,,,
,,,,,,,,,,,,,
,,,Java,JavaScript,jQuery,,,,,Python,,SQL,
,,C#,,JavaScript,jQuery,,,,PHP,,,,
,,,,,jQuery,,,,PHP,,,SQL,
,,,,JavaScript,jQuery,,,,PHP,,,SQL,
,,,,,,,,,,,,,
,,,,,,,,,,,,,
C,C++,C#,,,,,,,,,,SQL,
,,C#,Java,JavaScript,jQuery,,,,,Python,,SQL,
C,,,,,,,,,,Python,,,Perl
C,C++,C#,,,,,,,,,,,"Perl, Delphi"
,,,Java,JavaScript,jQuery,,,,PHP,,Ruby,SQL,
,C++,C#,Java,,,,,,,,,SQL,
,,,Java,JavaScript,jQuery,,,,,,,SQL,
,,,,,,,,,,,,,
,,,,,,,,,,,,,
,,,Java,JavaScript,jQuery,,,,,Python,,SQL,
,,C#,,,,,,,,,,,
,,C#,,,,,,,,,Ruby,SQL,
,C++,,,,,,,,,,,SQL,"Pawn, AS3"
,,,Java,JavaScript,jQuery,,,,,,,SQL,
,,,,JavaScript,jQuery,,Node.js,,,Python,,,
,,C#,Java,,,,,,,,,SQL,"vb.net, j2me, aspx"
C,,,,,,,,,,Python,,,
,,,,,,,,,,,,,
,,,,,,,,,,,,,
,,C#,Java,,,,,,,,,,
,,,,,,,,Objective-C,,,,,
,,C#,Java,,,,,,,,,,
,,C#,,JavaScript,jQuery,,,,,,,SQL,
,,C#,,JavaScript,jQuery,,,,PHP,,,SQL,
,C++,C#,,JavaScript,,,,,,,,,
C,,,Java,,,,,,PHP,Python,,,
,,,,JavaScript,jQuery,,,,PHP,,,SQL,
,,,,,,,,,,,,,
,C++,,,JavaScript,jQuery,,,,,Python,,,Lua
,,,Java,JavaScript,,,,,,,,,
,,,,,jQuery,,,Objective-C,PHP,,,SQL,
,,,,,,,,Objective-C,PHP,,,,
,C++,,,JavaScript,jQuery,,,,,Python,,,
,,,,JavaScript,jQuery,,,,PHP,,,SQL,"CSS, HTML, CMS"
,,,Java,JavaScript,jQuery,,,,,Python,,SQL,
,,,,JavaScript,jQuery,,,,,,Ruby,,
,,,,JavaScript,jQuery,,,,PHP,,,SQL,
C,,,Java,,,,,Objective-C,,,,,
,C++,,Java,JavaScript,,,,,PHP,,,,
C,C++,,,JavaScript,jQuery,,,,,,Ruby,,
,,C#,,,,,,,,,,SQL,
,,,,,,,,,,,,,
,,,,,,,,,,,,,
,,,,,,,,,,,,,
,,,Java,,jQuery,,,,PHP,Python,,,
,,,,,,,,,,Python,Ruby,,
,,C#,,JavaScript,jQuery,,,,,,,,
C,,,,,,,,,PHP,,,SQL,
,,C#,,JavaScript,jQuery,,,,,,,,
,,,,,,,,,,,,,
,,C#,,JavaScript,,,,,,Python,,SQL,VB.NET
,C++,C#,,,,,,,,,,SQL,
,,C#,,JavaScript,jQuery,,,,,,,SQL,
,,C#,Java,JavaScript,jQuery,,,,PHP,,,SQL,
,,C#,Java,JavaScript,jQuery,,,,,Python,,,
,,C#,,JavaScript,jQuery,,,,,Python,,SQL,
,,,Java,,,,,,,,,SQL,
C,C++,,,JavaScript,,,,Objective-C,PHP,,,,BASH
,,,,,,,,,,,,,
,,,,,,,,,,,,,
,,,,JavaScript,jQuery,,,,PHP,,,SQL,
C,C++,,,,,,,,,Python,,,Fortran
,C++,,Java,,,,,,,,,SQL,
,,,,,,,,,,,,,
,C++,C#,,,,,,,,,,,Mathematica
,,,,,,,,,,,,,
,C++,,,JavaScript,jQuery,,,,PHP,Python,,SQL,
,,,Java,JavaScript,jQuery,,,,,,,SQL,
,,C#,,JavaScript,jQuery,,,,,,,SQL,
,,,Java,JavaScript,jQuery,,,Objective-C,,Python,,,
,,,,,,,,,,,,,
,C++,,Java,JavaScript,jQuery,,,,,,,SQL,
,,,,JavaScript,jQuery,,,,PHP,,,SQL,
,,,Java,JavaScript,,,,,,,Ruby,,
,,,,,,,,,,,,,
,,,,,,,,,,,,,
,,C#,Java,JavaScript,jQuery,,Node.js,,,,,SQL,
,,C#,,,,,,,,,,,
C,,,,JavaScript,,,,,PHP,,,SQL,
C,C++,C#,,,,,Node.js,,,,,SQL,
,,C#,,JavaScript,,,,,PHP,,,SQL,ABAP
,,,,,,,,,,,,SQL,vb.net
,,,Java,,,,,,,,Ruby,,
,,,,,,,,,,,,,
,,,Java,JavaScript,jQuery,,,Objective-C,,,,SQL,
,,,,,,,,,,,,,
,,C#,,JavaScript,,,,,,,,,Visual Dataflex
,,,Java,,,,,,,,,,
,,,,,,,,,,,,,
,C++,C#,Java,,,,,Objective-C,,,,,
,,C#,,JavaScript,jQuery,,,,,,,SQL,
,,,,JavaScript,jQuery,,,,PHP,,,SQL,
C,C++,,,,,,,,,Python,,,
,,,,,,,,,,,,,
,,,,,,,,,,,,,
,,,,,,,,,PHP,,,,
,,C#,Java,JavaScript,jQuery,,Node.js,,,,,,Coffeescript
,,,Java,,jQuery,,,,,,,SQL,
,,,,JavaScript,jQuery,,Node.js,,,,,,
,,,,,,,,,,,,,
,C++,,Java,,,,,Objective-C,,,,SQL,
C,C++,C#,Java,JavaScript,jQuery,,,,PHP,Python,,SQL,
,,,,,,,,,,,,,
,,,,,,,,,,,,,
,,,,,,,,,,,,,
,,C#,Java,JavaScript,,,Node.js,,PHP,Python,,SQL,
,,,,JavaScript,jQuery,,,,,Python,,,
,,,,,,,,,,,,,
,,C#,,,,,,,PHP,,,SQL,
,,,,,,,,,,,,,Freepascal and Lazarus IDE
,,,,JavaScript,jQuery,,,,PHP,,,SQL,
,,,,JavaScript,jQuery,,,,PHP,,,SQL,
,,,Java,,jQuery,,Node.js,,,Python,Ruby,,
,,,,JavaScript,jQuery,,,,PHP,,,SQL,
,,,,,,,,,,,,,Erlang
,,,,,,,,,,,,,
,,C#,Java,JavaScript,jQuery,,,Objective-C,,,Ruby,,
,C++,,,,,,,,,,,,
,,C#,,,,,,,,,,SQL,
,,,Java,,,,,,,Python,,SQL,
,,,,JavaScript,jQuery,,,,PHP,,,SQL,"HTML, CSS"
,,,,JavaScript,jQuery,,,,PHP,,,SQL,Visual Basic
C,C++,,Java,JavaScript,jQuery,,,,,Python,,SQL,
,,,,JavaScript,jQuery,,Node.js,,,Python,Ruby,,
,,,,,,,,,,,,,
,,,,,,,,,,,,,
,,,Java,,,,,,,,,SQL,
,C++,C#,Java,JavaScript,jQuery,,,,,,,SQL,
C,C++,,,,,,,,,Python,,,"Fortran, CMake"
,,C#,,,,,,,,,,SQL,
,,,,,,,,,,,,,
,,,,JavaScript,jQuery,,,,PHP,,,,
,,,Java,JavaScript,jQuery,,,Objective-C,,Python,,,
,,C#,,JavaScript,jQuery,,,,PHP,,,SQL,
,,,,,,,,,,,,,
,,C#,,JavaScript,jQuery,,,,,,,,
,,C#,,JavaScript,jQuery,,,,,,,SQL,
,,,Java,JavaScript,jQuery,,,,,,,SQL,
C,C++,,,,,,,,,,,,
,,C#,,JavaScript,jQuery,,,,PHP,,,,
,,,,,,,,,,,,,
C,C++,,,,,,,,,,,,
,,,,,,,,,,,,,
,,C#,,JavaScript,jQuery,,,,,,,SQL,
,,C#,,JavaScript,jQuery,,Node.js,,,,Ruby,SQL,
,,,,,,,,,,,,,
,,,,,,,,,,,,,Delphi
C,C++,,,,,,,,,Python,,,Haskell
,C++,,,,,,,,,Python,,SQL,
,,,Java,JavaScript,,,,,,,,SQL,groovy
,,C#,,JavaScript,jQuery,,,,,Python,,,
,,,,,,,,,,,,,
,C++,C#,Java,,,,,Objective-C,,,,SQL,
C,C++,,Java,,,,,Objective-C,,,,,Delphi
,,,,JavaScript,jQuery,,,,PHP,,,,
,,C#,,JavaScript,jQuery,,,,,,,SQL,
,,,,JavaScript,jQuery,,,,PHP,,,SQL,
,,,Java,,,,,,,Python,,,
C,,,,JavaScript,,,,Objective-C,PHP,,,SQL,csh perl
,,,,,,,,,,,,SQL,
,,,Java,,,,,,,,,,Android
,,,,JavaScript,jQuery,,,,PHP,,,SQL,Actionscript
,,C#,,,,,,,,,,SQL,
,,,,JavaScript,jQuery,,Node.js,,,Python,,SQL,d3.js
,,,Java,,,,,,,,,,
,,,,,,,,,,,,,
,,,Java,JavaScript,jQuery,,,,,,,,
,,C#,,JavaScript,jQuery,,,,,Python,,SQL,
,,,Java,JavaScript,jQuery,,,,PHP,,,SQL,
,,C#,,JavaScript,jQuery,,,,,,,SQL,
,,,Java,JavaScript,jQuery,,,,PHP,,,SQL,
,,C#,Java,JavaScript,jQuery,,,,,Python,,SQL,
,,,Java,,,,,,PHP,Python,,,
,,C#,,JavaScript,jQuery,,,,,,,SQL,
C,C++,C#,Java,JavaScript,jQuery,,Node.js,,,Python,,SQL,
,,,,JavaScript,jQuery,,,,PHP,,,SQL,
,C++,,,,,,,,,,,,jmeter
,,,Java,JavaScript,jQuery,,,,PHP,Python,,,
,,,,JavaScript,jQuery,,,,PHP,Python,,SQL,
,,,Java,,jQuery,,,,,,,,
,,,,JavaScript,jQuery,,,,PHP,Python,,SQL,
,,,Java,JavaScript,jQuery,,,,,,Ruby,SQL,scala
,,C#,,JavaScript,jQuery,,,,,,,SQL,
,,,,,jQuery,,,,PHP,,,SQL,
C,C++,,,JavaScript,,,,,,,,,
,,,,,,,,,,,,,
,,,Java,,,,,,,,,,"Xtend, Scala, TypeScript"
C,,,,JavaScript,jQuery,,,,,Python,,,
,,,,,,,,,,,,,
,,,Java,JavaScript,jQuery,,Node.js,,PHP,Python,,,
,,,,,,,,,,,,,
,,,,JavaScript,jQuery,,,,PHP,,,SQL,
,,,Java,,,,,,,,,SQL,
,,,,JavaScript,jQuery,,,,,,,SQL,vb.net
,,,Java,JavaScript,jQuery,,,,,,,SQL,groovy
,C++,,Java,,,,,,,Python,,,
,,,,,,,,,,Python,,SQL,VBA
,,,,JavaScript,,,,,PHP,,,SQL,
C,C++,,Java,,,,,,,Python,,SQL,"Fortran, Perl"
,,,Java,,,,,,,,,,
,,,,JavaScript,jQuery,,,,PHP,,,SQL,BASH SCRIPTING
,,,,,,,,,,,,SQL,vb.net
,,,,JavaScript,jQuery,,,,PHP,,,SQL,
,,,,,,,,,,,,,
,,,Java,JavaScript,jQuery,,Node.js,,PHP,,,SQL,
,,C#,,JavaScript,jQuery,,,,,,,SQL,knockoutjs
,,,Java,JavaScript,jQuery,,,,,,,SQL,
,,,,JavaScript,jQuery,,,,PHP,,,SQL,Object Pascal
,C++,,,,,,,,,,,,
,C++,C#,Java,JavaScript,jQuery,,,,PHP,Python,,SQL,
,,C#,Java,JavaScript,jQuery,,,,,,,SQL,Groovy
,,,,JavaScript,,,,,PHP,Python,,,
C,,,,JavaScript,,,,,,,,SQL,perl
,,,,,,,,,,,,,
,,,,,,,,,,,,,
,C++,,Java,JavaScript,jQuery,,,Objective-C,,,,,
C,C++,C#,,,,,,,,Python,,SQL,
,,,,,,,,,,,,,
,,C#,,JavaScript,jQuery,,,,PHP,,,SQL,
,,,,JavaScript,jQuery,,,,PHP,Python,,SQL,
,,C#,,JavaScript,jQuery,,,,,,,SQL,
,,,,JavaScript,jQuery,,,Objective-C,PHP,,Ruby,,
,,,Java,JavaScript,jQuery,,Node.js,Objective-C,PHP,Python,Ruby,SQL,
,,,Java,,,,,,,,Ruby,,Scala
C,,,,,,,,Objective-C,PHP,Python,,,
,,C#,,JavaScript,jQuery,,,,,,,SQL,
,,C#,,,,,,,,,,,VB6/VBA
,,,,,,,,,,,,,
,,,,JavaScript,jQuery,,,,PHP,,,SQL,
,,,Java,,,,,,,,,SQL,
,,,,JavaScript,jQuery,,,,PHP,,,,
,,C#,,,,,,,,,,,ABAP
,,,,,,,,,,,,,
,,,,,,,,,,,,,
,,,,,,,,,,,,,
C,C++,,,JavaScript,jQuery,,,,PHP,Python,,SQL,
,,,,,,,,,PHP,,,SQL,
,,,,,,,,,,,,,
,,,,,jQuery,,Node.js,,PHP,,,,"html , css"
,,,Java,,,,,,,,,SQL,
C,C++,,Java,JavaScript,jQuery,,,,,,,,
,,,Java,JavaScript,jQuery,,Node.js,,,,,,Groovy
,C++,,,,,,,,,Python,,,Lua
,,,,,,,,,,,,,
,,,Java,JavaScript,jQuery,,Node.js,,,Python,,SQL,
,,,Java,JavaScript,jQuery,,,,,,,SQL,ActionScript
,,,Java,JavaScript,jQuery,,,,,,,,
C,C++,,,,,,,,,Python,,,vba
,,C#,,JavaScript,jQuery,,,,,,,SQL,
,,,Java,,,,,,,,,SQL,
,C++,,Java,,,,,Objective-C,,Python,,,
,,,,,,,,,,,,,
,,,,JavaScript,jQuery,,,,PHP,,,SQL,
C,,,,,,,,Objective-C,,,,,
,,,Java,JavaScript,jQuery,,,,,Python,,SQL,Django
C,,,,,,,Node.js,,,Python,,,
,,,,,,,,,,,,,
C,,,Java,,,,,,PHP,Python,,,
,,,,,,,,,,,,,
,C++,,,,,,,,,,,,
C,C++,,,,,,,Objective-C,,Python,,,Assembly (x86); C++11
,,,,,,,,,,,,,
,,,Java,,,,,,,,,,
,,,,,,,,,,,,,
,,,Java,JavaScript,jQuery,,Node.js,,PHP,,,SQL,
,C++,,Java,JavaScript,jQuery,,,,PHP,,,SQL,
,C++,,Java,JavaScript,jQuery,,,,PHP,,,,
,C++,,,JavaScript,jQuery,,,,,Python,,,
,C++,,,,,,,,,,,,
,,,,,,,,,,,,,
,C++,,,,,,,,PHP,,,,
C,C++,,,,,,,Objective-C,,Python,,,
C,C++,,Java,JavaScript,jQuery,,,,PHP,,,SQL,
,,,Java,JavaScript,jQuery,,,,PHP,,,,Scala
,,,,JavaScript,jQuery,,,,PHP,,,SQL,
,,,,,,,,,,,,,
,,,,,,,,,,,,SQL,"Forth, R"
,C++,,Java,,,,,,,,,,
,,,,JavaScript,jQuery,,,,PHP,,,SQL,vb.net
,C++,,,,,,,,,Python,,SQL,
,,C#,Java,JavaScript,jQuery,,,,,,,SQL,"Backbone.js, Underscore.js"
,,,,,,,,Objective-C,,,,,
,C++,C#,,,,,,,,,,,
C,,,,JavaScript,jQuery,,,,PHP,Python,,,
,,,,JavaScript,jQuery,,,,PHP,,,SQL,
,,,,JavaScript,jQuery,,,,PHP,,Ruby,SQL,
,,,,,,,,,,,,,
,,,,JavaScript,jQuery,,Node.js,,PHP,,,SQL,
,,,,JavaScript,jQuery,,,,,,Ruby,SQL,
,,,,,,,,,,,,SQL,PL/SQL
,,,,,,,,,,,,,
,,C#,,,,,,,,,,SQL,
,,,,JavaScript,,,,,PHP,,,,
,,,,,,,,,,,,,
,,,,,,,,,,,,,
,,,,,,,,,,,,,
,,,,JavaScript,jQuery,,,,,Python,,,
,,,,,,,,,,,,,
,,C#,,JavaScript,jQuery,,,,,,,SQL,
,,,,,,,,,,,,,R
,,,,,jQuery,,,,PHP,,,,
,,,,,,,,,,,,,
,,,,,,,,,,,,,SAP ABAP
,C++,C#,Java,,,,,Objective-C,,,,SQL,
,,,,JavaScript,jQuery,,,,PHP,,,SQL,
,C++,C#,Java,JavaScript,jQuery,,,,PHP,,,SQL,
,,C#,,,jQuery,,,,,,,,"vb.net, vba"
,,,Java,JavaScript,jQuery,,,,,Python,Ruby,SQL,Scala
,,C#,Java,JavaScript,jQuery,,,,,,,SQL,
,,,,JavaScript,jQuery,,Node.js,,,,Ruby,SQL,
,,,Java,JavaScript,,,,,,Python,,,
,,,,,,,,,,,,,
,,,Java,JavaScript,jQuery,,Node.js,,,,Ruby,SQL,
,,,,JavaScript,jQuery,,,,,,Ruby,SQL,bash
,,,Java,JavaScript,,,,,,Python,Ruby,SQL,
,,,,,,,,,PHP,Python,,,
,,,,,,,,,,,,,
,,,,,,,,,,,,,
,,C#,,,,,,,,,,SQL,
,,,,,,,,,,,,,
,C++,,,JavaScript,jQuery,,,,PHP,Python,,SQL,
,,,Java,JavaScript,,,,,,,Ruby,,
,,,,,,,,,,,,,
,,,,JavaScript,jQuery,,,,PHP,,,SQL,
,,,,JavaScript,jQuery,,,,PHP,,,,ActionScript
,,C#,,JavaScript,jQuery,,,,PHP,Python,,SQL,"CSS, HTML, XML"
,,C#,,JavaScript,jQuery,,,,PHP,,,SQL,
,C++,,Java,,,,,,PHP,Python,,SQL,
C,C++,C#,Java,,,,,,PHP,Python,Ruby,SQL,"Go, Assembly"
,,C#,,JavaScript,jQuery,,,,,,,SQL,
,,,Java,,jQuery,,,,,,,,APEX(salesforce)
,,,,,,,,,,,,,
,,,Java,JavaScript,jQuery,,,,,Python,,SQL,
,,,Java,,,,,,,,,,
C,C++,C#,,,,,,,,Python,,,
,,,Java,,jQuery,,,,PHP,Python,,SQL,
,,,Java,,,,,Objective-C,,,,,
,,C#,,JavaScript,jQuery,,,,PHP,,,SQL,
,,,,,,,,,,,,,
,,,,JavaScript,jQuery,,,,PHP,,,,
C,,,Java,JavaScript,jQuery,,,,,Python,,,
,,,,,,,,,,,,,
,C++,C#,Java,JavaScript,jQuery,,Node.js,,,,,SQL,
,,,,JavaScript,jQuery,,Node.js,,PHP,,,SQL,
,,,,,,,,,,Python,,,
,,C#,,JavaScript,jQuery,,Node.js,,,,,SQL,
,,,Java,,,,,,,,,,
,,,,,,,,,,,,,
,,,,JavaScript,jQuery,,,Objective-C,PHP,,,SQL,
,,,Java,JavaScript,jQuery,,,,,Python,,SQL,"Scala, Go"
,,C#,,JavaScript,,,,,,,,,Silverlight
,,,Java,JavaScript,jQuery,,,,PHP,,,SQL,
,C++,,Java,,,,,,,,,,
,,,,JavaScript,jQuery,,,Objective-C,PHP,Python,,,
C,,,,JavaScript,,,,,PHP,,,,
,,C#,,,,,,,,,,SQL,qlikview
,,,,,,,,,,,,,
,,C#,Java,JavaScript,jQuery,,,,,,,SQL,
C,,,,JavaScript,jQuery,,Node.js,,,Python,,,
C,,,Java,,,,,,,,,,
C,C++,,,,,,,,,Python,,,"Perl, VBA, VB.net"
,,,Java,JavaScript,,,,Objective-C,,,,,
,,,,,,,,,,,,,
,C++,C#,,,,,,,,,,SQL,VB.NET
,,,,,,,,Objective-C,,,,,
,,C#,,,jQuery,,,,,,,SQL,
,,C#,,JavaScript,jQuery,,,,,,,SQL,
,,,,JavaScript,,,,,,Python,Ruby,SQL,
,,,,,,,,,,,,,
,C++,,,,,,,,,Python,,,
,,,,JavaScript,jQuery,,,,PHP,Python,Ruby,SQL,
,,,,,,,,,,,,,
,,,Java,JavaScript,jQuery,,,,,,,,Scala
,,C#,,,,,,,,,Ruby,SQL,
,,C#,,JavaScript,,,Node.js,,,Python,,SQL,
C,,C#,Java,,,,,Objective-C,,,Ruby,,
,,,Java,,,,,Objective-C,,,,,
,,C#,,JavaScript,jQuery,,,,,,,SQL,
,,C#,,,,,,,,,,SQL,vb6
,,C#,,,,,,,,,,,
,,,,,,,,,,Python,,SQL,
,,,,,jQuery,,,,PHP,,Ruby,,
,,,,JavaScript,jQuery,,,,PHP,,,SQL,MySQL
,,,Java,,,,,,,,,SQL,Flex
,,,Java,,,,,,,,,SQL,
,,,,,,,,,,,,,
,,,Java,JavaScript,jQuery,,,,,Python,,,
C,C++,C#,,,,,,,,,,,
,,,,,,,,,,,,SQL,Visual Basic
,,,,JavaScript,jQuery,,,,PHP,,,SQL,
,,,,,,,,,,,,,
C,,,,JavaScript,jQuery,,Node.js,,PHP,Python,,SQL,
,,,Java,JavaScript,jQuery,,Node.js,Objective-C,,,,SQL,Scala
,,,,,,,,,,,,,
,,,,,,,,Objective-C,PHP,,,SQL,
,,,Java,,,,,,PHP,,,SQL,
,,C#,,JavaScript,jQuery,,,,,,Ruby,,SQL
,,,Java,JavaScript,jQuery,,,,PHP,,,,
,,,,,,,,,,,,SQL,R
,,C#,,JavaScript,,,,,,Python,,SQL,
C,,C#,Java,,,,,,,,,SQL,
,,,,,,,,,,,,,
,,C#,,JavaScript,jQuery,,,Objective-C,PHP,,,SQL,
,,,,,,,,,PHP,,,SQL,
,,,,,,,,,,,,SQL,VB.NET
,,,,JavaScript,jQuery,,,,PHP,,,,
,C++,,Java,JavaScript,,,,Objective-C,,Python,,,
C,,,,JavaScript,jQuery,,Node.js,Objective-C,,Python,,,
,,C#,,JavaScript,jQuery,,,,PHP,,,SQL,.net
,,,,,,,,,,Python,,,Perl
,,,,JavaScript,jQuery,,,,,Python,,,
,C++,C#,,,,,,,,,,SQL,
,,C#,,JavaScript,,,,,,,,SQL,
,,,Java,JavaScript,jQuery,,,,,,,SQL,
,,,,,,,,,,,,,Lotus/Domino-related
,,C#,Java,,,,,,,,,,
,,,,JavaScript,jQuery,,,Objective-C,PHP,,,SQL,
,,,,,jQuery,,,,PHP,,,SQL,
,,,,,,,,,PHP,,,SQL,PL/SQL
,,C#,,,,,,,,,,SQL,Flex
,C++,C#,Java,JavaScript,jQuery,,,,PHP,Python,,SQL,
,,C#,,,,,,,,,,SQL,
,C++,,,,,,,,,Python,,,
,,C#,Java,JavaScript,jQuery,,,,,,Ruby,SQL,Bash
,,,,JavaScript,jQuery,,Node.js,,PHP,Python,,SQL,
,,C#,,,,,,,,,,SQL,
,,C#,,JavaScript,,,,,,,,SQL,VB.Net
,,,,,,,,,,,,,
,,,Java,JavaScript,jQuery,,,,,Python,,SQL,
C,C++,,,,,,,,,,,,Perl
C,,,Java,,,,,,,,,,VHDL
C,C++,,,JavaScript,,,,Objective-C,,,Ruby,,
,,,,,,,,,,,,,
C,C++,C#,,JavaScript,jQuery,,Node.js,Objective-C,PHP,,,,
,,,,,,,,,,,,,
,,,Java,,,,,,,,,SQL,Visual Basic
,,C#,Java,JavaScript,jQuery,,,Objective-C,,,,SQL,
,,,,JavaScript,jQuery,,,,PHP,,Ruby,SQL,
,,,,,,,,,,,,,
,C++,,,,,,,Objective-C,,,,SQL,
,,,,,,,,,,,,,
,C++,,Java,JavaScript,jQuery,,Node.js,,,Python,,,
,C++,C#,Java,,,,,Objective-C,,Python,,SQL,
,,C#,Java,JavaScript,,,,,PHP,Python,,,
C,C++,,Java,JavaScript,jQuery,,,Objective-C,,Python,,SQL,
C,,,,,,,,,PHP,Python,,,assembler
,,,,JavaScript,jQuery,,,,PHP,,,SQL,
,,,Java,,,,,,,,,,
,,C#,,,,,,,,,,,
,,C#,,JavaScript,jQuery,,,,,,,SQL,
,,,,JavaScript,jQuery,,,,PHP,,,SQL,
,,,,JavaScript,jQuery,,,,PHP,,,,
,,,,,,,,,,,,,
,,,,,,,,,,,,,
,,,,JavaScript,jQuery,,,,,Python,,SQL,
,,,,,,,,,,,,,
,C++,C#,Java,JavaScript,jQuery,,Node.js,,PHP,,,SQL,Lua
,,C#,,JavaScript,jQuery,,,,,,,SQL,
,,C#,,JavaScript,jQuery,,,,,Python,,,
,,,,JavaScript,jQuery,,,,PHP,,,SQL,PHP
,,,,,jQuery,,Node.js,,,,Ruby,SQL,
C,C++,,Java,JavaScript,,,,,,Python,,,
C,,,,JavaScript,jQuery,,,,PHP,Python,,SQL,"Haskell, Rust"
,,C#,,JavaScript,jQuery,,,,,,,SQL,
,,,,JavaScript,jQuery,,,,PHP,,,SQL,
,,,,,,,,,,,,SQL,COBOL
,,,,,,,,,,,,,
,,,,JavaScript,jQuery,,,,PHP,,,SQL,Zend Framework
C,,C#,Java,JavaScript,,,,,,Python,,,
,,,Java,JavaScript,,,,,PHP,,,SQL,
C,C++,,Java,,,,,Objective-C,,,,,
,,,Java,,,,,,PHP,,,,HTML
,,,,JavaScript,jQuery,,,,,Python,Ruby,,
,,,,,,,,,,Python,,SQL,R
,,,,,,,,,,,,,
,,C#,,,,,,,,,,SQL,"WCF, WPF"
C,,,,JavaScript,jQuery,,,,PHP,Python,Ruby,,
,,,Java,JavaScript,jQuery,,,,PHP,Python,,SQL,
C,C++,,,,,,,,PHP,Python,,,
,,,,JavaScript,,,Node.js,,PHP,,Ruby,,
,,C#,,JavaScript,jQuery,,,Objective-C,PHP,,,SQL,
,,C#,,,,,,,PHP,Python,,SQL,Visual Basic
,,,Java,JavaScript,jQuery,,,,PHP,,,SQL,
,,,,,,,,,,,,,
,,,,JavaScript,jQuery,,,,PHP,,,,
,C++,C#,,,,,,,,Python,,,
,,,,,,,,,,,,,
,,C#,Java,JavaScript,,,,,,,,SQL,perl
,,,Java,,,,,,,,,,VB
,,,,JavaScript,jQuery,,Node.js,,,Python,,,
,,C#,,JavaScript,jQuery,,,,,,,SQL,
,,,,,,,,,,,,,
,,,,JavaScript,jQuery,,,,PHP,,,SQL,ABAP
,,C#,,,jQuery,,,,PHP,,,SQL,
,C++,C#,Java,JavaScript,jQuery,,,,,Python,Ruby,SQL,
,,,,,,,,,,,,,
C,C++,,,,,,,Objective-C,,,,,
,,,,JavaScript,jQuery,,,,,,Ruby,SQL,
C,C++,C#,Java,,,,,,,Python,,,
C,,,,,,,,Objective-C,,,,,
,C++,,,,,,,,,,,,
,,,,JavaScript,,,,,,,,SQL,VB.NET
C,C++,,,,,,,,,,,,"Lua, Intel assembly"
,C++,C#,Java,JavaScript,jQuery,,,Objective-C,,Python,,SQL,
,,,,,,,,,,,,,
C,,C#,,JavaScript,jQuery,,,,,,,SQL,
,,,,JavaScript,jQuery,,Node.js,,PHP,,,SQL,
C,C++,C#,Java,,,,,,,Python,,SQL,
,,,,,,,,,,,,,
,,,,,,,,,,,,,
,,C#,,JavaScript,jQuery,,,,,,,,
,,C#,,JavaScript,jQuery,,,,,,,,
C,,,,,,,,Objective-C,,Python,,,
,,,,,,,,,PHP,,,SQL,Delphi
,,,Java,JavaScript,,,,,PHP,Python,,SQL,
,,,,,,,,,,,,,
,,C#,,JavaScript,jQuery,,,Objective-C,,,Ruby,SQL,
,,,,,,,,,,,,,
,C++,,,,,,,,,,,SQL,
,,,,JavaScript,jQuery,,,,,,Ruby,,
,,,Java,JavaScript,,,,,,,,,scala
,,,,JavaScript,jQuery,,Node.js,,PHP,,,SQL,
,,,,,jQuery,,,,PHP,,,SQL,
C,C++,,,,,,,,,,,,
C,C++,C#,,JavaScript,jQuery,,,Objective-C,,Python,Ruby,SQL,
C,,,,,,,,,,Python,,,
,,,,JavaScript,jQuery,,Node.js,,PHP,,,SQL,MongoDB
C,,,,,,,,Objective-C,,,,,
,,C#,,,,,,,,,,SQL,
,,,Java,,,,,,,,,,
C,,,,,,,,,,,,,Shell Script
,,,,,,,,,,,,,
,,,Java,,,,,,,Python,,,
,C++,C#,,JavaScript,jQuery,,,,,,,SQL,".net, silverlight"
,,,Java,,,,,,,,,,
,,,,,jQuery,,,,PHP,,,SQL,
,,,,JavaScript,jQuery,,,,,,,SQL,VB.Net!
,,,,,jQuery,,,,,,,SQL,
,,,,JavaScript,jQuery,,,Objective-C,PHP,Python,,SQL,
C,,,,,,,,,,Python,,SQL,
,,,Java,,,,,,,,,SQL,Scala
,,,,,,,,,,,,,
,,,,JavaScript,jQuery,,,,,Python,,,
,C++,,Java,,,,,Objective-C,,,Ruby,SQL,
,,,,JavaScript,jQuery,,,,PHP,Python,,SQL,
C,C++,C#,Java,JavaScript,jQuery,,,,PHP,,,SQL,
,,,,,,,,,,,,,
,,,Java,,,,,,,,,,
,,C#,,JavaScript,jQuery,,,,,,,SQL,
,,C#,,JavaScript,jQuery,,,,,,,SQL,
,C++,C#,,JavaScript,,,,,,Python,,,
,,,,,,,,,,,,,
,,,,JavaScript,jQuery,,Node.js,,,,,,CoffeeScript
,,,Java,JavaScript,jQuery,,,Objective-C,PHP,,,SQL,Coldfusion
,,,,JavaScript,jQuery,,,,PHP,Python,,SQL,
,,,,,,,,,,,,,
,,,,JavaScript,jQuery,,,,PHP,,,SQL,
,C++,,,JavaScript,jQuery,,,,PHP,,,,
,,C#,,JavaScript,,,,,PHP,,,,
,,,,,,,,,,Python,,,
,,,Java,,,,,,,,,,
,,,Java,,,,,,,,,,
,C++,C#,Java,,,,,,PHP,Python,,,
,,,,,,,,,,,,,
C,,,,,,,,,,,,SQL,Ubercode
C,C++,,Java,JavaScript,jQuery,,,,PHP,,,SQL,
,,C#,,JavaScript,jQuery,,Node.js,,,,Ruby,SQL,
,,,,,,,,,,,,,
C,C++,,,,,,,,,Python,,,
,,C#,,,jQuery,,,,PHP,,,SQL,
,,,Java,,,,,Objective-C,,,,SQL,
,,,Java,,,,,,PHP,,,SQL,Perl
,,,,JavaScript,jQuery,,,Objective-C,,,Ruby,SQL,
,,,,JavaScript,jQuery,,Node.js,,PHP,,,SQL,
,,,Java,,,,,,,Python,,,
,,,,,,,,Objective-C,,Python,,SQL,
,,,,JavaScript,jQuery,,,,PHP,,,SQL,
,,,,,,,,,,,,,
,,,,,,,,,,,,,
,,C#,,JavaScript,jQuery,,,,PHP,,,,
,,,,,,,,,,,,,
,,,,JavaScript,jQuery,,,,PHP,,,SQL,
,,,,JavaScript,jQuery,,,,PHP,,,SQL,
C,,,Java,,jQuery,,,,,,Ruby,,Rails
,,C#,Java,,,,,,,Python,Ruby,SQL,
,,,Java,JavaScript,jQuery,,,,,,,SQL,
,,,,,,,,,PHP,,,SQL,
,,,,,,,,,,,,,
,,,,,,,,Objective-C,,,,,ActionScript
,,,,JavaScript,,,,,,Python,,,
C,,,Java,,,,,,,Python,,,
,,,,,,,,,,,,,
C,C++,,Java,JavaScript,jQuery,,,,PHP,,,,
,,,,JavaScript,jQuery,,,,PHP,Python,,SQL,
,C++,,Java,,,,,,,Python,,,
,C++,,,,,,,,,,,SQL,
C,C++,C#,,,,,,,,,,,
,,,,,,,,,,,,,
,,C#,,JavaScript,jQuery,,,Objective-C,,,,,
,,,,,,,,,,,,,
C,C++,,,,,,,,,Python,Ruby,,
,C++,,Java,,,,,,,Python,,,"ActionScript, AppleScript"
,,C#,,JavaScript,jQuery,,,,,,,SQL,
,C++,,Java,,,,,,,Python,,,Game-specific assembly
,C++,C#,,JavaScript,jQuery,,Node.js,,PHP,,,SQL,
C,,,Java,JavaScript,jQuery,,,,PHP,,,SQL,"CSS, HTML"
,,,,JavaScript,jQuery,,,,PHP,,,,
C,,,Java,,,,,,,,Ruby,,
,,,,JavaScript,jQuery,,Node.js,Objective-C,,,,,
,C++,C#,,,,,,,,,,,vhdl
,C++,,Java,JavaScript,jQuery,,,Objective-C,PHP,,Ruby,SQL,
,,,Java,JavaScript,,,,,PHP,Python,,,
,,,,,,,,,,,,,
C,C++,,,,,,,,,,,,x86 Assembly
,,C#,,JavaScript,jQuery,,,,,,,SQL,
,,,Java,,,,,,,Python,,,
,,,Java,,,,,Objective-C,PHP,Python,Ruby,,
,,,Java,,,,,,,,,SQL,"RPG-IV, DB2 for i, CL (IBM i), Classic REXX"
,C++,,,,,,,,,,,,Perl R
,,,,JavaScript,jQuery,,,,PHP,,,SQL,
,,C#,,JavaScript,jQuery,,,,,,,SQL,
,,,Java,JavaScript,jQuery,,,,,Python,,,
C,,,,JavaScript,,,Node.js,Objective-C,,Python,Ruby,,
,,,,,,,,,,,,,
,,,,,,,,,,,,,
,,,Java,,jQuery,,,,,,,SQL,
,,,Java,JavaScript,jQuery,,,,PHP,,,SQL,
,,,,,,,,,,,,,
,,,,,,,,,,,,,
,,,,,,,,,,,,,
,,,,,,,,,,,,,
,,,Java,JavaScript,jQuery,,,,PHP,,Ruby,SQL,
,,,,,,,,,,,,,
,,,,JavaScript,jQuery,,Node.js,,,Python,,SQL,
,,C#,,JavaScript,jQuery,,,,,,,SQL,
,,C#,,,,,,,,,,SQL,
C,,,Java,JavaScript,jQuery,,Node.js,,PHP,Python,,SQL,RealStudio
C,C++,,Java,JavaScript,,,,,PHP,Python,,SQL,
,,,,,,,,,,,,,
,,,,JavaScript,jQuery,,,,,Python,,SQL,
C,C++,,Java,JavaScript,jQuery,,Node.js,,PHP,Python,Ruby,SQL,
,,,,,,,,Objective-C,,,,,
,C++,,,JavaScript,jQuery,,,,,Python,,SQL,
,,,,JavaScript,jQuery,,,,PHP,,,SQL,
,C++,C#,Java,,,,,,,,,,
C,,,,,,,,,,Python,,,Fortran
,,,,,,,,,,,,SQL,sas
,,,,,,,,,,,,,
,,,,,,,,Objective-C,,,,,
,,,Java,JavaScript,jQuery,,,,PHP,,,SQL,"HTML, CSS"
,,,,,,,,Objective-C,,Python,,,
,,,Java,,,,,,,,,,
,,,,JavaScript,jQuery,,,,PHP,,,,
C,C++,,,,,,,,,,,,
,,,Java,JavaScript,jQuery,,Node.js,,,,,,
,,C#,,JavaScript,,,,,,,,SQL,
,,,,,,,,,,,,,
,,,Java,,,,,,,,,,
C,,,,,,,,,,Python,,,
C,C++,,,,,,,,,,Ruby,,
,,C#,Java,,,,,,,,,,
,,,,,,,,,,,,,Perl
,,C#,,JavaScript,jQuery,,,,,,,SQL,
C,,,,,,,,,,,,,
,,,,,,,,,,,,,
,,,Java,,,,,,,,,,
,,C#,Java,JavaScript,jQuery,,Node.js,,PHP,Python,Ruby,SQL,Scala
,,,,,,,,,,,,SQL,"Perl, Excel VBA"
,,,,,,,,,,,,,
,,,,,,,,,,,,,
,,,,,,,,,,,,SQL,Structured Query Reporting (a semi-proprietary PeopleSoft language)
,,C#,,JavaScript,jQuery,,Node.js,,,,,,
,,,,JavaScript,jQuery,,,,,,Ruby,,Scala
C,C++,,,,,,,,,Python,,,
,,,Java,,jQuery,,,,,,,SQL,scala
C,,,Java,JavaScript,jQuery,,,,PHP,Python,,SQL,
,,,,,,,,,,,,,
,,,,,,,,,,,,,
C,C++,C#,Java,JavaScript,jQuery,,,,PHP,Python,,SQL,
C,C++,,,JavaScript,,,,Objective-C,,,,,
,,,,,,,,,,,,,
,,,,,jQuery,,,,PHP,,,SQL,ASP.NET
,,,Java,,,,,,,,,,
,,,Java,JavaScript,jQuery,,,,PHP,,,SQL,
,,,,JavaScript,jQuery,,,,PHP,,,,
,,,,JavaScript,jQuery,,,,PHP,,Ruby,,
,,,,,,,,,,,,,
,,,,JavaScript,jQuery,,Node.js,,PHP,,,,
C,,C#,Java,,,,,,,,,,
,,,Java,JavaScript,jQuery,,,,,,,SQL,
,,C#,,JavaScript,jQuery,,,,,,,SQL,
,,,Java,JavaScript,jQuery,,,,PHP,,,SQL,
C,,,Java,,,,,,,Python,,SQL,
,,,Java,JavaScript,,,,,PHP,,,,
,,C#,,,,,,,,,,SQL,
,,C#,Java,,,,,,,Python,,,
C,C++,,,,,,,,,,,,
,,,,JavaScript,,,,,PHP,Python,,SQL,Erlang
,,C#,,JavaScript,,,,,,,,SQL,
,C++,C#,Java,JavaScript,,,,,PHP,,,,
C,C++,,Java,,,,,,,,,,
,,,,JavaScript,jQuery,,,,,,,,
,,,,,,,,,PHP,Python,,SQL,
C,C++,,Java,JavaScript,jQuery,,,Objective-C,PHP,Python,,SQL,
,,,,JavaScript,jQuery,,,,PHP,,,SQL,
,,C#,,JavaScript,jQuery,,,,,,,,
,,,,,,,,,,,,SQL,
,,,,,,,,,,,,,
,,,Java,JavaScript,,,,,,,,,Dojo
,C++,C#,,JavaScript,jQuery,,Node.js,,,,,SQL,
C,,,,,,,,,,,,,"Matlab, FORTRAN"
C,C++,,Java,JavaScript,jQuery,,,,PHP,,,SQL,
,,,,JavaScript,jQuery,,,,,Python,,SQL,
,C++,,,,,,,,PHP,,,SQL,
,,,,JavaScript,,,,,PHP,Python,,SQL,
,,C#,,JavaScript,,,,,,,,SQL,
,C++,,,JavaScript,jQuery,,,,PHP,,,SQL,
,,,Java,JavaScript,jQuery,,,,,,,SQL,
,,,Java,,,,,,,,,,
,,C#,,JavaScript,,,,,,,,SQL,
,,,,JavaScript,,,,,,,,,
,,,,,,,,,,,,,
,,C#,,JavaScript,jQuery,,,,,,,SQL,
C,,C#,Java,JavaScript,,,,Objective-C,PHP,,,SQL,
,,,,JavaScript,jQuery,,,,PHP,Python,,SQL,
,C++,C#,,JavaScript,jQuery,,,,,Python,,SQL,
C,C++,C#,Java,,,,,,PHP,,,SQL,
,,,,,,,,,,,,,
,C++,,,JavaScript,jQuery,,,,PHP,,,SQL,
C,,,,,,,,,,Python,,,Fortran90
,,,,,,,,,,,,,
,,,,,,,,,,,,,
,,,Java,,,,,,,,,,Groovy
,,,,JavaScript,jQuery,,,,,,Ruby,SQL,
,,,,,,,,,,,,,
C,C++,C#,,,,,,,PHP,,,SQL,
,,C#,,,,,,,,,,,
,,,,,,,,,,,,,
,,,,,,,,,,,,,
,,,,JavaScript,jQuery,,,,,Python,,,Salesforce Apex
,,,Java,,,,,,,,,,Clojure
,,,,,,,,,,,,,
,C++,C#,Java,JavaScript,jQuery,,Node.js,,PHP,,,SQL,
,,,,,,,,,,,,,
,,C#,,JavaScript,,,,,PHP,,,,
,,,,JavaScript,jQuery,,,,PHP,Python,,SQL,
,,C#,,,,,,,,,,,
,,,Java,,,,,,,,,,
,,,,,,,,,,,,,
,,,,,jQuery,,,,PHP,,,SQL,
,C++,,Java,,,,,,,,,,
,,,Java,,,,,,,Python,,SQL,
C,,C#,Java,JavaScript,,,,Objective-C,,Python,Ruby,SQL,Scala
,,,,,,,,,,,,,
,,,,JavaScript,jQuery,,,,PHP,,,SQL,
,,,,,,,,,,,,,
,,,Java,,,,,,,Python,Ruby,,
,C++,,,JavaScript,jQuery,,,,,,Ruby,,
,,,Java,,,,,,,,,SQL,"Scala, Groovy"
,,C#,Java,,,,,,,,Ruby,,
,,,Java,JavaScript,jQuery,,Node.js,,PHP,Python,,SQL,erlang
C,,C#,,,,,,,,,,,
,,,,,,,,,,,,,
,,C#,,JavaScript,jQuery,,,,,,,SQL,Delphi
,,,,,,,,,,,,,
,,,,,,,,,,,,,
,,,,JavaScript,jQuery,,,,PHP,,,,
C,,,Java,,,,,,,,,,
,C++,C#,,,,,,,,,,,
,,C#,,JavaScript,jQuery,,,,,Python,,SQL,
C,,,,JavaScript,jQuery,,,,PHP,Python,Ruby,SQL,
,,,,,,,,,,,,,
,,,Java,JavaScript,jQuery,,,,PHP,,,SQL,
,,,,,,,,,,,,,
,,C#,,JavaScript,jQuery,,,,,,,SQL,"VBA, HTML5, CSS3"
,,,,,,,,,,,,,
C,,,Java,,,,,,,,,,
,,,Java,JavaScript,jQuery,,,,,,Ruby,SQL,"Scala, Haskell"
,,,Java,JavaScript,jQuery,,,,,,,SQL,"scala, coffeescript, less, neo4j, mongodb"
,C++,C#,,JavaScript,jQuery,,,,PHP,,,SQL,Lua
,,C#,,JavaScript,jQuery,,,,PHP,,Ruby,SQL,"vb, RealBasic"
,,,Java,,,,,Objective-C,PHP,,,,
,,C#,,,,,,,,,,SQL,
,C++,,,,,,,Objective-C,,,,SQL,
,C++,,,,,,,,PHP,,,,
C,,,Java,,,,,,,,,,
,,,,,,,,,,,,,
,,C#,,,,,,,,,,,
,,,,,,,,,,,,,
,C++,,,,,,,,,,,,
,,,,JavaScript,jQuery,,,,,Python,,,
,,C#,,,,,,,,,,,
C,C++,,,,,,,Objective-C,,,,,
,,C#,Java,JavaScript,jQuery,,Node.js,,PHP,,Ruby,SQL,
,,,Java,JavaScript,,,,,,,,,
,,C#,,JavaScript,,,,,PHP,,,SQL,Delphi
C,C++,C#,Java,JavaScript,jQuery,,,Objective-C,PHP,Python,,SQL,
,,,,,,,,,,Python,,SQL,R
,C++,,Java,JavaScript,,,,,PHP,,,SQL,flex
C,,,,,,,,,,Python,,,
,,C#,,,,,,,,,,SQL,
C,,C#,Java,,,,,,,,,SQL,
,,,Java,,jQuery,,,,,Python,Ruby,SQL,groovy/grails
C,,C#,,JavaScript,jQuery,,,,,,,SQL,
,,,,JavaScript,,,,,,Python,,,Perl
,,,Java,JavaScript,jQuery,,,,,,,SQL,
C,C++,,Java,,,,,,,Python,,SQL,
,C++,C#,,JavaScript,,,,,,,,,
,,,Java,JavaScript,,,,Objective-C,,,,,
,,,,JavaScript,jQuery,,Node.js,Objective-C,,Python,,,
,,,,,,,,,,Python,,,
,,,Java,JavaScript,jQuery,,,,PHP,Python,,,HTML/CSS
,,,,,,,,,,,,,
,,,,JavaScript,jQuery,,,,PHP,,,SQL,
,,C#,,,,,,,,,,,
,,,,,,,,,,,,,
C,C++,,,,,,,,,,Ruby,,
,,,Java,JavaScript,jQuery,,,,PHP,,,SQL,
C,,,Java,,,,,,,,,,"scala, labview"
C,,,Java,,,,,,,Python,,,
,,,Java,JavaScript,jQuery,,,,,,,SQL,Groovy/Grails
,C++,,,JavaScript,,,,,PHP,,Ruby,,"Perl, Haskell"
,,,,,,,,,,,,,
,C++,,,,,,,,PHP,,,,
,,,,,,,,,PHP,,,SQL,HTML
,,,Java,JavaScript,,,,,,,,SQL,
,,,,,,,,,,,,,
C,,,,JavaScript,,,,,PHP,,,,
,,,Java,JavaScript,jQuery,,,,,,,,CouchDB
,,C#,,JavaScript,jQuery,,,,,,,SQL,
,,C#,Java,,,,,,PHP,,,SQL,
,,,,,,,,,,,,,
,,,,,,,,,,,,,
C,,C#,,JavaScript,jQuery,,,,,Python,,,
,,,,,,,,,,Python,,SQL,
,,,,,,,,,,Python,,,Fortran
,,C#,,JavaScript,jQuery,,Node.js,,,Python,,SQL,
,,,,,,,,,,,,,
,,,,JavaScript,jQuery,,,,,,,,
C,C++,,Java,,,,,Objective-C,,Python,,,
C,,,Java,JavaScript,,,,,,Python,,SQL,
,,,,,,,,,,,,,
,,,Java,JavaScript,jQuery,,,,PHP,,,SQL,
,,,,,,,,,,,,,
,,,,,,,,,,,,,
,,C#,,JavaScript,jQuery,,,,,,,SQL,
C,C++,,Java,,,,,,,,,,
,,,Java,,,,,,,,,SQL,
,,,,JavaScript,,,,,PHP,,,,
,,C#,Java,,,,,Objective-C,,,,SQL,
,,,,,,,,,,,,,
,,,,JavaScript,,,,,,,,SQL,vb.net
,,,Java,JavaScript,,,,,,,,,
,,C#,,,,,,,,,,SQL,
,,,,,,,,,,,,,
,,,Java,JavaScript,jQuery,,,,,Python,Ruby,SQL,"Perl, Python"
C,,C#,,,,,,,,,,,
,,,Java,JavaScript,,,,,,,,,Flex
,,C#,,JavaScript,jQuery,,,,,,,SQL,
,,,,,,,,,,,,,
,,,,,,,,,,,,,
,,C#,,,,,,,,,,,Visual Basic .NET
,,,Java,JavaScript,jQuery,,,,PHP,,,,
,,,,,jQuery,,,,PHP,,,SQL,
,,,,,jQuery,,,,PHP,,Ruby,SQL,
,,,,,,,,,,,,,
C,C++,,Java,,,,,,PHP,Python,,,
,,,,JavaScript,jQuery,,,,PHP,,,,Delphi
C,,C#,Java,JavaScript,jQuery,,,,,,,SQL,
C,C++,C#,,JavaScript,,,,,PHP,,,SQL,
C,,,Java,JavaScript,,,,,PHP,Python,Ruby,,
C,,C#,Java,,,,,,,,,,
C,,,Java,,,,,,,,,,
,,,Java,,,,,,,,,SQL,GWT
,,C#,,JavaScript,jQuery,,,Objective-C,,,,SQL,
,,,,JavaScript,jQuery,,,,PHP,Python,,SQL,
,,,Java,,,,,,,Python,,,"scala, groovy"
C,,,,,,,,,,,,,
,,,Java,,,,,,,,Ruby,,
,,,,,jQuery,,,,PHP,Python,Ruby,,R
C,C++,,,JavaScript,,,Node.js,,,Python,,,Common Lisp
,C++,,,,,,,,,,,,
,,,Java,,jQuery,,,,PHP,,,SQL,
,,C#,,JavaScript,jQuery,,,,,,,SQL,"PLSQL, Classic ASP,"
,,,,JavaScript,jQuery,,,,,,Ruby,,
,,,,,,,,,,,,SQL,VBA
,,,Java,,,,,Objective-C,,,,SQL,
,,,,JavaScript,,,Node.js,,,Python,,,
,,,Java,,,,,,PHP,,,SQL,
C,C++,C#,Java,,jQuery,,,,,,,SQL,
,,,,,,,,,,,,,
C,,,,,,,,,,Python,,,"MEL, Hscript"
,,,,,,,,,,,,,
,,,,,,,,,,,,,
,,,,,,,,,,,,,
C,C++,C#,,,,,,,,,,,
,,,Java,,,,,,,,,,
,,C#,,JavaScript,,,,,,,,SQL,mootools
,,,,,jQuery,,,,PHP,,,SQL,
,,C#,,JavaScript,jQuery,,Node.js,,,,,,CoffeeScript
,,C#,,,,,,,,,,,
,,,,JavaScript,,,Node.js,,PHP,,,,
,,,,,,,,Objective-C,,,,,JADE
,,,Java,,,,,,,,,,
,,,,,,,,,,,,,
,,,,,,,,,,,,,
,C++,,,JavaScript,jQuery,,,,PHP,,,SQL,
,,,,,,,,,,,,,
,,,,,,,,,,,,,
,,,,,,,,,,,,,
,,,Java,JavaScript,jQuery,,,,,,,SQL,
,C++,C#,,,,,,,,,,SQL,
,,C#,Java,JavaScript,,,,,PHP,,,SQL,"groovy, lua"
,,,Java,JavaScript,jQuery,,,,,,,,
C,,,,,,,,,PHP,,,,MySQL
,,C#,,,,,,,,,,,
,,,,,,,,,,,,,
,,,,,,,,,,,Ruby,,
,,C#,,,jQuery,,,Objective-C,,,,SQL,
,,,,,,,,,,,,,
,,,Java,JavaScript,jQuery,,,,,,,SQL,Grails
,,,,,,,,,,,,,
C,,C#,Java,JavaScript,jQuery,,,Objective-C,,Python,,SQL,
C,C++,,,,,,,,,,,,
,,,,,,,,,,,,,
C,C++,,Java,JavaScript,,,Node.js,,PHP,Python,Ruby,SQL,
C,,,,JavaScript,jQuery,,,,,Python,,SQL,Matlab
C,C++,,,,,,,,,,,,
,,,,JavaScript,jQuery,,,,PHP,,,SQL,
,,C#,,,jQuery,,,,,,,,
,,C#,,JavaScript,jQuery,,,,,Python,,SQL,
,,,Java,,,,,,,,,,"shell scripting, sybase"
,,C#,,JavaScript,jQuery,,,,,,,,
,,,Java,JavaScript,jQuery,,,,PHP,,,SQL,
,,,,,,,,,,,Ruby,,
,,,Java,JavaScript,,,Node.js,,,Python,,SQL,
,,,Java,,,,,,,,,,
,,,,,,,,,,,,,HTML
,,,Java,,,,,,,,,,ActionScript
C,,,Java,JavaScript,jQuery,,Node.js,,,,,SQL,Perl
C,C++,,Java,,,,,Objective-C,,,,,
,,,Java,,,,,,,,,,
,,,Java,,,,,Objective-C,,,,,
,,,,JavaScript,jQuery,,,,,Python,,,Dojo
C,C++,,,,,,,,,Python,,,
,,,,,,,,,,Python,,,Bash
,,,,JavaScript,jQuery,,,,PHP,,,SQL,
,,,Java,,,,,,,,,,Flex
,,,,JavaScript,,,,,,,,SQL,flash actionscript :(
,,,Java,,,,,,,Python,,,
C,C++,,Java,JavaScript,,,,,PHP,,,SQL,"bash, Groovy, XSLT"
,,,,,,,,Objective-C,,,,,
,,,,,,,,,,,,,
,,C#,,,,,,,,,,,
,,,,,,,,,,,,,
,,,,,,,,,,,,,
,,C#,Java,JavaScript,jQuery,,,,,,,SQL,
,,C#,,JavaScript,jQuery,,,,,Python,,SQL,
,,,,JavaScript,,,,,,,,,"XSLT, SVG, ASP"
C,,,,,,,,,,Python,,,
,,,,JavaScript,,,Node.js,,,,,,
,,,,JavaScript,jQuery,,,,,,Ruby,,
C,,,,JavaScript,jQuery,,,,PHP,Python,,,
,,,,,,,,,,,,,
,,C#,Java,,jQuery,,,,,,,SQL,
C,C++,,Java,JavaScript,jQuery,,,,,Python,,,
,,,,,,,,,,,,SQL,PERL
,C++,,Java,JavaScript,jQuery,,,,PHP,,,,"HTML, CSS3, MySQL"
,,,,JavaScript,jQuery,,,,PHP,Python,,SQL,xquery
,,,,JavaScript,,,,,,,Ruby,SQL,Scala
,,,Java,,jQuery,,Node.js,Objective-C,PHP,,,SQL,
,,,,,,,,,,,,,
,,,Java,JavaScript,jQuery,,Node.js,,PHP,Python,,SQL,
,,C#,,JavaScript,,,,Objective-C,,,,SQL,
,,,,,,,,,PHP,Python,,SQL,
,,,,,,,,Objective-C,,,,,
,,,Java,,,,,Objective-C,,,Ruby,,
,,,,,,,,,,,,,
,C++,,,JavaScript,jQuery,,,,,Python,,,Django
,,,,,,,,,,,,,
,C++,,,,,,,,,,,SQL,"Perl, DCL, bash"
C,,,,,jQuery,,,,PHP,Python,,SQL,
,,,,JavaScript,jQuery,,,,,Python,,SQL,
,,C#,,,,,,,,,,,VB
,,,,,,,,,,Python,,SQL,
,,C#,Java,JavaScript,,,,,PHP,,,SQL,
,,,Java,,,,,,,,,,
,C++,,,,,,,,,,,,R
,,,,,,,,,,,,,
,,,,JavaScript,jQuery,,,,,Python,,,
,,,,,,,,,,,,,
C,,,,JavaScript,jQuery,,,,PHP,Python,,SQL,
,,C#,,,,,,,,,,SQL,
C,C++,,Java,,,,,Objective-C,,Python,,SQL,
,,C#,,JavaScript,jQuery,,,Objective-C,PHP,,Ruby,SQL,
,,C#,,JavaScript,jQuery,,,,,,,SQL,
C,C++,,,JavaScript,,,,,PHP,,,SQL,
,,C#,Java,,,,,,,Python,,SQL,
,,,,,,,,,,,,,
,,,,JavaScript,jQuery,,,,PHP,,,SQL,Classic ASP
,,,,JavaScript,jQuery,,,,PHP,,,SQL,
,,,,,,,,,,,,,
,C++,,,,,,,,,Python,,SQL,
C,,,,,,,,,,Python,,,haskell
C,C++,,Java,JavaScript,jQuery,,,,,Python,,,
,,,,,,,,,,,,,
,,,,JavaScript,jQuery,,,,PHP,,,SQL,
,,,,,,,,,,,,,
C,C++,C#,,JavaScript,jQuery,,,,,,,SQL,
,,C#,,,,,,,,,,SQL,
C,,,,,,,,,,Python,,SQL,"sh, perl, cuda"
,,,Java,,,,,,,,,SQL,
,,C#,,JavaScript,jQuery,,,,,,Ruby,SQL,
C,,,,JavaScript,,,,,,Python,,,
,,,Java,JavaScript,jQuery,,,,PHP,,,SQL,
,,,Java,,,,,,,,,,
,,C#,,JavaScript,jQuery,,,,,,,SQL,
,,C#,,JavaScript,jQuery,,,,,,,SQL,
,,,Java,JavaScript,jQuery,,,Objective-C,PHP,,,,
,,C#,,,,,,,,Python,,SQL,
,,,Java,,,,,,,,,,Scala
C,C++,C#,,,,,,,,,,,VHDL
,,,,JavaScript,jQuery,,Node.js,,,,,SQL,Coldfusion
C,C++,,,,,,,,PHP,,,SQL,
,C++,,,,,,,,,Python,,,
,,,,JavaScript,jQuery,,Node.js,,,,Ruby,,CoffeeScript
,,,Java,,,,,,,,,SQL,
C,C++,,,JavaScript,jQuery,,,,,,Ruby,,
,C++,C#,,,,,,,,,,,
,C++,,Java,,,,,,,,,,
,,,,,,,,,,,,,
,,C#,,JavaScript,jQuery,,,,,,,,
,,,,,,,,,,,Ruby,,
,C++,C#,,,,,,Objective-C,,,,,
C,C++,,,,,,,,,Python,,,Delphi
,,,,JavaScript,jQuery,,,,PHP,Python,,SQL,
,,,,JavaScript,,,Node.js,,,,Ruby,,
,,,,,,,,,,,,,
,,,Java,JavaScript,jQuery,,,,PHP,Python,,SQL,
,,,,,,,,,,,,,
,,,Java,JavaScript,,,,,,,,SQL,Scala
,,,Java,JavaScript,jQuery,,,,,,,SQL,PL/SQL
C,C++,,,,jQuery,,,,,Python,,,
,,,,JavaScript,jQuery,,Node.js,,,,Ruby,SQL,
,,C#,,,,,,,,,,SQL,
,,,Java,JavaScript,jQuery,,,,,,Ruby,,
,,,,,,,,Objective-C,,,,,
,,,,,,,,,,,,,
,,,,,,,,,,,,,
,,,,,,,,,,,,,
,,,Java,JavaScript,jQuery,,Node.js,Objective-C,,Python,Ruby,SQL,
C,,C#,,,,,,,,Python,,,
,,C#,Java,JavaScript,jQuery,,,,PHP,Python,,SQL,AngularJS
C,C++,C#,,,,,,,,,,,
,,,,,,,,,,,,,
,C++,,,JavaScript,,,,,,Python,,SQL,
,,,,,,,,,,,,,
,,,Java,,jQuery,,,Objective-C,,,,SQL,
,,C#,,,,,,,,,,,VB.NET
,,,,JavaScript,jQuery,,,,PHP,,,SQL,
C,C++,C#,Java,,,,,,,Python,,SQL,
,C++,C#,Java,JavaScript,,,,,PHP,,,SQL,
,,,Java,,,,,,,,,,
,,,,JavaScript,jQuery,,,,,Python,,SQL,
,,,,,,,,,,,,,
,,,Java,JavaScript,jQuery,,,,,,,,
,,,,,,,,,,,,,
,C++,C#,,,,,,,,,,,
,,,Java,,,,,,PHP,,Ruby,,"Perl, Puppet"
,,C#,,JavaScript,jQuery,,,,,,,SQL,
,,,,,,,,,,,,,
,C++,,,JavaScript,jQuery,,,,PHP,Python,,SQL,Bash
,C++,C#,,,,,,,,,Ruby,,
,,C#,Java,JavaScript,jQuery,,,Objective-C,,,,SQL,
C,C++,,,,jQuery,,,,PHP,Python,,,
,,,,JavaScript,jQuery,,Node.js,,,,,,
,,,Java,,,,,,,,,,
C,C++,,,,,,,,,,,,Perl
,,,,JavaScript,jQuery,,,,PHP,,,SQL,
,,,,,,,,,,,,,
,,,,,,,,,,,,,
,,,,,,,,,,,,,
,,,,,,,,,,,,,
C,C++,,,,,,,,,,,,Assembler
,,,Java,JavaScript,,,,,,Python,Ruby,SQL,
C,C++,C#,Java,,,,,,,Python,,,
,C++,,,,,,,,,,,,
C,C++,,Java,,,,,,,,,,PERL
C,C++,C#,Java,JavaScript,jQuery,,Node.js,,,,,SQL,"Prolog, Assembly"
,,,,JavaScript,,,,,PHP,,,,Unix
C,C++,,,JavaScript,jQuery,,,,PHP,Python,,,
,,C#,Java,JavaScript,jQuery,,Node.js,,PHP,Python,Ruby,SQL,
,,C#,Java,JavaScript,,,Node.js,,,,,,
,,,,JavaScript,,,,,,Python,,SQL,
,,,,,,,,,,,,,
C,C++,,,,,,,,,,,,
,,,,,,,,,,,,,matlab
,C++,C#,,,,,,,,,,,"Maple, PARI/GP"
,,,Java,,,,,,,,,,
,,,Java,,,,,,,,Ruby,SQL,
,,,,JavaScript,jQuery,,,,PHP,,,SQL,
,,,,,,,,,,,,,
C,C++,C#,,,jQuery,,,,,,,SQL,
,,C#,,,,,,,,,,SQL,XML
,,,,,jQuery,,,,,,Ruby,,
,C++,C#,,JavaScript,,,,,,,,,
,,,Java,JavaScript,jQuery,,,,,Python,,SQL,"CoffeeScript, Backbone"
,,,,JavaScript,jQuery,,,Objective-C,,,Ruby,,
,,,Java,JavaScript,,,,,,,,,
,,,,JavaScript,jQuery,,,,PHP,,,SQL,
,,,,,jQuery,,,,,Python,Ruby,,
,,C#,,JavaScript,jQuery,,,,,,,SQL,ASP
,,C#,,,,,,,,,,SQL,VBA
,,,,,,,,,,,,,
C,,,Java,,,,,,,,,,
C,,,,JavaScript,jQuery,,,,,Python,,,Perl
C,C++,,,,,,,,,Python,,,
C,,,,,,,,,,,,,
C,C++,,Java,JavaScript,,,,Objective-C,,Python,,,
,,C#,,JavaScript,jQuery,,,,,,,SQL,
,,,Java,JavaScript,,,,,,,,SQL,groovy
,,,,,,,,,,,,,
,,,,,,,,,,Python,Ruby,SQL,
,,C#,,,,,,,,Python,,,
,,,,,,,,,,,,,
,,C#,Java,JavaScript,jQuery,,,,,,,SQL,
C,C++,,Java,JavaScript,,,,,PHP,,Ruby,,
,,,,JavaScript,jQuery,,,Objective-C,PHP,,,SQL,
,,,,,,,,,,,,,
C,C++,,,,,,,,,Python,,,
C,,,Java,,,,,Objective-C,,,,,
,,,,,,,,,,,,,
C,C++,,,JavaScript,,,Node.js,,PHP,,,,
C,,,Java,,,,,Objective-C,,,,,
C,,,,,,,,,,,,,
,,,,,,,,,,,,,
,,,,JavaScript,jQuery,,,,PHP,,,SQL,
C,,,,JavaScript,jQuery,,,,PHP,,,SQL,
,,C#,,,,,,,,,,,
C,,,,JavaScript,jQuery,,,Objective-C,,,Ruby,SQL,Perl
,C++,C#,,,,,,,,,,,
,,C#,Java,JavaScript,jQuery,,,,PHP,,,SQL,
,,,,,jQuery,,,,,,,SQL,Perl
,,,Java,JavaScript,jQuery,,,,PHP,Python,,,
,,,,JavaScript,jQuery,,,,,,,,VB.net Asp.net
C,,C#,,,,,,,,,,,
C,,,Java,,,,,,,,Ruby,SQL,
,,,,,,,,,,,,,
,,,,,,,,,,,,,
,,C#,,,,,,,,,,SQL,PowerOn (Symitar Report Generator)
,,,,,jQuery,,,,PHP,,,SQL,
,,C#,,,,,,,,,,,
,C++,C#,,,,,,,,,,,
,,,,,,,,,,,,,
,,,Java,JavaScript,jQuery,,,,PHP,,,SQL,
C,C++,,,JavaScript,,,,Objective-C,PHP,,,SQL,
,,,,JavaScript,,,,,,Python,Ruby,SQL,Perl
,C++,,Java,JavaScript,jQuery,,,Objective-C,,,,,
,,C#,Java,JavaScript,jQuery,,Node.js,,,Python,,SQL,
,,,,,,,,,,,,,
,,C#,Java,JavaScript,jQuery,,Node.js,,PHP,,Ruby,,
,,,,JavaScript,jQuery,,,,,,Ruby,,
,,,,,,,,,,,,,
,,C#,,JavaScript,jQuery,,,,,,,SQL,
,C++,,,,,,,Objective-C,,,,,
,,,,JavaScript,jQuery,,,,PHP,,Ruby,,"html5, coffescript, less"
,,,Java,,,,,,PHP,,,SQL,Flex
,,,,,,,,,,Python,,,VBA
,,C#,Java,,,,,,,,,,
,C++,,Java,,,,,,,,,,Clojure
,,,,,,,,,,,,,
C,C++,,Java,,,,,,,,,,
,,,Java,JavaScript,jQuery,,,,PHP,,,,
,,,Java,,,,,,,Python,Ruby,,
,,C#,,JavaScript,jQuery,,,,,,,SQL,
,C++,,,JavaScript,jQuery,,Node.js,Objective-C,,,,,
,,,Java,,,,,,,,,,
,,,,JavaScript,jQuery,,,,PHP,,,SQL,
,,,,JavaScript,,,,Objective-C,PHP,,,SQL,
,,,,,,,,,,,,,
,C++,,,,,,,,PHP,,,,
,,,,JavaScript,jQuery,,,,PHP,,,,"CSS, HTML"
,,,,,,,,,,,,,
,,,,,,,,,,,,,
C,C++,,,,,,,,,Python,,,"Lisp, Haskell"
,C++,C#,,JavaScript,,,,,,,,SQL,VB.NET
,,,,JavaScript,,,,,,Python,,SQL,
,C++,C#,,,,,,,,,,,
,,,,,,,,,,,,,
,,C#,,JavaScript,jQuery,,,,,,,SQL,
,,C#,Java,,,,,,,Python,,,
,,C#,,JavaScript,jQuery,,,,,,Ruby,SQL,
,,,,JavaScript,jQuery,,,,PHP,,,SQL,"Bash, Scala"
,,,,,,,,,,,,,
C,,,,,,,,,,Python,,,
,,C#,,JavaScript,jQuery,,,,,,,SQL,
C,C++,,Java,,,,,,PHP,,,SQL,
,,C#,,,,,,,,Python,,SQL,
,,C#,Java,JavaScript,jQuery,,,,PHP,,,SQL,
,,,Java,JavaScript,,,,,,Python,,,
,,,,,,,,,,,,,Mathematica
,,,Java,,,,,,,,,,
C,C++,C#,Java,JavaScript,,,,,PHP,Python,,SQL,
C,C++,,,,,,,,,Python,,,VBA
,,C#,,JavaScript,jQuery,,,,PHP,,,SQL,
C,C++,,Java,JavaScript,,,,,PHP,,,,
C,C++,C#,,JavaScript,jQuery,,,,,,,,"VB6, VB.NET"
,,C#,,,,,,,,,,SQL,
,,,Java,JavaScript,jQuery,,,,,,,,
,,C#,,,,,,,,,,,
C,,,,,,,,,,,,,R
C,C++,,,,,,,,,,,,
,,,,JavaScript,,,,,PHP,Python,,SQL,Perl
,,,,,,,,,,,,,
,,C#,,JavaScript,jQuery,,,,,,,SQL,
C,C++,,,,,,,,PHP,,,,
,,,Java,,,,,,,,,SQL,
,,C#,,JavaScript,jQuery,,,,,,,SQL,
,,,,,,,,,,,,,
,,C#,,,,,,,,,,SQL,
,C++,C#,Java,,,,,,,,,,"Lua, Prolog"
,,C#,Java,JavaScript,jQuery,,,,PHP,,,SQL,
C,C++,,,,,,,,,,,,
,C++,,Java,JavaScript,jQuery,,,,,Python,Ruby,,
,,,Java,JavaScript,jQuery,,,Objective-C,PHP,Python,,SQL,Groovy/Grails
C,,C#,Java,,jQuery,,,,,Python,,,
,,,Java,JavaScript,jQuery,,,,,Python,,SQL,GWT
,,,Java,JavaScript,,,,,,,,SQL,
,,C#,,,,,,,,,,SQL,
,C++,,Java,JavaScript,jQuery,,,,,Python,,,Scala
,,,,,,,,,,,,,
,,C#,,,,,,,,,Ruby,SQL,
,,,Java,,,,,,,,,,
,,,,JavaScript,jQuery,,Node.js,,PHP,,Ruby,SQL,
C,,,Java,JavaScript,jQuery,,,,,,Ruby,,
,,,,,,,,,,,,,
,,,Java,JavaScript,jQuery,,,,PHP,,,SQL,
,,,,JavaScript,jQuery,,,,,Python,,SQL,
,,C#,,JavaScript,jQuery,,Node.js,,,,,SQL,vb.net
C,,C#,,JavaScript,jQuery,,,,,,,SQL,
,,C#,,JavaScript,,,,,,,,,FAST Search
C,C++,,,JavaScript,jQuery,,Node.js,,PHP,Python,,SQL,bash
C,,C#,Java,JavaScript,,,,,,,,,
,,,,,,,,,,,,,
,,,Java,,,,,,,Python,,,
C,C++,,,,,,,,,Python,,,Haskell
,C++,C#,,,,,,,,,,,F#
,,,,,,,,Objective-C,,Python,,,
,,C#,,JavaScript,jQuery,,,,,,,,
C,C++,,,JavaScript,jQuery,,,,,,,,
,,,,,,,,,,,,,
,,,,,,,,,,,,,
,C++,,,JavaScript,jQuery,,,,,Python,,,
,,,,,,,,,,,,,"bash, make, haskell"
C,,,,,,,,,,Python,,,
,,,Java,,,,,,,,,,
,,,Java,,,,,,,,,,
,,,,,,,,,,,,,
,,,Java,JavaScript,,,,,,,,SQL,"perl, dojo"
C,,,,,,,,,,,,,
C,,,,,,,,Objective-C,PHP,,,SQL,
,,,,,,,,,,,,,
,C++,,,,,,,,,Python,,,
,,C#,,JavaScript,jQuery,,Node.js,,,,,SQL,F#
,C++,,,JavaScript,,,,,PHP,Python,,SQL,matlab
,,,,JavaScript,jQuery,,,,PHP,,Ruby,SQL,
,,,Java,JavaScript,jQuery,,,,,,,SQL,
C,C++,,Java,,,,,,,Python,,,
,,C#,,,,,,,,,,SQL,Windows/DOS batch
,,,,JavaScript,jQuery,,,,PHP,,,SQL,
C,,,,,jQuery,,,,,,Ruby,SQL,
,,,,,,,,,,,,,
,,C#,Java,JavaScript,,,Node.js,,,,,,
,C++,,,,,,,,,Python,,,
,,C#,Java,JavaScript,jQuery,,,Objective-C,PHP,,,SQL,CoffeeScript
,,,,,,,,,,,,,
,,C#,,JavaScript,jQuery,,,,,,,SQL,
,,C#,,JavaScript,jQuery,,,,,,,SQL,
,,,,,,,,,,,,,
,,,Java,JavaScript,jQuery,,,,,,,SQL,
C,,,Java,JavaScript,jQuery,,,,,Python,,,
,,,,,,,,,,,,,
,,,,,,,,Objective-C,,,,SQL,Scala
,,,Java,,,,,,,,,,Mathematica
C,C++,C#,,,,,,,,Python,,SQL,F#
,C++,,,,,,,,,,,,
,C++,,,,,,,,,Python,,,R
,,,,,,,,Objective-C,,,,,
,,,Java,JavaScript,,,,,,Python,,,
C,,,,JavaScript,jQuery,,Node.js,,,,Ruby,SQL,"MongoDB, PostgreSQL, Redis"
,,,Java,JavaScript,jQuery,,,,PHP,,,SQL,
,,,Java,JavaScript,,,,,,,,SQL,
,,,,JavaScript,jQuery,,,Objective-C,PHP,Python,,SQL,
,,,Java,JavaScript,jQuery,,,,,,Ruby,,
,,C#,,JavaScript,jQuery,,,,,Python,,SQL,
C,C++,,,JavaScript,jQuery,,Node.js,,PHP,,,,
,,C#,,JavaScript,jQuery,,,Objective-C,,Python,,SQL,
,,,,,,,,,,,,,
,C++,C#,Java,JavaScript,jQuery,,,,,,,SQL,
,,,,JavaScript,jQuery,,,Objective-C,PHP,,,SQL,
,,,,,,,,,,Python,,,"Perl, Common Lisp"
,,C#,,JavaScript,jQuery,,,Objective-C,,,,SQL,
C,,,Java,,,,,,,,,,
,,C#,,,,,,,,,,SQL,"XSLT, XPath, XQuery"
,,C#,,JavaScript,,,,,,,,SQL,knockout
,,C#,,,,,,,,,,SQL,VBA
,,C#,Java,JavaScript,,,,,,,,SQL,
,,,,,,,,Objective-C,,,,,
,,,Java,JavaScript,jQuery,,,,,,,SQL,
,,,,,,,,,,,,,
,,C#,,JavaScript,jQuery,,,,PHP,,,SQL,
,,,,,,,,,,,,,
,,C#,,,,,,,,,,SQL,
,,,,,,,,,,,,,
,,,,JavaScript,jQuery,,,,PHP,,,,
,,,,,jQuery,,,,PHP,,,SQL,
,,C#,Java,JavaScript,jQuery,,,,,,,SQL,
,,,,JavaScript,jQuery,,,,PHP,,,SQL,
,,,,JavaScript,jQuery,,,,PHP,,,SQL,
C,,,,,,,,,,,,,"Haskell, Lua, Standard ML"
,,,,,,,,,,Python,Ruby,,
,,C#,,JavaScript,jQuery,,,,,Python,,,
,,,Java,JavaScript,,,,,PHP,,,SQL,
,,,,JavaScript,jQuery,,,,,Python,,SQL,
,,,Java,JavaScript,jQuery,,,Objective-C,PHP,,,SQL,
,C++,C#,,JavaScript,jQuery,,,,PHP,,,,
C,C++,,,,,,,,PHP,Python,,SQL,
C,,,,JavaScript,jQuery,,,,PHP,,,SQL,
,C++,,Java,,,,,,,,,,
,,C#,,JavaScript,jQuery,,,,,Python,,SQL,
,C++,,Java,JavaScript,jQuery,,,,PHP,Python,,SQL,
,,,,,,,,,,,,,
,,C#,,,,,,,,,,SQL,
,,,Java,JavaScript,,,,,,,,,
,,,,JavaScript,jQuery,,,,,,,,Cold Fusion
,,,Java,JavaScript,jQuery,,,,,Python,,,
,,,,,,,,,,,,,vba and vb.net
,,,,,,,,,,,,,
,,,,,,,,,,,,,
,,,Java,,,,,,,Python,,,Android if that counts
,,C#,,,,,,,,Python,,SQL,F#
,,C#,,,jQuery,,,,,,,SQL,
,,,,,,,,,,,,,
,,,,JavaScript,jQuery,,,,PHP,Python,,SQL,
,,,,,,,,,,,,,
,,,,,,,,,,,,,
,,,,,,,,,,,,,
,,C#,,JavaScript,,,,,,,,,
,,,,JavaScript,jQuery,,,,PHP,,,SQL,
,,,Java,,,,,,,,,,
,,C#,,,,,,,,,,,
,,C#,,,,,,,,,,SQL,
C,C++,,Java,JavaScript,,,,,,Python,,SQL,
,,C#,,,,,,,,,,,
,,C#,,JavaScript,jQuery,,Node.js,,PHP,,,SQL,
C,C++,C#,,,,,,Objective-C,,Python,,,perl
,,,Java,JavaScript,jQuery,,,,,Python,,,
,,,,,,,,,,,,,
,,C#,,,,,,Objective-C,,,,SQL,
,,,,JavaScript,jQuery,,Node.js,,PHP,Python,,SQL,iOS dev.
C,,,Java,,,,,,,Python,,,perl
,,,,,,,,Objective-C,,,,,
,,,,JavaScript,jQuery,,Node.js,Objective-C,,Python,,,Haskell
,C++,C#,,,,,,,,,,,
,,C#,,JavaScript,jQuery,,Node.js,,,,,SQL,
,,C#,Java,JavaScript,jQuery,,,,,,,SQL,
C,C++,C#,Java,JavaScript,jQuery,,,,PHP,,,SQL,
,,,,,,,,,,,,,
,,C#,,,,,,Objective-C,,,Ruby,,
,,,,,,,,,,,,,
,,C#,Java,JavaScript,jQuery,,,,PHP,,,SQL,
,,C#,,,,,,,,,,,
,,,Java,,,,,,,Python,,,SAS
,,,,JavaScript,jQuery,,,,PHP,,,SQL,
,,,,,,,,,,,,,
,,C#,,,jQuery,,,,,Python,,,
,,,,,,,,,PHP,Python,Ruby,SQL,LDAP
,,C#,,JavaScript,jQuery,,,,,,,,
,,,,,,,,,,,,,
C,,,,,,,,,,Python,,,
,,,,,,,,,,,,,
,,,Java,,,,,,,Python,,,
,,C#,,JavaScript,jQuery,,,,,,,SQL,
,,C#,,JavaScript,jQuery,,,,,Python,,,
,,C#,Java,,,,,,,,,SQL,"Delphi, XAML"
,,,,,,,,,,,,,
,,C#,,JavaScript,,,,,,,,SQL,
,,,,,,,,,,,,,
,,,,JavaScript,jQuery,,,,PHP,,,SQL,
,,,,,,,,,,,,,
,,,Java,,jQuery,,Node.js,Objective-C,PHP,,,SQL,
,,C#,,JavaScript,,,Node.js,,,Python,,SQL,
,C++,C#,Java,JavaScript,,,,,PHP,,,SQL,
,,,,,,,,,,,,,
,,,Java,JavaScript,jQuery,,,,,,,SQL,
,,,,,,,,,,,,,
,,,Java,JavaScript,jQuery,,,Objective-C,,Python,,,
C,,,Java,,,,,,,Python,,,sbcl
,,,,JavaScript,jQuery,,,Objective-C,PHP,,,SQL,
,,C#,,JavaScript,jQuery,,,,,,,SQL,
,,,Java,,,,,,,,,SQL,
,,C#,,JavaScript,jQuery,,,,,,,SQL,
C,C++,C#,,JavaScript,jQuery,,,Objective-C,PHP,Python,Ruby,SQL,
,,,,,,,,,,,,,
,,,Java,JavaScript,jQuery,,Node.js,,PHP,Python,Ruby,SQL,
,C++,,,,,,,,,,,SQL,Prolog
,,C#,,,,,,,,,,,PowerShell
,,,,JavaScript,jQuery,,,,PHP,,,,
,,,,JavaScript,jQuery,,,,,,,SQL,
,,,Java,JavaScript,jQuery,,,,,,,,scala
C,C++,,,,,,,,,,,,
,,,Java,JavaScript,jQuery,,,,,,,,ColdFusion
,,,,,,,,,,,,,
C,,,,,,,,,,Python,,,
,,,Java,JavaScript,jQuery,,,,,,,,
C,C++,,Java,JavaScript,jQuery,,,Objective-C,,,Ruby,SQL,groovy
,,,,,,,,,,,,,
,,,,,,,,,,,,,
,,,,JavaScript,jQuery,,Node.js,,,,,,
,,,,,,,,,,,,,
,C++,C#,,JavaScript,jQuery,,,,PHP,,,SQL,
,,,,,jQuery,,,,PHP,,,,
,,,,,,,,,,,,,
,,,,JavaScript,jQuery,,,,,,,SQL,VB.Net
,,C#,,,,,,,,,,,
,,C#,,,,,,,,,,SQL,
,,C#,Java,,,,,,,,,,
,,,Java,JavaScript,jQuery,,,,PHP,,Ruby,SQL,Haskell
,C++,,Java,,,,,,,,,,Erlang
,,,Java,JavaScript,jQuery,,,,PHP,,,SQL,"Java EE, Rails"
,,,,,,,,,,,,SQL,Perl
C,C++,C#,,,,,,,,Python,,SQL,actionscript/flex
,,,,,,,,,,,,,
,,,,,,,,,,,,,
,,,,,,,,,,,,,"Perl, R"
,,,,,jQuery,,Node.js,Objective-C,PHP,,,,
,C++,,,,,,,,,Python,,,
,,C#,,JavaScript,jQuery,,,,,,,SQL,
,C++,C#,,JavaScript,jQuery,,,,,Python,,SQL,
,,,,,jQuery,,,,PHP,,,SQL,HTML5
,,C#,,JavaScript,jQuery,,,,,,,SQL,RequireJS
,,,Java,JavaScript,,,,,PHP,Python,,,HTML
C,C++,,,,,,,,,,,,
,,C#,,JavaScript,jQuery,,,Objective-C,,,,SQL,
,,,Java,,jQuery,,,,,,,SQL,
,C++,C#,,,,,,,,,,SQL,asp.net
C,C++,,,JavaScript,,,,,,,,,
,,C#,,JavaScript,jQuery,,Node.js,,,,Ruby,SQL,
,,,Java,JavaScript,jQuery,,,,,Python,,SQL,VBA
,,,,,,,,,,,,,
,,C#,Java,JavaScript,jQuery,,,Objective-C,,,,,
,,,,JavaScript,jQuery,,Node.js,,PHP,,Ruby,SQL,
,,,,JavaScript,jQuery,,Node.js,,PHP,,,SQL,
,,,,,,,,,,,,,
,,,,JavaScript,jQuery,,,,PHP,,,,
,C++,,,JavaScript,jQuery,,,,PHP,,,SQL,
,,,,,,,,,PHP,,,,
,,,,,,,,,,,,,
,,,,,,,,,,,,,
C,,,,,,,,Objective-C,,Python,,,
,,,,,,,,,,,,,
,,,Java,JavaScript,jQuery,,,,,Python,,SQL,
C,C++,C#,Java,JavaScript,jQuery,,Node.js,,,Python,,SQL,
C,,C#,Java,,,,,Objective-C,PHP,,,SQL,Delphi
,,,,JavaScript,jQuery,,,,PHP,,Ruby,SQL,
,,C#,Java,,,,,,,,,,
,,C#,,,jQuery,,,,,Python,,SQL,
,,,Java,JavaScript,jQuery,,,,,,,,
,,,,JavaScript,jQuery,,,,,,Ruby,SQL,
,,,,,,,,,,,,,
,,,,JavaScript,jQuery,,,,PHP,,,,
,,,,JavaScript,jQuery,,,Objective-C,PHP,,,SQL,
,,,,,,,,,,Python,,,
,,,,,,,,,,,,,
,,,Java,,jQuery,,,,,Python,,SQL,
,,,Java,JavaScript,jQuery,,,,PHP,,,,
,,C#,,JavaScript,jQuery,,,,PHP,,,SQL,
C,,,,JavaScript,jQuery,,Node.js,,,,,,
,,C#,,JavaScript,jQuery,,,,,,,,
,C++,C#,,JavaScript,jQuery,,,,PHP,,,SQL,
,C++,,,,,,,,,,,SQL,
C,C++,C#,Java,JavaScript,,,,,,Python,,SQL,
,C++,,Java,JavaScript,jQuery,,,,,Python,,SQL,
,,C#,Java,JavaScript,jQuery,,,,,,,SQL,VB.Net
,,,,,,,,,,,,,
,,,,,,,,,,,,,
,,,,,,,,,,,,,
,,,,,,,,,,,,,
,,C#,,,,,,,,,,,VBA
,,,,,,,,,,Python,,,
,,,,,,,,,PHP,,,SQL,
C,C++,C#,,,,,,,PHP,,,SQL,
,,,,JavaScript,jQuery,,,,PHP,Python,Ruby,SQL,
,C++,,Java,JavaScript,jQuery,,Node.js,,,Python,,,
,C++,C#,,JavaScript,jQuery,,,,,,,SQL,The list goes on and on
,,,Java,JavaScript,jQuery,,,,,,,SQL,
,,,Java,JavaScript,jQuery,,,Objective-C,PHP,,,SQL,
,,,,,,,,,,,,,
,,,,,,,,,,,,,
,,,,,,,,,,,,,
C,,,,,,,,,,,,,"Postscript, baby!"
C,,C#,,JavaScript,jQuery,,Node.js,,PHP,Python,,SQL,
,,C#,,,,,,,,,,SQL,
,,,,,,,,,,,,,
,,,,,,,,,,,,,
,,,Java,JavaScript,jQuery,,,,,,,SQL,
C,C++,C#,,,,,,,,,,,
,,,Java,,,,,,,,,SQL,Kylix
,,,Java,JavaScript,jQuery,,,,,Python,,SQL,clojure
C,C++,C#,,,,,,,,,,SQL,
,,C#,,,,,,,,,,,
,,,,,,,,,,Python,,SQL,
,,,,,,,,,,,,,
,,C#,,,,,,,,,,,Delphi
,,C#,,,,,,,,,,SQL,
C,C++,,,,,,,,,Python,,,
,,,,,,,,,,,,,
,,,,JavaScript,,,,,PHP,,Ruby,SQL,
C,,,,,,,,Objective-C,,Python,,,Brainfuck
,,,Java,,,,,,,,,SQL,Actionscript
,C++,C#,Java,JavaScript,jQuery,,,,,,,SQL,
C,C++,C#,,JavaScript,jQuery,,,,,,,,VB.NET
,,C#,,JavaScript,jQuery,,Node.js,,,,,SQL,
,,,,JavaScript,jQuery,,,,,,Ruby,SQL,
,,,,,jQuery,,,,,Python,,,
,C++,C#,,,,,,,,Python,,SQL,
,,,,,,,,,,Python,,,
,,,,JavaScript,jQuery,,,,PHP,,Ruby,SQL,
,,,,,,,,,,,,,
,,,,,,,,,,,,,
,,,Java,,,,,,,,Ruby,SQL,
,,C#,Java,JavaScript,jQuery,,Node.js,,PHP,Python,,SQL,"Scala, VB.NET"
,,C#,,JavaScript,jQuery,,,,,,,,
,,,Java,JavaScript,jQuery,,Node.js,Objective-C,PHP,Python,Ruby,SQL,Groovy
C,C++,,Java,JavaScript,jQuery,,,,,Python,Ruby,SQL,
,,,,,,,,,,,,,
,,C#,,JavaScript,jQuery,,,,PHP,Python,Ruby,SQL,
,,,,,,,,,,,,SQL,Delphi
C,C++,,Java,,,,,,,,,,
C,,,,,,,,,,,,,shell
,,,Java,JavaScript,jQuery,,,,,,,,
,,,,,,,,,,,,,
,,C#,,JavaScript,,,,,,,,SQL,
,,,Java,JavaScript,jQuery,,,,PHP,,,,
C,,,Java,,,,,Objective-C,,,,,Perl
,,,,,,,,,,,,,
,,,Java,,,,,,PHP,,,SQL,
,,,,,,,,,,,,,
,,C#,Java,JavaScript,jQuery,,,,,,,SQL,VB6
,,C#,Java,,,,,,,,,,Delphi
C,C++,,Java,JavaScript,,,,,,Python,,,
C,C++,C#,Java,JavaScript,jQuery,,,,PHP,,,SQL,
,,,,,,,,,,,,,
,,C#,,,,,,,,,,SQL,
,,,,,jQuery,,,,,Python,Ruby,SQL,
,,C#,,JavaScript,jQuery,,,,PHP,,,SQL,LINQ
,,,,,,,,,,,,,
,,C#,,JavaScript,jQuery,,,,PHP,,,SQL,
,,C#,Java,JavaScript,jQuery,,,,,,,SQL,
,,,,JavaScript,jQuery,,,,PHP,Python,,SQL,mongodb
C,,,,,,,,Objective-C,,,,,
,,,Java,JavaScript,jQuery,,,,,Python,,SQL,
,,,,JavaScript,jQuery,,,,PHP,,,SQL,Bash
,,C#,Java,JavaScript,jQuery,,,,PHP,Python,,SQL,
,,,Java,JavaScript,jQuery,,,,,,Ruby,,
,,,,,,,,,,,,,
,,,,JavaScript,jQuery,,,,PHP,Python,,SQL,
C,,C#,Java,JavaScript,jQuery,,,Objective-C,,,,SQL,
,,,,,,,,,,,,,
,,,,,,,,,,,,,Dutch
,,,Java,,jQuery,,,,,,,,flex
C,,,Java,JavaScript,,,,,PHP,Python,,,
,,,,,,,,,,,,,
,,C#,Java,JavaScript,jQuery,,,,PHP,,,SQL,
,,C#,,JavaScript,,,,,,,,,
,,,Java,,,,,,,,,,
C,,,Java,,,,,Objective-C,PHP,,,,
,,,,,,,,,,,,,
,C++,,Java,,,,,,,,,,
,,,,,,,,,,,,,
,,,,,,,,,,,,,
C,C++,,Java,JavaScript,,,,,PHP,Python,,SQL,
,,C#,,JavaScript,jQuery,,,,,,,SQL,
,,,,,,,,,,,,,
,,,,,,,,,,,,,
,C++,C#,Java,,,,,,,,,,
,,,,JavaScript,,,,,,Python,,,
,,,Java,JavaScript,jQuery,,,,PHP,,Ruby,SQL,
,C++,,,JavaScript,,,,,,,,,"Perl, Haskell"
,,,,JavaScript,jQuery,,,,PHP,,,SQL,
C,C++,,,,,,,,,,,,Pascal
C,,,,,,,,,,Python,,,z/Assembler
C,C++,C#,,JavaScript,jQuery,,,,,,,SQL,
,,,,JavaScript,jQuery,,,,,Python,,SQL,
,,C#,,,,,,,,,,,f#
,,C#,,JavaScript,jQuery,,,,PHP,,,SQL,
,,,,,,,,,,,,,
,,,Java,JavaScript,jQuery,,Node.js,,PHP,Python,,SQL,
,,,,,,,,,,,,,
,,,,,,,,,,,,,
,,,,JavaScript,jQuery,,,,,,,SQL,ColdFusion
,,C#,Java,,,,,,,,,,VB.NET
,,C#,,JavaScript,jQuery,,,,,,,,
C,,,Java,JavaScript,jQuery,,,,PHP,,,SQL,
,,,,,,,,,,,,,
,,C#,,JavaScript,,,,,,,,,LISP
,,,,,,,,,,,,,
,,,Java,JavaScript,,,,,,,,SQL,"Scala, Dojo"
C,C++,,,,,,,,,,Ruby,SQL,Perl
,,,,JavaScript,jQuery,,,,PHP,Python,,,
,C++,C#,,,,,,,,,,,
,,,Java,,,,,,,Python,,,
,,,,,,,,,,,,,
C,C++,C#,,JavaScript,jQuery,,,,,Python,,,
,,,Java,,,,,,,,,SQL,
,,,,,,,,,,Python,,SQL,
,,,Java,JavaScript,jQuery,,,,,,,,
,,,,,,,,,,,,,
,,,,JavaScript,jQuery,,,,PHP,,,,
,,C#,,,,,,,,,,,
C,,,,JavaScript,,,,,,Python,,,"Scheme, Haskell, OCaml, Lua"
,,C#,Java,,,,,,,,,,
,C++,,,,,,,,,,,,
,,C#,,JavaScript,jQuery,,,,,,,SQL,
,,,Java,,,,,,,,,SQL,
C,C++,,,JavaScript,,,,,,,,SQL,VB.NET
,,,Java,JavaScript,jQuery,,,,,,,SQL,Talend DI (ETL)
,,,,,,,,,,,,,
C,C++,,Java,,,,,,,Python,,SQL,Bash
,,C#,,JavaScript,jQuery,,,,,,,SQL,ASP.NET
,,C#,,JavaScript,jQuery,,,,,,,SQL,
C,C++,C#,,JavaScript,,,,,,Python,,SQL,
,,,,,,,,,,,,,
,,C#,,JavaScript,jQuery,,Node.js,,,,,SQL,
,,,Java,,,,,Objective-C,,Python,,,
,,C#,,JavaScript,jQuery,,,Objective-C,,,,SQL,
,,,,,,,,,,,,,R
C,C++,C#,Java,JavaScript,jQuery,,,,PHP,,,SQL,
,,C#,,,jQuery,,,,,,,SQL,
C,,,Java,,,,,Objective-C,,,,,
,,,,,,,,,,,,SQL,VB.Net
,,,,,,,,,,Python,,SQL,
,,,,JavaScript,jQuery,,,,PHP,,,SQL,
,,,Java,,,,,,,,,SQL,
,,C#,Java,,,,,,,Python,,SQL,Haskell
,,C#,Java,JavaScript,jQuery,,,,,,,SQL,
,,C#,Java,JavaScript,jQuery,,,Objective-C,,,,,
,,,,JavaScript,jQuery,,Node.js,,,Python,,,
C,,,Java,JavaScript,,,,Objective-C,,,,SQL,
C,,,,,,,,,,,,,"Perl, Fortran"
,,C#,,JavaScript,jQuery,,,,,,,SQL,
,,C#,,JavaScript,jQuery,,,,,,,SQL,
,,,Java,,,,,,PHP,,,SQL,
,,,,,,,,,,,,,
,,,Java,,,,,,,,,,
,,C#,,JavaScript,jQuery,,,,,,,SQL,
C,C++,C#,Java,JavaScript,jQuery,,,,PHP,Python,Ruby,SQL,
C,,,,,,,,,,,,,
,,C#,Java,,,,,,,,,SQL,
,,C#,,,jQuery,,,Objective-C,,,,SQL,
,,C#,,JavaScript,jQuery,,,,,,,SQL,
C,C++,,Java,,,,,,,Python,,,Delphi
,,C#,,JavaScript,jQuery,,Node.js,,,Python,,,Verilog 2001
,,,,,,,,,,,,,
C,C++,,Java,,,,,,,Python,,,
,C++,,Java,,,,,,,,,SQL,
,,,Java,,,,,,,Python,Ruby,,
,,C#,Java,,,,,,,Python,,SQL,"Scala, Haskell"
,,,Java,JavaScript,jQuery,,,,,,,,
,,C#,,JavaScript,jQuery,,,,,,,SQL,VB.Net
,,C#,,JavaScript,,,,,,,,SQL,
,,C#,Java,JavaScript,jQuery,,,Objective-C,,,,SQL,
,C++,C#,,,,,,,,,,,Visual Basic
,,,Java,JavaScript,jQuery,,,,,,,SQL,
,,C#,,,,,,,,,,SQL,
,,C#,,JavaScript,jQuery,,,,,,,SQL,
,,,Java,,,,,,,,,SQL,
,,,Java,JavaScript,jQuery,,,,PHP,,,SQL,
,,C#,,,,,,,,Python,,SQL,
C,C++,,Java,,,,,,,,,,
,,C#,,JavaScript,jQuery,,,,,,,,
C,C++,,Java,,,,,,,Python,,,Haskell
,,,,,,,,,,,,,
,,,,,,,,,,,,,
,C++,,Java,,,,,,,Python,,,Haskell
C,,,Java,,,,,,,,,,
,,,Java,,,,,,PHP,,,,"Perl, Lua"
,,C#,,JavaScript,jQuery,,,,,,,SQL,MongoDB
,,,Java,JavaScript,jQuery,,Node.js,,PHP,Python,,SQL,
,,C#,Java,JavaScript,jQuery,,,,,Python,,SQL,
,,C#,Java,,,,,,PHP,,,SQL,
,,C#,,JavaScript,,,,,PHP,,,SQL,
,,C#,,JavaScript,jQuery,,,,,,,,
,,,Java,,,,,,,,,,TeX
C,,,Java,,,,,,PHP,,,,
,,,,,,,,,,,,,
,,,,,,,,,,,,,
C,C++,C#,,,,,,,,,,SQL,
,,,,,,,,,PHP,,Ruby,SQL,
,,C#,,,jQuery,,,,,,,SQL,
,,,,JavaScript,jQuery,,,,PHP,,,SQL,
,,,,,,,,,,,,,
,,,,JavaScript,jQuery,,Node.js,,,,,SQL,ColdFusion
,,,,,,,,,,,,,
,,,,JavaScript,jQuery,,,,PHP,Python,,SQL,
,,,Java,,,,,,PHP,Python,,SQL,Perl
,,,,,,,,,,,,,
,C++,C#,,,,,,,,,,,
,,,,JavaScript,jQuery,,,,PHP,Python,,SQL,vb
,,,Java,JavaScript,jQuery,,,,PHP,Python,Ruby,SQL,
,,,,,,,,,,Python,,,
,,,Java,JavaScript,jQuery,,,,PHP,,,,
,,,,,,,,,,,,,
,,,Java,,,,,,,,,,
C,C++,,,,,,,,,Python,,,bash
,,,Java,JavaScript,jQuery,,,,,,,,
,,,,JavaScript,jQuery,,,,PHP,Python,,,
,,C#,,,,,,,,,,,
,,,,JavaScript,jQuery,,,,PHP,,,,
,,,,JavaScript,jQuery,,,,PHP,,,SQL,
,,C#,,,,,,,,,,,VB.NET
C,C++,C#,,JavaScript,jQuery,,,,PHP,Python,,SQL,
,,C#,,JavaScript,jQuery,,,,,,,,
,,,,JavaScript,jQuery,,,,PHP,,,SQL,
,,,Java,,,,,,,Python,,SQL,
,,,,JavaScript,jQuery,,,,,,,SQL,Perl
,,,Java,JavaScript,jQuery,,,,PHP,,,SQL,
,,,,JavaScript,jQuery,,,,PHP,Python,,,Julia
C,,,,JavaScript,,,,,PHP,,,SQL,
,,C#,,JavaScript,jQuery,,,,,,,SQL,
,,,Java,,,,,,,,,,
C,,,Java,JavaScript,jQuery,,Node.js,Objective-C,PHP,,,SQL,
,,,Java,JavaScript,jQuery,,,,PHP,,,SQL,Visual Basic.NET
,,C#,,JavaScript,jQuery,,,,,,,SQL,
,,C#,,JavaScript,,,,,,,,SQL,
,,,,,,,,,,,,,
C,C++,C#,Java,,,,,,,,,,
C,C++,,,,,,,,,Python,,,
,,,,,,,,,,,,,
,,,Java,JavaScript,jQuery,,,,PHP,,,SQL,clojure
,,,Java,,,,,Objective-C,,,,,
,,,,,,,,,,,,,
,,C#,,JavaScript,jQuery,,,,,,,SQL,vbscript
,,,Java,JavaScript,jQuery,,,,,,,SQL,"Scala, Haskell, Dojo"
,C++,,Java,,,,,,,Python,,,
,,C#,,JavaScript,jQuery,,,,,,,SQL,vb.net
,,,,,,,,,,,,,
C,,C#,,,,,,,,,,SQL,
,,,,,,,,,,,,,
,C++,C#,,,,,,,,,,,
,,,,,,,,,,,,,
,,,,,,,,,,,,,"Haskell, Scala"
C,,,Java,JavaScript,jQuery,,,,PHP,,,SQL,
,,,,,,,,,,,,,
,,,,JavaScript,jQuery,,,,PHP,,,SQL,"MongoDB, Redis"
,,C#,Java,JavaScript,,,,,,,,SQL,"ExtJS, Perl"
,,,,JavaScript,jQuery,,,,PHP,,,SQL,
,,C#,,JavaScript,jQuery,,,,PHP,,,SQL,VB.NET
,,,Java,,,,,,,,,,
,,,,,,,,,,,,,Delphi
C,,,,JavaScript,jQuery,,,Objective-C,,Python,,SQL,clojure
,,C#,Java,JavaScript,jQuery,,,,,,,SQL,Perl
C,C++,C#,Java,JavaScript,,,,,,Python,,SQL,
,,,Java,,,,,,,Python,,,
,,,,,jQuery,,,,PHP,,,,"HTML, CSS"
C,C++,,,,,,,,,,Ruby,,Bro IDS
,C++,C#,,JavaScript,jQuery,,Node.js,Objective-C,,,,,
C,C++,C#,,JavaScript,jQuery,,,,PHP,,,SQL,X86 assembler
,,,,,,,,,,Python,,,
,,,,JavaScript,jQuery,,,,PHP,,,,
,,,,,,,,,,,,,
,C++,C#,,JavaScript,jQuery,,,,,,,SQL,AS3
,C++,,Java,,,,,Objective-C,PHP,Python,,SQL,
C,,,,JavaScript,jQuery,,,,PHP,Python,,SQL,
,,,,JavaScript,jQuery,,,,,,,,Scala
C,C++,,,,,,,,,Python,,SQL,
,,,,,,,,,,,,,
C,C++,,Java,JavaScript,jQuery,,,,PHP,,,SQL,
,,,,JavaScript,jQuery,,,Objective-C,PHP,,,SQL,
,,C#,,,,,,,,Python,,,
,,,Java,JavaScript,,,,,,,,SQL,
,,,,,,,,,,,,,
,,C#,,JavaScript,,,Node.js,Objective-C,,,,SQL,
,,,Java,,,,,Objective-C,,,,,
,C++,,,,,,,,,Python,,SQL,
,,,,JavaScript,jQuery,,,,PHP,,,SQL,
,,,,,,,,,,,,,
,,,Java,JavaScript,jQuery,,,Objective-C,PHP,Python,Ruby,SQL,
,,,,,,,,,,,,,
,,,,JavaScript,jQuery,,,,,,Ruby,SQL,
C,C++,,Java,JavaScript,jQuery,,Node.js,,PHP,,,SQL,
,C++,C#,Java,,,,,Objective-C,,,,,
,,,,JavaScript,jQuery,,,,PHP,,,SQL,bash shell scripting
,C++,C#,Java,,,,,,,Python,,SQL,
,,,Java,JavaScript,jQuery,,,,,,,,Groovy
,,C#,,JavaScript,jQuery,,Node.js,,PHP,,,,
,,,,,,,,,,Python,,,
,,,Java,,,,,,,,,SQL,
,C++,C#,,,,,,,,,,,
,,,,,,,,,,,,,
,,,,,,,,,,,,,
,,,,,jQuery,,,,PHP,Python,,,
,,C#,,JavaScript,jQuery,,,,PHP,,,SQL,
,,,,JavaScript,jQuery,,,,PHP,,,,
,,,Java,,,,,,,Python,,SQL,
,,,,,,,,,,,,,
,,C#,Java,JavaScript,,,,,PHP,,,SQL,
,,,,JavaScript,jQuery,,,,PHP,,,SQL,
,,,,,,,,,,,,,
C,,,,,,,,,,,,,
,,C#,,JavaScript,jQuery,,,,,,,SQL,
C,,,,JavaScript,,,,,PHP,Python,,SQL,Mootools
C,C++,,,,,,Node.js,,,Python,,,
,,C#,,JavaScript,jQuery,,Node.js,,,,,,Solr
,,,,JavaScript,jQuery,,,,PHP,,,SQL,
,,,,JavaScript,,,,,PHP,,,,
,C++,,Java,JavaScript,,,,,,Python,,,
C,C++,C#,Java,JavaScript,jQuery,,Node.js,,PHP,,Ruby,SQL,"ASP, ASP.NET"
C,C++,,Java,,,,,Objective-C,PHP,,,SQL,
C,C++,,,JavaScript,,,,,PHP,Python,Ruby,SQL,
,,,,,jQuery,,,,PHP,,,SQL,
,,,,,,,,,,,,,
,,C#,,,,,,,,Python,,SQL,COM
,,C#,,JavaScript,jQuery,,,,,,,,
,,,,,,,,,,,,,
C,,,,JavaScript,,,,,PHP,Python,,SQL,ActionScript
,,C#,,,,,,,,,,SQL,"Delphi, Delphi Prism"
,,,,JavaScript,jQuery,,,,PHP,,,,
,,,Java,,,,,,,,,,
,,,Java,,,,,,,,,SQL,Clojure
,,,Java,JavaScript,,,,,,Python,Ruby,,
,,,,,,,,,,,,,
,,C#,,JavaScript,jQuery,,,,,,Ruby,SQL,
,C++,,Java,JavaScript,,,,Objective-C,,Python,,,
C,,,,,,,,Objective-C,,,Ruby,,
,C++,,,JavaScript,jQuery,,Node.js,,PHP,,Ruby,SQL,
,,,,,,,,,,,,,
C,C++,,Java,JavaScript,jQuery,,,,PHP,Python,,SQL,
,,,,JavaScript,jQuery,,,,PHP,,,SQL,
,,C#,,JavaScript,jQuery,,,,,,,SQL,VB.NET
,,,,,,,,,,,,,
,,C#,,JavaScript,jQuery,,,,,,,SQL,
C,C++,C#,,,,,,,,,,,
,,,,,,,,,,,,,
,,,,,,,,,,,,,
,,C#,,JavaScript,jQuery,,,,,,,SQL,
,,,,,,,,,,,,,
C,,,,JavaScript,jQuery,,,,,Python,,,"Haskell, Racket, Forth"
,,,Java,JavaScript,,,,,,,,SQL,Mathematica
,,C#,Java,,,,,,PHP,,,SQL,
,,,,,,,,,PHP,Python,,,
,,,Java,JavaScript,jQuery,,Node.js,,,,Ruby,SQL,"groovy, clojure, scala"
,,,,JavaScript,jQuery,,,,PHP,,,SQL,
C,,,Java,JavaScript,jQuery,,Node.js,,PHP,,,SQL,
,,,,,,,,,PHP,Python,,SQL,
,C++,,Java,,,,,,,,,,Clojure
,,,,,,,,,,,,,
,,,,,,,,,,,,,
,,,,,,,,,,,,,
,,C#,,,jQuery,,,,,,,,
,,C#,,JavaScript,jQuery,,,,,,,,knockout.js
,,,,JavaScript,jQuery,,,,PHP,Python,,SQL,
,,,Java,,,,,,,,,,Perl
,,C#,,,,,,,,,,,
C,C++,,,,,,,Objective-C,,,,,
C,,,,,,,,,,Python,,,
C,,,,,jQuery,,,,,Python,Ruby,,
,,C#,,,,,,,,,,SQL,
,,,,JavaScript,jQuery,,Node.js,,PHP,Python,,SQL,
,,,,,,,,,,,,,
C,C++,,Java,,,,,,,,Ruby,,Haskell
,C++,,,,,,,,,,,,
C,C++,,Java,JavaScript,jQuery,,Node.js,,,Python,,,
,,C#,,JavaScript,jQuery,,,,,,,SQL,
,,,Java,JavaScript,jQuery,,Node.js,,,,Ruby,,Clojure
,,C#,,JavaScript,jQuery,,,,,,Ruby,SQL,
,,,Java,,,,,,,,Ruby,SQL,
,,,,,,,,,,,,,
,,,,JavaScript,,,,,,,Ruby,,Scala
,,,,,,,,Objective-C,,,,SQL,
,,,,,,,,,,,,,
,,C#,,JavaScript,jQuery,,,,,,,SQL,
,C++,C#,,JavaScript,,,,,,,Ruby,,
,,,Java,,,,,,,,,,
C,,,,,,,,,,Python,,,
,,,,,,,,,,,,,
,,,,JavaScript,jQuery,,,,PHP,Python,,SQL,
,,,,,jQuery,,,,PHP,,,,
,,,Java,JavaScript,jQuery,,,,PHP,,,SQL,
C,,,,JavaScript,,,,,,Python,,,
,,,,,,,,,,,,,
C,,,,,,,,,,,,,
C,,,,,,,,,,Python,,,
,,,Java,,jQuery,,,,PHP,,,,
,,C#,,JavaScript,jQuery,,,Objective-C,,,,SQL,
C,C++,C#,Java,JavaScript,,,Node.js,Objective-C,PHP,Python,,SQL,
,,,,JavaScript,,,,,,,,,Mathematica
,,,,,,,,,,,,,
,,C#,,,,,,,,,,SQL,
,,,,,,,,,,,,,
,,C#,,,,,,,,,,,
,C++,,,,,,,,,,,,
,C++,,,,,,,,,,,,
,,,,,,,,,,Python,,SQL,Perl
,,,,,,,,,,Python,,,"Matlab, Labview"
,,,,,,,,,,,,,
,,,,JavaScript,jQuery,,,,,,,,
,,,,,,,,,PHP,,,SQL,Perl baby
,,,Java,JavaScript,jQuery,,Node.js,Objective-C,PHP,,,SQL,
,,,,,,,,,,,,,
,,C#,,JavaScript,jQuery,,,Objective-C,,,,SQL,
,,,,,,,,,,,,,
,,,,,,,,,,,,,
,,,,,jQuery,,,,PHP,,,SQL,
,,,,,,,,,,,,,
C,C++,,Java,,,,,,,,,,perl
,,C#,,,,,,Objective-C,,,,,
,,,,,,,,,,,,,
,,,,,jQuery,,,,PHP,Python,,SQL,
,,,,,,,,,,,,,
,,C#,,,,,,,,,,SQL,
,,,,JavaScript,,,,,PHP,,,SQL,
,,C#,,JavaScript,,,,,,,,,
,,,,JavaScript,jQuery,,Node.js,,,,,,
C,,,,,,,,,,Python,,,"MATLAB, Mathematica"
,,C#,,,,,,Objective-C,,,,SQL,
,C++,C#,,,,,,,,,,,
C,,,,JavaScript,jQuery,,Node.js,Objective-C,,,Ruby,,Haskell
,,,,,,,,,,,Ruby,,"Haskell, Scala"
,,,,,,,,,,,,,
,C++,,Java,,,,,,,,,,
,,C#,,,,,,,,,,,
,,,,,jQuery,,,,PHP,,,,
C,C++,,,,,,,,,Python,,SQL,
,,,,JavaScript,jQuery,,,,PHP,Python,,SQL,
,,,,JavaScript,jQuery,,,,PHP,,,SQL,
,,C#,Java,JavaScript,jQuery,,,,,,Ruby,SQL,
,,C#,,,,,,,,,,SQL,Abap
,,,Java,JavaScript,,,,,,,,SQL,
,,,,JavaScript,,,,,,Python,,,CoffeeScript
,,,,JavaScript,jQuery,,,,PHP,,,SQL,
,,,Java,,,,,,PHP,Python,,SQL,
,,,,,,,,,,Python,,,matlab
,,C#,,JavaScript,jQuery,,,,,,,SQL,
,,,,,,,,,,,,,
,C++,,Java,,,,,,,Python,,,
,,C#,,JavaScript,jQuery,,,,,,,SQL,VB
,,C#,,JavaScript,jQuery,,Node.js,Objective-C,,,Ruby,SQL,
,,,,,,,,,,,,,
,,C#,,JavaScript,jQuery,,,,,,,SQL,
,,,,,,,,,,Python,,SQL,R
,C++,C#,,,,,,,,,,,
,,C#,,,,,,,,,,,
,,C#,,JavaScript,,,,,,,,,
,,,,,,,,,,,,,REXX
,,C#,,,,,,,,Python,,SQL,
,,,,,,,,,,,,,R
,C++,,Java,JavaScript,jQuery,,,,,,,SQL,"CoffeeScript, Linux"
C,C++,,,,,,,Objective-C,,,,,
C,,,,,,,,,,,,,Lua
,,,,,,,,,,,,,
,,,,JavaScript,jQuery,,,Objective-C,,Python,,,
,,,Java,,,,,,PHP,Python,,,ABAP
,,C#,,JavaScript,jQuery,,,,,,,SQL,VB.NET
,,C#,,JavaScript,jQuery,,,,,,Ruby,SQL,
,,C#,,JavaScript,jQuery,,,,,,,SQL,
,,,,,jQuery,,,,PHP,,,SQL,
,,,,,,,,,,,,,
,,,Java,,jQuery,,Node.js,,,,,,
,,C#,,JavaScript,jQuery,,,,,,,SQL,
,,,,,,,,,,,,,
C,,,Java,,,,,,,Python,,,Perl
,,C#,Java,JavaScript,jQuery,,,,,,,,XSLT
,,,,,jQuery,,,,,,Ruby,SQL,
,,,Java,JavaScript,,,,,PHP,Python,,SQL,Racket
,,C#,,,,,,,,,,SQL,
,,,,,,,,,,,,,
C,C++,C#,,JavaScript,,,,,,Python,,,
,,C#,,JavaScript,jQuery,,,,,,,SQL,ColdFusion
,,,,JavaScript,jQuery,,,,PHP,,Ruby,SQL,
,,,Java,,,,,,,,Ruby,,Groovy
,C++,,Java,,,,,,,Python,,,haskell
,,C#,,JavaScript,jQuery,,,,PHP,,,SQL,
,,,Java,JavaScript,,,,,PHP,,,SQL,Clojure
,,,,,,,,,,Python,,SQL,
,,C#,,JavaScript,jQuery,,,,,Python,,SQL,oCaml
,,C#,,JavaScript,jQuery,,,,,,,,
,,C#,,JavaScript,,,Node.js,,,,,,
,,,,,,,,,,,,,
,,,,JavaScript,jQuery,,,,PHP,,,,
,,,,,,,,,,,,SQL,
,,,Java,JavaScript,jQuery,,,,,Python,Ruby,SQL,clojure
,,C#,,JavaScript,,,,Objective-C,,Python,,SQL,matlab
,,,,,,,,,,,,,
,,,,,,,,,,,,,
,,C#,Java,JavaScript,,,,,,,,,
,,,Java,JavaScript,jQuery,,,,,,,SQL,
,,,,JavaScript,jQuery,,,,,Python,,,Perl
,,,Java,,,,,,,,,,
C,C++,C#,,,,,,,,Python,,,WiX
,,,,,,,,,,,,,
,C++,C#,,JavaScript,jQuery,,,Objective-C,PHP,,,SQL,
,,,,,,,,,,,,,
,,,,,,,,,,,,,
,C++,,,,,,,,,,,SQL,Powershell
,,C#,,,,,,,,,,,
,,,,,,,,,,,,,
,,C#,Java,,,,,,,,,,
,,,,,,,,,,,,,
,,,,JavaScript,jQuery,,,,PHP,,,SQL,
,,,,,,,,,,,,,
,,,Java,,,,,,,,,,groovy
,,,Java,JavaScript,jQuery,,,,,,Ruby,SQL,Scala
,,C#,,,,,,,,,,,
,,,,,,,,,,,,,
,,C#,,JavaScript,jQuery,,,,,Python,,SQL,Cache Object Script
,,,,,,,,,,,,,
C,,C#,Java,JavaScript,,,,,,Python,,,Lua
,,,,,,,,,,Python,,,
,,,,JavaScript,jQuery,,Node.js,,PHP,,Ruby,SQL,
,,,,JavaScript,jQuery,,Node.js,,,,,,"HTML, CSS, CoffeeScript"
,,C#,,JavaScript,,,,,,,,SQL,
,,C#,,JavaScript,jQuery,,,,,Python,,SQL,
,,C#,,JavaScript,jQuery,,,,,,,SQL,
,C++,,,JavaScript,jQuery,,,,,Python,,,
,,,,,,,,,,,,,
C,C++,,Java,JavaScript,jQuery,,Node.js,,,,,SQL,Bash
,C++,,Java,,,,,,,Python,,,
,,,,JavaScript,jQuery,,,,,,,,
C,,,Java,JavaScript,,,,,PHP,,,SQL,
,C++,,Java,JavaScript,jQuery,,,,,Python,,,
,,,,,,,,,,,,,
,,,,,,,,,,,,,
C,C++,,Java,,jQuery,,,,,,Ruby,,"Ruby On Rails, AVR Assembly"
,,C#,,JavaScript,jQuery,,,,,,,SQL,
,,C#,Java,,,,,Objective-C,,,Ruby,,
,,C#,,JavaScript,jQuery,,,,PHP,,,SQL,
,,,,JavaScript,jQuery,,,,,,,,Perl
,,,,JavaScript,jQuery,,,,PHP,,,SQL,
,,,,JavaScript,,,,,,,,SQL,Perl
,C++,,,,,,,Objective-C,,,,,
,,C#,,JavaScript,,,,,,,,SQL,
,,C#,Java,JavaScript,jQuery,,,,,Python,,,"Go, Fantom, CSS, HTML"
,C++,C#,,,,,,,,,,,
,,,,,,,,,,,,,
,,,,,,,,,,Python,,,
C,,,,,,,,Objective-C,,,Ruby,,
C,C++,,Java,JavaScript,jQuery,,Node.js,,PHP,Python,,SQL,
,,C#,,JavaScript,jQuery,,,,,,,SQL,"god help me, vbscript"
,,,,JavaScript,jQuery,,,,PHP,,,,
,,,,JavaScript,jQuery,,,,,,,SQL,"VB, ASP.NET, jQueryMobile"
,,,,,,,,,,,,SQL,VBA
,,,,JavaScript,,,,,,Python,Ruby,SQL,
C,C++,,,JavaScript,jQuery,,Node.js,,,,Ruby,SQL,"Rails, Coffeescript, CUDA, OpenMP, Bash Scripting"
,,,,,,,,,,,,,
,,C#,,JavaScript,jQuery,,,,PHP,,,SQL,
C,,,,,,,,,,Python,,,
,,,,,,,,,,Python,,,
,,,,,,,,,,,,,
,,C#,,,jQuery,,,,,,,SQL,
,,,,JavaScript,jQuery,,,,,,Ruby,SQL,
,C++,C#,Java,JavaScript,jQuery,,,,PHP,,,SQL,
C,C++,,Java,JavaScript,,,,,,Python,Ruby,SQL,
,,C#,Java,JavaScript,jQuery,,,,,,,,
,,C#,,,,,,,,,,SQL,VBA
,,,,,,,,,,Python,,SQL,
,,C#,,JavaScript,jQuery,,,,,,,SQL,
,C++,C#,,,,,,,,,,,
,,C#,Java,JavaScript,jQuery,,,,PHP,Python,,SQL,
,,,,,,,,,,,,SQL,
,,,,,,,,,,,,SQL,
C,,,Java,,,,,,,Python,Ruby,,
,,C#,,JavaScript,jQuery,,,,,,,SQL,
,C++,,,,,,,,,Python,,,
,C++,,Java,,,,,,,,,SQL,
C,,,Java,JavaScript,jQuery,,,Objective-C,PHP,,,SQL,
,,,Java,JavaScript,jQuery,,Node.js,,,,Ruby,,
,,,Java,JavaScript,jQuery,,,Objective-C,PHP,Python,,,
,,C#,,,,,,,,,,,
,,,,,,,,,,,,SQL,VBA
,C++,,Java,JavaScript,,,,,PHP,,,SQL,
,,C#,Java,JavaScript,jQuery,,,,,Python,,,
,,C#,,JavaScript,jQuery,,,Objective-C,,,,SQL,
,,,,,,,,,,,,,
,C++,C#,,,,,,,,Python,,SQL,
,,,,,,,,,,,,,
,,C#,,,jQuery,,,,PHP,Python,,SQL,
,,C#,Java,,,,,,,,,SQL,
,,,,,,,,,,,,SQL,Informatica PowerCenter
,,,,JavaScript,jQuery,,,,PHP,,,,
,,,Java,JavaScript,,,,,PHP,,,,
,,C#,,JavaScript,jQuery,,,,,,,SQL,
,,,Java,JavaScript,jQuery,,,Objective-C,,,,,
C,C++,C#,Java,JavaScript,jQuery,,,,PHP,Python,,SQL,Perl
,,C#,,JavaScript,jQuery,,,,,,,SQL,
,C++,,Java,JavaScript,,,,,,,,SQL,
,,C#,,JavaScript,,,,,,,,SQL,SSIS
C,,C#,,,,,,,,,,,
,,,,,,,,,,,,,
,,,,,,,,,,Python,,,Haskell
,,,,,,,,,,,,,
,,C#,,,jQuery,,,,PHP,,,SQL,
,,,,JavaScript,jQuery,,,,,Python,,SQL,vb.net
,C++,,,,,,,Objective-C,,Python,,,
,,C#,,JavaScript,jQuery,,,,,,,SQL,
C,C++,,Java,JavaScript,jQuery,,,,PHP,,Ruby,SQL,
,,C#,Java,,,,,,,,,,
,,,,,,,,,,,,,
,,,,,,,,,,,,,
,,,,JavaScript,jQuery,,,Objective-C,PHP,Python,,SQL,
,,,,,,,,,,,,,
,,,,,,,,,,Python,,,R
,,,,,,,,Objective-C,,Python,,,Lua
,,C#,Java,,,,,,PHP,,,,
,,C#,,,,,,,,,,SQL,
C,,,,,,,,,,Python,,SQL,
,,,,JavaScript,jQuery,,,,,,,,css
,,C#,,JavaScript,jQuery,,,,,,,SQL,
,,,Java,JavaScript,jQuery,,Node.js,,PHP,,,SQL,"Ubuntu, BASH"
C,C++,C#,Java,JavaScript,,,,,PHP,Python,Ruby,SQL,C++/CLR
,,C#,Java,JavaScript,jQuery,,,,,,,SQL,
,,C#,,,,,,,,,,,
,,,,JavaScript,jQuery,,,,PHP,,,SQL,VB
,,,,JavaScript,jQuery,,,,,Python,,,
,,,,,,,,,,,,,
C,C++,,Java,JavaScript,jQuery,,,,PHP,,,SQL,
,,,,JavaScript,jQuery,,,,PHP,,,,
,,,,JavaScript,,,,,,Python,,,
,,,,,,,,,,,,,
,,,Java,JavaScript,,,,,,,,SQL,
,,C#,Java,JavaScript,,,,,,,,SQL,vb.net
C,,C#,Java,JavaScript,jQuery,,Node.js,Objective-C,PHP,,,SQL,
,,,Java,JavaScript,jQuery,,,,,,Ruby,SQL,
,,,,,,,,,,,,,
,,,Java,JavaScript,,,,Objective-C,,,Ruby,,
,,C#,,JavaScript,jQuery,,,,PHP,,,,
,,C#,,JavaScript,jQuery,,,,,,,SQL,
,C++,,Java,,,,,,PHP,,,,
,C++,C#,Java,,,,,,,,,,
,C++,,Java,,,,,,,Python,,SQL,
,,C#,,JavaScript,jQuery,,,,,,,SQL,
,,,,,jQuery,,,,PHP,,,SQL,
,C++,,,JavaScript,jQuery,,Node.js,Objective-C,PHP,,,SQL,
,,,Java,JavaScript,jQuery,,,,,,,SQL,
,,C#,Java,JavaScript,jQuery,,,,,,,SQL,
,C++,,,,,,,,,Python,,,
,,,Java,JavaScript,jQuery,,,,,Python,,SQL,Haskell
C,C++,,Java,JavaScript,,,,,,,,SQL,Clojure
,,C#,Java,JavaScript,jQuery,,,Objective-C,PHP,,,SQL,
,,,,,,,,Objective-C,,Python,Ruby,,
,,,Java,JavaScript,jQuery,,,,,Python,Ruby,,
,,C#,,,,,,,,,,SQL,
,,C#,,,,,,,,Python,Ruby,SQL,
,,,,,,,,,,,,,
,,C#,Java,,,,,,PHP,,,SQL,OpenEdge
,,C#,,,,,,,PHP,,,SQL,
,,C#,,JavaScript,jQuery,,,,,,,SQL,
C,C++,,Java,JavaScript,jQuery,,,,PHP,,,SQL,
,,C#,,JavaScript,jQuery,,,,,Python,,,"Backbone, Underscore, css"
,,,,JavaScript,,,,,PHP,,Ruby,,
,C++,,,JavaScript,jQuery,,,,PHP,,,SQL,Delphi
,,,,JavaScript,jQuery,,,,,Python,,SQL,
C,,,,JavaScript,,,,,,,,,
C,,,,JavaScript,,,,,,,,,bash
,C++,,,,,,,,,Python,,,
,,,Java,JavaScript,jQuery,,,,,,,,
,,,,JavaScript,jQuery,,Node.js,,PHP,Python,,,
,,C#,,JavaScript,jQuery,,,,PHP,,,SQL,
,,,Java,,,,,,,,,,
,,C#,,JavaScript,jQuery,,,,,,,SQL,
,,,Java,,,,,,,,,SQL,Groovy
C,,,Java,,jQuery,,,,PHP,Python,,SQL,
,,,Java,JavaScript,jQuery,,,,,,Ruby,SQL,
C,C++,,Java,,,,,Objective-C,,Python,,,
,,C#,,JavaScript,jQuery,,,,,,,SQL,RPG
C,C++,,Java,,,,,Objective-C,,,,,
,,,,JavaScript,jQuery,,,,PHP,,Ruby,,
,,,,JavaScript,jQuery,,,,,,Ruby,,
,,,Java,JavaScript,,,,,,,,SQL,
,,,,JavaScript,jQuery,,,,,Python,,,
,,,,,,,,,,,,,
,,,,,,,,,,,,,
,,C#,Java,JavaScript,jQuery,,,,,,,SQL,
,C++,,Java,,,,,,,Python,,,
,,,Java,,,,,,,,,,go
,,,,JavaScript,,,,,PHP,,,,
,,,,,,,,,,,,,
,,C#,,,,,,,,,,,ActionScript
C,C++,,,,,,,,,,,,
,,C#,,JavaScript,jQuery,,,Objective-C,PHP,,,SQL,
,,C#,,JavaScript,,,,Objective-C,PHP,,,SQL,
,,C#,Java,,,,,,,,,,VB.NET
,,C#,Java,JavaScript,jQuery,,Node.js,,,,,SQL,
,,,,,,,,,,,,,
,,,Java,JavaScript,jQuery,,,,PHP,,Ruby,SQL,"shell script, phing, capistrano, nginx"
,,C#,,JavaScript,jQuery,,,,PHP,,,SQL,
,C++,C#,,,jQuery,,,,,,,SQL,
,C++,C#,,,,,,,,,,,
,C++,C#,Java,,,,,,,Python,,,
,,,,JavaScript,jQuery,,,,PHP,,,SQL,MySQL
,,C#,,,,,,,,,,SQL,
,,,,,,,,,,,,SQL,
,,C#,Java,JavaScript,jQuery,,,,,,,SQL,
,,,Java,JavaScript,jQuery,,,,,,,SQL,
,,,,,,,,,,,,,
,,C#,,,jQuery,,,,,,,SQL,
,,,,,,,,,,,,,
,,C#,Java,JavaScript,jQuery,,Node.js,,,,,SQL,
,,C#,Java,JavaScript,jQuery,,,,PHP,,,SQL,
,C++,,,JavaScript,jQuery,,Node.js,,PHP,Python,,SQL,
,,,,JavaScript,jQuery,,,,,Python,,SQL,
,,C#,Java,JavaScript,jQuery,,,,PHP,Python,,SQL,Scala
,,C#,,,,,,,,,,SQL,
,,C#,,JavaScript,jQuery,,,,PHP,,,SQL,
,,,Java,,,,,,,Python,,,
,C++,,Java,,,,,,,,,,
,,,,JavaScript,jQuery,,,,PHP,,,SQL,"HTML, CSS"
C,,,Java,,,,,,,,,,
,,,,JavaScript,jQuery,,,,PHP,,,SQL,
,,,,JavaScript,jQuery,,Node.js,Objective-C,PHP,,Ruby,SQL,
,,,,JavaScript,jQuery,,,,PHP,,,SQL,ASP (Classic)
,,,,,jQuery,,,,PHP,,,SQL,R
,,C#,,JavaScript,,,,,,,,,
,,,,,,,,,,,,,
C,C++,,,,,,,,,,,,
,,C#,,JavaScript,jQuery,,,,,,,,
,,,Java,JavaScript,jQuery,,,,,,,SQL,Go
,,,,,,,,,,,,,
,,,Java,,,,,,,,,,
,C++,C#,,,,,,,,Python,,,
,,,,,,,,,PHP,Python,,,
,,,,,jQuery,,,,PHP,,,SQL,
,,C#,,JavaScript,jQuery,,,,,,,,
C,C++,,,,jQuery,,,,PHP,,,SQL,
,C++,,,JavaScript,,,Node.js,,PHP,Python,Ruby,,
,,,,JavaScript,jQuery,,,,,Python,,SQL,
,,C#,,,,,,,,,,SQL,"batch, powershell"
,,,,,,,,,,,,,
,C++,C#,Java,,,,,,,,,,
,,,,,,,,,,,,,
C,C++,,,,,,,,,Python,,,"Mathematica, Fortran"
,,,Java,JavaScript,jQuery,,Node.js,,PHP,,,SQL,
,,C#,,JavaScript,jQuery,,,,PHP,,,SQL,
,,C#,,JavaScript,jQuery,,,,PHP,Python,,SQL,elisp
,C++,,,JavaScript,jQuery,,,,PHP,,Ruby,SQL,
,,C#,,JavaScript,,,,,,,,SQL,
,,,,,,,,,,,,,
,C++,C#,Java,,jQuery,,,,,,,SQL,Grails
,,,,JavaScript,,,,,,Python,,,
C,,,Java,,,,,,,,,,
,,,Java,,,,,,,,,SQL,
,,,,,,,,,,,,,
C,C++,,Java,JavaScript,jQuery,,,Objective-C,PHP,,,SQL,
,,C#,Java,JavaScript,jQuery,,,,,,,SQL,
,,C#,,JavaScript,jQuery,,Node.js,,,Python,,SQL,
C,C++,,,,,,,,,,,,Perl
C,C++,,Java,,,,,Objective-C,,Python,,,
,,C#,,,,,,,,Python,,,
,C++,,Java,JavaScript,jQuery,,,,PHP,,,SQL,D
,,,Java,JavaScript,jQuery,,,,PHP,Python,,SQL,scala
,,,,,,,,,,,,,
,,,,,,,,,,,,,
,,,,JavaScript,jQuery,,,Objective-C,PHP,,,SQL,
,,C#,Java,,,,,,,,,,
,,,,,jQuery,,,Objective-C,,,,SQL,Coldfusion
,,,Java,JavaScript,jQuery,,,Objective-C,PHP,Python,,SQL,
,,C#,,JavaScript,jQuery,,,,,,Ruby,,LINQ
,,,,JavaScript,jQuery,,,,PHP,,Ruby,,
,,,Java,,,,,,,,,,
C,C++,,Java,,,,,,,Python,Ruby,SQL,
,,,Java,JavaScript,,,,,,,,,PowerShell
,,C#,,JavaScript,jQuery,,,Objective-C,,,,SQL,Visual Basic
,,,Java,,,,,,,,,,
,,,,,,,,,,Python,,,
,,C#,,JavaScript,,,Node.js,,,,Ruby,,
,,C#,,,,,,,,,,SQL,
,,,Java,,,,,,,,,,
,C++,,,,,,,,,,,,
,,,Java,JavaScript,,,,Objective-C,PHP,Python,,SQL,Lisp
,,,,JavaScript,jQuery,,,,,,,SQL,
,,,Java,JavaScript,,,,,,,,SQL,
,,,Java,JavaScript,jQuery,,Node.js,,,,,SQL,
,C++,,,,,,,,,Python,,,
,,,Java,JavaScript,,,,,,,,SQL,
,,,,JavaScript,jQuery,,,Objective-C,PHP,,,SQL,
C,,,,JavaScript,,,,Objective-C,,,Ruby,SQL,
,,C#,,JavaScript,jQuery,,,,,,,,
,,C#,,JavaScript,,,,,,,,,Oracle RPAS
C,,,Java,JavaScript,jQuery,,,,PHP,,,SQL,
,,C#,,JavaScript,jQuery,,,,,Python,Ruby,SQL,CoffeeScript
,,C#,,,,,,,,,,,
,,C#,,JavaScript,jQuery,,Node.js,,PHP,,,SQL,Dojo
,,C#,Java,,,,,,,,,,
,,,,,,,,,,,,,
,C++,C#,Java,JavaScript,jQuery,,,Objective-C,PHP,,,SQL,
,,C#,,,,,,,,,,,
,,C#,,JavaScript,jQuery,,,,,,,,
,,C#,Java,JavaScript,jQuery,,,Objective-C,,,,SQL,
,,,,,,,,,,,,,
,,C#,,JavaScript,jQuery,,,,,,,SQL,
,,,Java,,,,,,,,,SQL,
,,,Java,,,,,,,,,SQL,Cobol
,,,,,,,,,,,,,
,,,,JavaScript,jQuery,,,,,Python,Ruby,SQL,
C,C++,,Java,,,,,,,,,,
,,,Java,,,,,,,,,,
,,,Java,JavaScript,jQuery,,,,,Python,,,Scala
C,,C#,Java,,,,,,,Python,,SQL,
,,,,,,,,,,Python,,,
,,,,,,,,,,,,,
,,,,,jQuery,,,,PHP,,Ruby,,CoffeeScript
,,,Java,JavaScript,jQuery,,,,PHP,,,SQL,
,,C#,,,jQuery,,,,,Python,,SQL,
,C++,C#,,,,,,,,,,SQL,
,,C#,,JavaScript,jQuery,,Node.js,,,,,,
,,,,JavaScript,jQuery,,,,PHP,,,SQL,
,,C#,,,,,,,,,,SQL,
,,,,,,,,,,,,,
,,C#,,JavaScript,jQuery,,,,,,,,T-SQL
,,,,,,,,,,,,,
,,C#,,JavaScript,jQuery,,,,,,,,
,,,,JavaScript,jQuery,,,,PHP,,,,
,,C#,,,jQuery,,,,PHP,,,SQL,
,,C#,,JavaScript,jQuery,,,,,,,,
,,,Java,JavaScript,,,,,,,,,
,,,Java,,,,,,,,,,
,,C#,Java,,,,,,,,,SQL,"Ada, SQLite, Xml/XSLT/Xml Schema, SPARQL, LaTeX"
,,C#,Java,JavaScript,jQuery,,,,,,,SQL,COBOL
C,,,,JavaScript,,,,Objective-C,PHP,,,,
,,,,,,,,,,,,,
C,C++,,Java,,,,,,,,,,
,,,,JavaScript,jQuery,,,,PHP,,,SQL,phonegap
,C++,,,,,,,,,,,,
,,,,,,,,Objective-C,,Python,,,
,,,,,,,,,,,,,
,,,Java,,,,,,,,,SQL,
,C++,C#,,JavaScript,,,,,,,,,
,,,,,,,,,,,,,
,,,Java,,,,,,,,,,
,C++,,,,,,,,,,,,
,,,,,,,,Objective-C,PHP,,,SQL,
,,,,,,,,,,Python,,,Erlang
,,C#,,JavaScript,jQuery,,,,PHP,Python,,SQL,
,,,,JavaScript,,,,,PHP,,,,
,,,,,,,,Objective-C,,Python,,,Perl
,,,,,,,,,,,,,
,,C#,Java,,,,,,PHP,,,,
,,,Java,JavaScript,jQuery,,,,,,Ruby,SQL,
,,,Java,,,,,,,,,,
,,,,,,,,,,,,,
,,C#,,JavaScript,,,,,,,,SQL,
,,,Java,JavaScript,,,,,PHP,,,SQL,
C,C++,C#,,,,,,,,,,,"bash, csh"
,,,,,,,,,,Python,,,
,,,Java,JavaScript,jQuery,,,,PHP,,,,
,,,,,,,,,,,,,
,,,Java,JavaScript,,,,,,,,SQL,
C,C++,,,,,,,,,,,,matlab
,,C#,,,,,,,,,,,
C,C++,,Java,JavaScript,,,,,,Python,,,assembly:D
C,C++,C#,,,,,,,,,,SQL,
,,,Java,,jQuery,,,,,,,,
,,,Java,JavaScript,jQuery,,,Objective-C,PHP,Python,Ruby,SQL,perl html5 css
,,C#,,JavaScript,jQuery,,,,,,,SQL,VB
,,C#,Java,JavaScript,jQuery,,,,,,,SQL,HTML
C,C++,C#,Java,JavaScript,jQuery,,Node.js,,PHP,Python,,SQL,Why are technologies node & jQuery on a languages question?
,,,,,,,,,,,,,
,,,,,,,,,,,,,
C,,,,,,,,Objective-C,,,,,
,,C#,,,,,,,,Python,,,
,,,Java,JavaScript,jQuery,,Node.js,,PHP,,,,
,,,Java,JavaScript,jQuery,,,,PHP,,,SQL,coldfusion
,,,,,,,,,,,,,
,,,,JavaScript,jQuery,,,,,Python,,,
,,,Java,,,,,,,,,,
,,,Java,,,,,,,,,,
C,,,,JavaScript,,,,,PHP,,,SQL,
,,,,,,,,,,,,,
,,,,JavaScript,jQuery,,,,PHP,,,SQL,
,,,Java,JavaScript,jQuery,,,,PHP,,Ruby,SQL,
,,C#,Java,JavaScript,jQuery,,,,PHP,,,,
,,,Java,JavaScript,jQuery,,,,PHP,,,SQL,
,,C#,,,,,,,,,,,
,C++,C#,,,,,,,,,,,
,,C#,,JavaScript,jQuery,,Node.js,,PHP,,,SQL,"AWS, MongoDB"
C,C++,,,JavaScript,jQuery,,,Objective-C,,,Ruby,SQL,
,,C#,,JavaScript,,,,,,,,SQL,
,,,,JavaScript,jQuery,,,,PHP,,,SQL,
,C++,,Java,,,,,Objective-C,,,,SQL,
,,,,JavaScript,jQuery,,,,PHP,,,SQL,"HTML, CSS"
,,,,JavaScript,jQuery,,,,PHP,,,SQL,
,,,,,,,,,,,,,
,,,,JavaScript,jQuery,,,,,,Ruby,SQL,
,,,,,,,,Objective-C,,,,,
C,C++,,Java,JavaScript,jQuery,,,,,Python,,SQL,
,C++,C#,Java,JavaScript,,,,,PHP,,,,
,,,,,,,,,,,,,
,,,Java,JavaScript,,,,,,Python,,,
,,C#,,JavaScript,jQuery,,,,,,,SQL,
,,C#,,,,,,,,,,,WPF
,,C#,Java,JavaScript,jQuery,,,,,,,SQL,
,,C#,,JavaScript,jQuery,,,Objective-C,PHP,,,SQL,
,,,,JavaScript,,,,Objective-C,PHP,,,SQL,
,,,,,,,,,,,,SQL,"PL/SQL, Delphi"
,,,,JavaScript,jQuery,,,,PHP,,,SQL,
,,,Java,,,,,,,,,SQL,
,,,,JavaScript,jQuery,,,,PHP,Python,,SQL,
,,C#,,JavaScript,jQuery,,,,,,,,
,,,,,,,,,PHP,,,SQL,
,,,,JavaScript,jQuery,,,,,Python,,SQL,
,,,,JavaScript,jQuery,,,,,,,,
,,,Java,,,,,,,,,,
,,,,,,,,,,,,,
,,,Java,JavaScript,jQuery,,,,PHP,,,,
,,,,,,,,Objective-C,,,,,
,,,,JavaScript,jQuery,,,,PHP,,,,MySql
,,C#,Java,JavaScript,jQuery,,,,PHP,,,SQL,
,C++,C#,Java,JavaScript,jQuery,,,,,Python,,SQL,
C,,,Java,JavaScript,,,,,,,,,
,,,,JavaScript,,,,Objective-C,PHP,,,,
,C++,,Java,,,,,,,Python,,,
,C++,,,,,,,,,Python,,,vhdl
,C++,,,,,,,,,,,,
,,,,,,,,,,Python,,SQL,
,,,,,,,,,,,,,
,,C#,,JavaScript,jQuery,,,,,,,SQL,
,,C#,,JavaScript,jQuery,,,,,,,SQL,
,C++,C#,Java,JavaScript,jQuery,,,,,Python,,SQL,
,,C#,,JavaScript,jQuery,,,,,,,SQL,
C,C++,C#,,JavaScript,jQuery,,,,,,,,
,,,,,,,,,,,,,
,,C#,Java,JavaScript,jQuery,,,,,,,SQL,
,,,,,,,,,,,,,
,,C#,,JavaScript,jQuery,,,,,,,,knockout
,,,,JavaScript,jQuery,,,Objective-C,PHP,Python,,SQL,
,,,,JavaScript,jQuery,,,,PHP,,,,
,,C#,,JavaScript,,,,,PHP,,,SQL,
,,,,,,,,,,,,SQL,R
,,,Java,,,,,,,,,,ExtJS
,,,Java,JavaScript,jQuery,,,,,,,SQL,
,,C#,Java,JavaScript,jQuery,,,,,,,,
C,C++,,,,,,,,,Python,,,
,,C#,Java,JavaScript,jQuery,,Node.js,Objective-C,PHP,,,SQL,
,,,Java,JavaScript,jQuery,,,Objective-C,PHP,,,SQL,
,,,Java,JavaScript,jQuery,,,Objective-C,PHP,Python,,SQL,
,,,Java,,,,,,,,,,
,,,,,,,,Objective-C,,,,,
,,,Java,JavaScript,jQuery,,,,,Python,,,
,,C#,,,,,,,,,,,
,,,,,,,,,,Python,,,
,,,,,,,,,,,,,
,,,Java,JavaScript,jQuery,,,,PHP,,,SQL,
,C++,C#,,,,,,,,,,SQL,
,,,Java,JavaScript,jQuery,,,,PHP,,,SQL,
,,,Java,,,,,,,,,SQL,
C,,,Java,,,,,,,,,,
C,,C#,Java,JavaScript,,,,,,,,SQL,
C,,,,JavaScript,,,,,PHP,,,,
,,,,JavaScript,jQuery,,Node.js,,PHP,Python,,SQL,
C,,,,,,,,Objective-C,,,Ruby,SQL,
,,C#,Java,,,,,Objective-C,,,,,
,C++,,Java,JavaScript,,,,,,,Ruby,SQL,
,,C#,,,jQuery,,,,,Python,,SQL,
,,,,,,,,,,,,,
C,C++,,,,,,,,,Python,,,
,,,,,,,,,,,,,
,,,,JavaScript,jQuery,,,,PHP,,,SQL,
,,,,,,,,,,,Ruby,SQL,
,,C#,,JavaScript,jQuery,,,,PHP,,,SQL,
,C++,C#,,,jQuery,,,,,,,SQL,
,,,Java,,,,,,,,,,
,,,,,,,,,,Python,,,
,,,,JavaScript,jQuery,,,,PHP,,,SQL,
,,C#,,JavaScript,,,,,,,,SQL,VB.Net
,,,Java,,,,,,,,,,
,,,Java,JavaScript,jQuery,,Node.js,,PHP,Python,,SQL,
,,,,,,,,,,,,,
C,,,,JavaScript,jQuery,,Node.js,,PHP,Python,,SQL,
,,C#,,,jQuery,,,,,,,SQL,ASP.NET MVC
,,,Java,JavaScript,jQuery,,,,,,,,
,,,Java,JavaScript,jQuery,,,,,,,SQL,
,,C#,Java,,,,,,,,,,
,,C#,,JavaScript,jQuery,,,,,,,SQL,
,C++,,,,,,,,,,,,asp
,,,,,,,,,,,,,
,,,,,,,,,,,,,
,,,Java,JavaScript,jQuery,,,,PHP,,,SQL,
,,C#,Java,,,,,,,Python,,,NoSQL
,,,,JavaScript,jQuery,,,,PHP,,,SQL,
C,C++,C#,Java,JavaScript,jQuery,,Node.js,Objective-C,PHP,Python,Ruby,SQL,
C,,,,JavaScript,jQuery,,,,PHP,,,SQL,
,C++,,Java,,,,,,,,,SQL,
,,C#,,JavaScript,jQuery,,,,,Python,,,
,,,,,,,,,,,,,
,,C#,Java,,,,,,,,,,
C,C++,,,JavaScript,jQuery,,,,,Python,,SQL,R
,,,Java,JavaScript,jQuery,,,Objective-C,PHP,,,SQL,
,,,,JavaScript,jQuery,,,,PHP,,,SQL,
,,,,,,,,,,,,,
C,C++,C#,Java,JavaScript,jQuery,,,,PHP,Python,,SQL,"Assembly(specifically asm32 and ARM based asm), XML, UML"
,,,,,,,,,,,,,
,C++,C#,Java,,,,,Objective-C,,Python,,,
C,C++,,,,,,,,,,,,
,,C#,,,,,,,,,,SQL,VBA
,,,Java,,,,,,,,,SQL,
,C++,,,,,,,,,Python,,,
,,,,,,,,,,,,,
,,,Java,JavaScript,jQuery,,,,,,,SQL,
C,C++,C#,Java,,,,,,,Python,,,
,,,,JavaScript,,,,,PHP,,,SQL,
,,C#,,,,,,,,,,,
C,C++,,,JavaScript,,,Node.js,,,,,,
,,C#,Java,,,,,,,,,SQL,
,C++,C#,,JavaScript,,,,,PHP,,,SQL,Lua
,,,,JavaScript,jQuery,,,,PHP,,Ruby,SQL,
,,C#,,JavaScript,jQuery,,,,,,,SQL,
,C++,,,,,,,,,Python,,,
,C++,,Java,JavaScript,,,,,PHP,,,,
,,C#,,JavaScript,jQuery,,,,,,,SQL,
,,,Java,JavaScript,jQuery,,,,,Python,,SQL,
C,C++,,,,,,,,,,,,"Fortran, Perl"
,,,Java,,,,,Objective-C,PHP,,,,
,,,,JavaScript,jQuery,,,,PHP,Python,Ruby,SQL,
C,,,,JavaScript,jQuery,,,,,Python,,,
C,C++,,Java,JavaScript,jQuery,,Node.js,,PHP,,,SQL,
,,C#,,,,,,,,,,SQL,
C,C++,C#,,,,,,,,,,SQL,
C,C++,,Java,JavaScript,,,,Objective-C,PHP,,,SQL,
,,,,,,,,,,,,,
,,,,,,,,,,,,,
,,,,JavaScript,jQuery,,,,,,,,
C,C++,C#,,,,,,,,Python,,,
C,C++,,,,,,,,,,,,
,,,Java,JavaScript,jQuery,,,,,,,SQL,
,,,,,,,,,,,,,
,C++,,Java,,jQuery,,,,PHP,Python,,SQL,
,,,,,,,,,,,,,
,,,Java,JavaScript,jQuery,,,,,,,SQL,
,C++,C#,Java,,,,,,PHP,,,SQL,
,,,,,,,,,,Python,,,Erlang
,,,Java,,,,,,,,,SQL,
,C++,,,JavaScript,jQuery,,,,PHP,,,SQL,
C,C++,,,JavaScript,jQuery,,,Objective-C,PHP,,,,
,,C#,,JavaScript,jQuery,,,,,,,SQL,F#
,,C#,Java,JavaScript,jQuery,,,,,,,SQL,
C,,,Java,,,,,,,,,,
,,,Java,JavaScript,jQuery,,Node.js,Objective-C,PHP,,,SQL,
,,,Java,,,,,,,,Ruby,,
,,C#,,JavaScript,jQuery,,,,PHP,,,SQL,
,,,,,,,,,,,,,
,,,,JavaScript,jQuery,,Node.js,,PHP,,,SQL,
,,,Java,JavaScript,jQuery,,,,,,Ruby,SQL,
,,C#,,JavaScript,jQuery,,,,PHP,,,SQL,
,,,,JavaScript,jQuery,,,,PHP,,,SQL,"couchdb, solr, Redis, Memcache"
C,,,Java,,,,,Objective-C,,,,,Go
C,,C#,Java,,,,,Objective-C,,,,,
C,,,Java,JavaScript,,,,,,Python,,,
,,,,,,,,,,,,,
,C++,,,,,,,,,,,SQL,
,,,Java,JavaScript,jQuery,,Node.js,,PHP,,Ruby,,"Flex, AIR, ActionScript"
,,C#,,JavaScript,jQuery,,,,,,,SQL,
C,,,Java,,,,,,,,,,
,,,,,,,,Objective-C,,,,,
,,,Java,JavaScript,jQuery,,,Objective-C,,Python,,SQL,
,C++,C#,,JavaScript,jQuery,,,,,,,SQL,
,,C#,,JavaScript,jQuery,,,,PHP,,,SQL,
C,,,,,,,,Objective-C,,,,,
,,,,,,,,,,,,,
,,C#,,,jQuery,,,Objective-C,,,,SQL,
,C++,C#,Java,,,,,,,,,SQL,
,,,Java,JavaScript,jQuery,,,,,,,SQL,
,,,,,,,,,,,,,
,C++,,,JavaScript,,,,,,Python,,,perl
C,,,Java,,,,,,,,,,PARLANSE
,C++,C#,,JavaScript,jQuery,,,,,,,SQL,
,,,,,,,,,,,,,
C,C++,,,JavaScript,jQuery,,,,PHP,,,,MySQL
,,,,,,,,,,,,,
,,,,,,,,,,,,,
,,,,,,,,,PHP,,,,
C,C++,,Java,JavaScript,jQuery,,,,PHP,,,SQL,Asterisk
,,C#,,JavaScript,jQuery,,,,,,,,
,C++,,Java,,jQuery,,,,PHP,,,,
,,,,,,,,,,Python,,SQL,matlab
,,C#,,,jQuery,,,,,,,,
C,,,Java,,,,,,,,,,
,,,,JavaScript,jQuery,,Node.js,,PHP,Python,,,"HTML, CSS, AS3"
,,C#,,JavaScript,jQuery,,,,,,,SQL,
,,,,,,,,,,,,,
,C++,,,,,,,,,,,,D
,,,,,,,,,,,,,
,,C#,,JavaScript,,,,,,Python,,SQL,
,,,Java,JavaScript,jQuery,,,,PHP,,,,
,,,Java,JavaScript,jQuery,,,,,,,SQL,
,,,,,,,,,,,,,
,,,Java,JavaScript,jQuery,,Node.js,,,,,SQL,Scala
C,,,,JavaScript,,,,,,Python,,,
C,C++,,,,,,,,,Python,,SQL,
,,,,JavaScript,,,,,,,Ruby,SQL,
C,,,Java,,,,,,,,,,
,,,,,,,,,,,,,
,,,,JavaScript,jQuery,,,,PHP,Python,,SQL,
C,C++,,Java,JavaScript,,,,,,Python,,SQL,
,C++,,Java,JavaScript,jQuery,,,,,,,,
,,,Java,JavaScript,,,,,,,,SQL,
,,,Java,,,,,,PHP,,,SQL,
,,,,JavaScript,jQuery,,,,PHP,,,SQL,
C,C++,,,JavaScript,,,,,,Python,,,
,,C#,Java,JavaScript,jQuery,,,,,,,SQL,
,,,,,jQuery,,,,PHP,,,,
,,C#,Java,JavaScript,jQuery,,,,,,,,
,,,,JavaScript,jQuery,,,,PHP,,Ruby,SQL,
C,,,Java,,,,,Objective-C,,,,,
,,C#,Java,JavaScript,jQuery,,,,,Python,,SQL,
,,C#,,,,,,,,,,SQL,Delphi
,,C#,,,,,,,,,,SQL,
,,,,,,,,,,,,,
,,,Java,JavaScript,jQuery,,Node.js,,PHP,Python,,SQL,
,,C#,,JavaScript,jQuery,,,,,,,SQL,C/AL
,,,,,,,,,,,,,
C,C++,C#,Java,,,,,,,Python,,SQL,
,,,Java,JavaScript,jQuery,,,,,,,SQL,
C,,,,,,,,,,,,,"perl, octave"
,,,Java,JavaScript,jQuery,,,,PHP,,,SQL,
,,,Java,JavaScript,jQuery,,,,,Python,,SQL,
,C++,,Java,,,,,,,,,SQL,
,,,,JavaScript,jQuery,,,,,,Ruby,,
,,,Java,JavaScript,jQuery,,,,,,,SQL,Spring framework
,,,Java,,,,,,,,,,
,,,,,,,,,,,,SQL,"R, SAS"
,,,,,,,,,,,,,
,,,,JavaScript,jQuery,,,,,,,,"XSLT,Freemarker,ActionScript,MXML,Shell,Apache"
,,,Java,JavaScript,jQuery,,Node.js,,,,,,
,,,,JavaScript,jQuery,,,,,,,,
C,,,,,,,,Objective-C,,,Ruby,,
,,,Java,JavaScript,jQuery,,,,,,,SQL,
,,,,JavaScript,jQuery,,,,,,,,less
,,C#,,JavaScript,jQuery,,,,,,,,Salesforce Apex
,,,,,,,,,,Python,,,R
,C++,,Java,JavaScript,,,,Objective-C,,Python,Ruby,,
,C++,,Java,,,,,,,,,,
,,C#,,JavaScript,jQuery,,,,,,,SQL,
,,,,JavaScript,jQuery,,,,PHP,,,SQL,
,,C#,,JavaScript,jQuery,,,,,,,SQL,
,,C#,,JavaScript,jQuery,,,,PHP,,,SQL,
,,,,,,,,,,,,,
,,,,,,,,,,Python,,,
,,,,JavaScript,,,Node.js,,,,,,
,,C#,,JavaScript,jQuery,,,,,,,SQL,vb.net
,,,,JavaScript,jQuery,,,Objective-C,PHP,,,,
,,,,,jQuery,,,,PHP,,,,MySQL
,,C#,,JavaScript,jQuery,,,,,,,SQL,
,,,Java,JavaScript,jQuery,,Node.js,,,,Ruby,,
,,C#,,JavaScript,jQuery,,,Objective-C,,,,SQL,
,,,Java,,jQuery,,,,PHP,,,,
,,,,,,,,,,,,,
,,,,,,,,,,,,,
,C++,C#,,,,,,,,Python,,,
,,C#,Java,JavaScript,jQuery,,,,PHP,,,SQL,
C,,,,JavaScript,,,,,,Python,,SQL,Clojure
,C++,,,,,,,,,Python,,,
,,,,,,,,,,,,,
C,C++,,,JavaScript,,,,,,,,,
,,C#,Java,JavaScript,jQuery,,,,,,,SQL,
,,C#,Java,JavaScript,jQuery,,,,,,,,
,,,,JavaScript,jQuery,,,,PHP,,,,
,C++,,Java,,,,,,,,,SQL,
,,,,,,,,,,,,,
,,,,,,,,,,,,,
,C++,,Java,JavaScript,jQuery,,,,PHP,,,SQL,
,,C#,,JavaScript,jQuery,,,,,,,,
,,,,,,,,,,,,,
,,,,JavaScript,,,,,,,,,
,,,Java,JavaScript,jQuery,,,,,,,SQL,
,,,Java,JavaScript,jQuery,,,,PHP,,,SQL,
,,C#,,JavaScript,jQuery,,,,,,,SQL,
,,C#,,,,,,,,,,SQL,
,,C#,,JavaScript,jQuery,,,,,,,SQL,D
,,,,,,,,,,,,,
,,,,,,,,,,,,,
,,,,,jQuery,,,Objective-C,PHP,,Ruby,SQL,
,,,,,,,,,,,,,
,,,,JavaScript,jQuery,,,,PHP,,,SQL,
,,,Java,,,,,,,Python,,SQL,
,,,,JavaScript,jQuery,,,,,Python,,SQL,CLojure
,C++,,Java,JavaScript,,,Node.js,,,,,SQL,
,C++,,,,,,,,,,,,
,,C#,,JavaScript,,,,,,,,SQL,
,,,Java,,,,,Objective-C,,,,,
,,,,JavaScript,jQuery,,,,PHP,,,SQL,shell
,,,,JavaScript,jQuery,,,,PHP,,Ruby,,ColdFusion
,,C#,,,,,,,,,,,
,,C#,,JavaScript,jQuery,,,,,,,SQL,
,,C#,,JavaScript,jQuery,,,,,,,SQL,
,,,,JavaScript,,,Node.js,,PHP,,,SQL,
,,,,,jQuery,,,,PHP,Python,,,Not eXactly C
C,C++,C#,,,,,,,,Python,,,
,,C#,Java,,,,,,,Python,,SQL,
,,C#,,,,,,,,,,,
,,C#,Java,JavaScript,jQuery,,,Objective-C,,,Ruby,,
,,,Java,,,,,,,,,SQL,
,,,Java,JavaScript,jQuery,,,,PHP,,,SQL,
,,,Java,JavaScript,jQuery,,,,PHP,Python,,,bash
,,,,,,,,,,,,,
,,,Java,JavaScript,jQuery,,,,,,,SQL,
,,C#,,,jQuery,,,,,,,SQL,
,,,Java,JavaScript,jQuery,,,,,,,SQL,XSLT
,,,,JavaScript,jQuery,,,,PHP,,,,
,,,,,,,,,,,,,
,,C#,Java,JavaScript,jQuery,,,,PHP,,,SQL,
C,C++,,Java,,,,,,,,,SQL,
,,,Java,,,,,Objective-C,,,,,
,,,,,,,,,,,,,
,,C#,Java,JavaScript,,,,,PHP,,,SQL,
,,C#,,JavaScript,jQuery,,,,,Python,,SQL,
,,,Java,JavaScript,jQuery,,,,PHP,Python,,,erlang
,,,Java,JavaScript,jQuery,,,,PHP,,Ruby,SQL,
,,C#,,JavaScript,jQuery,,,,,,,SQL,
,,,,JavaScript,,,,,,,,SQL,ASP Classic/VBScript
,,,,JavaScript,jQuery,,,,PHP,,Ruby,,
,,,Java,JavaScript,jQuery,,Node.js,,PHP,Python,,SQL,shell
,,C#,,JavaScript,jQuery,,,Objective-C,,,,SQL,knockoutjs
,,C#,,JavaScript,jQuery,,,,,,,SQL,BizTalk
,,C#,,JavaScript,,,,,,,,SQL,
,,C#,,JavaScript,,,,,PHP,,Ruby,,
,,,,,,,,,,,,,
C,C++,,Java,JavaScript,jQuery,,,Objective-C,,Python,Ruby,,
,C++,C#,,,,,,,,,,,
,,,,,,,,,,,,,
,C++,,,,,,,,,,,,R
,C++,,Java,,,,,,,,,,
C,C++,C#,Java,,,,,,,,,SQL,
,,,,,jQuery,,,Objective-C,,,Ruby,,
,,C#,Java,JavaScript,jQuery,,Node.js,,,Python,,,
C,,C#,,,,,,,,,,,
C,,,Java,JavaScript,,,,,,,,SQL,
,,,,JavaScript,jQuery,,,,,,,SQL,
,,C#,,,,,,,,,,SQL,
,,C#,,JavaScript,jQuery,,,,,,,SQL,
,,,,,,,,,,,Ruby,SQL,Delphi
,,,,JavaScript,jQuery,,,,PHP,,,SQL,
,,C#,Java,,,,,,,Python,,,
,,,,,,,,,,,,,
C,,,,,,,,,,Python,,,
C,,,,JavaScript,,,,,PHP,,,SQL,
,,,,JavaScript,jQuery,,,,,Python,,SQL,
,,,Java,,,,,,,,,,
,,,,,,,,,,,,,
,,,,JavaScript,jQuery,,,,PHP,,,,
,,C#,,,jQuery,,,,,,,,
,,,Java,JavaScript,,,,,PHP,,,SQL,
,,C#,,,,,,,,,,,
,,C#,Java,,,,,,,,,,
,,C#,Java,,,,,Objective-C,,,,SQL,PowerBuilder
,,,,,,,,,,,,,
,,,,,,,,,,,,,
C,,,Java,JavaScript,jQuery,,,,,,,SQL,Perl
C,,,Java,,,,,,,,,,
,,,Java,JavaScript,,,,,PHP,,,SQL,
,C++,,Java,,,,,,,,,,
C,C++,,Java,JavaScript,jQuery,,,Objective-C,PHP,,,SQL,
,,,,JavaScript,jQuery,,,,,Python,,,Django
,,C#,,JavaScript,jQuery,,,,,,,SQL,
,,,Java,,,,,,,,,SQL,proprietary
,C++,,Java,,,,,,PHP,Python,,,
,,,Java,JavaScript,jQuery,,,,PHP,,,SQL,
,,,,,,,,,,,,,
,,C#,,JavaScript,jQuery,,,,,,,SQL,"ASP.NET, HTML"
,,C#,Java,JavaScript,,,,,,Python,,,
,,,Java,JavaScript,jQuery,,,,,,Ruby,SQL,
,,C#,,JavaScript,jQuery,,,,,,,,
,,,,JavaScript,jQuery,,Node.js,,PHP,,,,
,C++,,Java,JavaScript,jQuery,,,,PHP,Python,Ruby,SQL,
,,,,,,,,,,,,,
,,,,,,,,,,,,,
,,,,,,,,,,,,,
C,C++,,Java,,,,,,,,,,
,,,,,,,,,,,,,
,,C#,Java,JavaScript,,,Node.js,,PHP,,,,
,,C#,,JavaScript,jQuery,,,,,,,SQL,
,,,,,,,,,,,,,
,,,Java,JavaScript,jQuery,,,,,,,SQL,Perl
,,,,,,,,,PHP,,,SQL,Force.com
,,C#,Java,JavaScript,jQuery,,,,,Python,,SQL,
,,C#,,JavaScript,jQuery,,,,,,,SQL,VB6 .... yeah I know.
,,,,JavaScript,jQuery,,,,PHP,,,SQL,
,,C#,,JavaScript,jQuery,,,,,,,SQL,
,,C#,,JavaScript,jQuery,,,,,,,SQL,
,,,,,,,,,,,,,
,,,,JavaScript,jQuery,,,,PHP,Python,Ruby,SQL,
C,,,,JavaScript,jQuery,,,,PHP,Python,,SQL,
,,,Java,JavaScript,,,,,,,,SQL,Dojo
,,C#,Java,JavaScript,jQuery,,,,,,,SQL,MongoDB
,,,,JavaScript,jQuery,,,,,Python,,,
,,,,,,,,,,,,,HTML
,,,Java,JavaScript,jQuery,,,Objective-C,PHP,,Ruby,SQL,
,C++,C#,,,,,,,,,,,
,,,,,,,,,,,,,
,,,Java,JavaScript,jQuery,,,,,,,SQL,
,,,,,,,,Objective-C,,,,,
,C++,,,,,,,Objective-C,,,,,Go
,,,Java,JavaScript,jQuery,,,,,,,SQL,
,,,,,jQuery,,,,,,Ruby,,
,,,Java,,jQuery,,,,PHP,,,,
,,C#,,,jQuery,,,,,Python,,SQL,
,,C#,Java,JavaScript,jQuery,,Node.js,,,,,SQL,
,,C#,,JavaScript,jQuery,,,,,,,SQL,
,,,,,,,,,,,,SQL,
C,C++,C#,Java,,,,,Objective-C,,Python,,,
,,,Java,JavaScript,jQuery,,,,,,,SQL,"VB6, VB.NET"
,C++,C#,,JavaScript,,,Node.js,Objective-C,,Python,Ruby,SQL,
,,,Java,,,,,,,,,SQL,
,,,,,,,,,,,,,
C,,,,JavaScript,,,,,,Python,,,Lua
,,,Java,JavaScript,,,,,PHP,Python,,SQL,
,,,,JavaScript,jQuery,,,,PHP,,,SQL,
,,,,JavaScript,jQuery,,Node.js,,PHP,,,,NoSQL (MongoDB)
C,,,Java,JavaScript,,,,,,,,,
,,,Java,JavaScript,,,,,,,,SQL,
,C++,C#,Java,JavaScript,jQuery,,,,,,,SQL,
,,,Java,JavaScript,jQuery,,,,,,,,
,,C#,,JavaScript,jQuery,,,,,,,SQL,
,,,,JavaScript,jQuery,,,,PHP,,Ruby,SQL,
,,C#,,,,,,,,,,,Perl
,,C#,,JavaScript,jQuery,,,,,,,SQL,
,,,,JavaScript,jQuery,,,,PHP,,,SQL,
,,C#,,,,,,,,,,SQL,msbuild
,,C#,,JavaScript,jQuery,,,,,,,SQL,
,,C#,,JavaScript,jQuery,,,,,,,SQL,
,,,,,,,,,,,,,
,C++,,Java,JavaScript,,,Node.js,Objective-C,PHP,,,,
,,C#,,,jQuery,,,,PHP,,,SQL,
,,,,,,,,,,Python,,SQL,PL/SQL
C,C++,,Java,JavaScript,jQuery,,,,,,,,
,,C#,,JavaScript,jQuery,,,,,,,SQL,
,,C#,,,jQuery,,,,,Python,Ruby,,
,,,,,,,,,,,,,
,,,,JavaScript,jQuery,,,,,,Ruby,SQL,
,C++,C#,,JavaScript,jQuery,,,,PHP,Python,,SQL,
,,,,,,,,Objective-C,,Python,Ruby,,
,,,,,,,,,,,,,
,,,,JavaScript,jQuery,,,,PHP,,Ruby,SQL,
,,,,,,,,,,,,,vb.net
,,,,,,,,,,,,,
,,,,JavaScript,jQuery,,,,PHP,,,SQL,
,,,,,,,,,,,,,
,,,,,,,,,,,,,
,,,,,,,,,,,,,
,,,,JavaScript,,,,,,Python,,,
,,C#,Java,JavaScript,jQuery,,,,PHP,,,SQL,Powershell
,,,,JavaScript,jQuery,,,,,,,,
,,,,,,,,,,,,,
,,C#,Java,,,,,,,,,,
,C++,,Java,,,,,,,Python,,,
C,,,,,,,,Objective-C,,,,,
C,C++,,,JavaScript,,,,,,,,,Shell
,C++,,,JavaScript,jQuery,,Node.js,,PHP,,,SQL,
,,,,,,,,,,,,,
,,,,,,,,,,,,,
,,,,,jQuery,,,,PHP,,,,R
,,C#,,JavaScript,jQuery,,,Objective-C,,,,,
,,,,,,,,,,,,,
,,,,,,,,,,,,,
C,C++,,Java,JavaScript,jQuery,,,Objective-C,,,,SQL,
,,,,,,,,,,,,,
,,,,,,,,Objective-C,,,,,
,,,,JavaScript,jQuery,,,,PHP,,,SQL,OpenLaszlo
,,,,JavaScript,,,,,,,,SQL,Perl
,,C#,,JavaScript,jQuery,,,,,,,SQL,
C,C++,,,JavaScript,,,,,PHP,,,,
,,,,JavaScript,jQuery,,,,PHP,,,SQL,
,,,,,,,,,,,,,
,,,Java,JavaScript,jQuery,,,Objective-C,,Python,Ruby,SQL,
,C++,C#,,,,,,,,,,,
,,C#,,,,,,,,,,SQL,VB.Net
,,C#,Java,JavaScript,jQuery,,,,,,,SQL,
,,C#,,,,,,,,,,,VB6
,,C#,,,,,,,,,,SQL,
,C++,,Java,JavaScript,jQuery,,,,,,,SQL,hibernate
,,C#,Java,,,,,,,,,SQL,
,,,,,,,,,,Python,,,
,C++,,,JavaScript,jQuery,,Node.js,,PHP,,Ruby,SQL,
,,,,,,,,,,,,,
,,C#,,JavaScript,jQuery,,,,PHP,,Ruby,SQL,
,,C#,,,,,,,,,,SQL,
,,,,,,,,,,,,,
,,,Java,JavaScript,jQuery,,Node.js,,,,,,
,,,,JavaScript,jQuery,,,,,Python,,SQL,
,,C#,,JavaScript,jQuery,,,,,,,SQL,
,,C#,,JavaScript,jQuery,,,,,,,SQL,Asp.Net WPF
,C++,C#,,JavaScript,,,,,,,,,
,,,,JavaScript,jQuery,,,,PHP,,,SQL,
C,,,,,,,,,,,,,
,,,,JavaScript,jQuery,,,,,,,SQL,"Scala, Haskell"
,,C#,,JavaScript,jQuery,,,Objective-C,,,,SQL,
,,,,,,,,,,,,,
,,,,JavaScript,jQuery,,,,PHP,,,SQL,
,,C#,,JavaScript,jQuery,,,,,,,SQL,
,,,,,,,,,,,,,
C,C++,C#,Java,JavaScript,jQuery,,Node.js,Objective-C,PHP,Python,Ruby,SQL,"Haskell, OCaml"
,,,,,,,,,,,,,
,,,Java,JavaScript,jQuery,,,Objective-C,PHP,,,SQL,
,,C#,,JavaScript,jQuery,,,,,,,SQL,
,,,,,,,,,,,,,
,,C#,Java,JavaScript,jQuery,,,Objective-C,PHP,,,SQL,
,,,,JavaScript,jQuery,,,,PHP,Python,,SQL,
,,,Java,JavaScript,jQuery,,,,,,,,
,C++,C#,,,,,,,,,,,
,,,Java,JavaScript,jQuery,,,,PHP,,,SQL,
,,,,JavaScript,jQuery,,,,,,,SQL,VB.NET
,C++,C#,Java,,,,,,,Python,,,
,,,,,,,,,,,,,
C,C++,,Java,,,,,,,,,,
C,,C#,,,,,,,,Python,,SQL,
,,,Java,,,,,Objective-C,,,,SQL,
,,,Java,,,,,,,,,,
,,C#,,JavaScript,jQuery,,,,,,,SQL,
C,C++,C#,Java,JavaScript,jQuery,,,,PHP,,,SQL,
C,C++,,,JavaScript,,,,,,,,,
,,C#,Java,JavaScript,jQuery,,,,,,,SQL,
C,C++,,,,,,,,,Python,,,assembly
,,,Java,JavaScript,jQuery,,,,,,,SQL,grails
,,C#,Java,JavaScript,jQuery,,,,,,,SQL,
,,,,,,,,,,,,SQL,Ab Initio
,,C#,,,jQuery,,,,,,,,
C,,C#,Java,JavaScript,jQuery,,,Objective-C,PHP,,,,
,,,Java,JavaScript,,,,,PHP,,,SQL,
C,C++,C#,,JavaScript,jQuery,,,,,,,,
,,,Java,,,,,,,,,,
,,C#,Java,JavaScript,jQuery,,Node.js,,PHP,Python,,SQL,
,C++,,,JavaScript,,,,,,Python,,,
,,C#,,JavaScript,jQuery,,,,PHP,,,SQL,
,,,Java,,,,,,,Python,,,dart
,,,,,,,,,,,,SQL,
,,,,,,,,,,,,,
,,,,,,,,,,,,,
,,C#,Java,JavaScript,jQuery,,,,,Python,,,
,,,Java,,,,,,,,,,
,,C#,,JavaScript,jQuery,,,,PHP,,,SQL,
,,,Java,,,,,,,,,SQL,
,,C#,,,,,,,,,,SQL,
,,,Java,,,,,,,,,SQL,
,C++,C#,,JavaScript,jQuery,,Node.js,,,Python,,SQL,
,,C#,Java,JavaScript,jQuery,,,,,,,,
,C++,,,JavaScript,jQuery,,,,PHP,,,SQL,
,,,,,,,,,,,,,
,,,,,,,,,,,,,
,,,,,,,,,,,,,
,,C#,Java,JavaScript,jQuery,,,,,,,SQL,
,,,,,,,,,,,,,
,,C#,Java,JavaScript,jQuery,,Node.js,,PHP,Python,Ruby,SQL,powershell
,,,Java,,jQuery,,,,,Python,,SQL,
,,,Java,JavaScript,jQuery,,,,PHP,Python,,SQL,
,C++,,,JavaScript,jQuery,,,,,Python,,,Haskell
,,,,,,,,,,,,,
,,,,JavaScript,,,,,PHP,,,SQL,
C,C++,C#,,JavaScript,jQuery,,,,PHP,Python,,SQL,
,,,Java,,,,,,,,,,
,,,,JavaScript,jQuery,,,Objective-C,PHP,,,SQL,
,,,,,,,,,,,,,
,,,Java,,,,,,PHP,,,,
C,,,Java,,,,,,,Python,,SQL,Redis
,,,,JavaScript,jQuery,,,,PHP,,,SQL,
,,,,,,,,,,,,,
C,C++,,,JavaScript,jQuery,,,,PHP,Python,,SQL,
,,,,JavaScript,jQuery,,,,PHP,,,SQL,
,,,Java,JavaScript,jQuery,,Node.js,,,,Ruby,,
,,C#,Java,JavaScript,jQuery,,,,,,,SQL,COBOL
C,,,Java,,,,,,,,,SQL,
,,C#,,,jQuery,,,,,,,,
,,,Java,JavaScript,jQuery,,,,,,,,
,,,Java,,jQuery,,,,,Python,Ruby,SQL,
,C++,C#,,JavaScript,jQuery,,,,,,,SQL,
,,C#,,JavaScript,jQuery,,,,,,,SQL,
,,C#,,JavaScript,jQuery,,Node.js,,,,,,
,,C#,,,,,,,,,,SQL,
,C++,C#,Java,,,,,Objective-C,,Python,,SQL,
,,C#,,,,,,,PHP,Python,,,Qt
,C++,,Java,JavaScript,jQuery,,,,PHP,,,SQL,
,,,Java,JavaScript,jQuery,,,,,,,SQL,
,,,,,,,,,,,,,
,,C#,,JavaScript,jQuery,,,,,,,,
,,C#,Java,JavaScript,jQuery,,,,,,,,
C,C++,C#,,JavaScript,,,,Objective-C,,,,,
,,C#,,JavaScript,jQuery,,,,,,,,
,,,,JavaScript,jQuery,,,,,,,SQL,Perl
,,,Java,JavaScript,,,,,,,,SQL,r
,,,Java,,,,,,,,,SQL,Groovy
C,C++,,Java,JavaScript,jQuery,,,,PHP,,,SQL,
,,C#,,JavaScript,jQuery,,,,,,,SQL,
,,,Java,,,,,Objective-C,,Python,,SQL,
,,,,,,,,,,,,,
,,,,,,,,,,,,,
,,C#,,,,,,,,Python,,,
,,,,,,,,,,,,,
C,,C#,Java,JavaScript,jQuery,,,,PHP,,,SQL,
,,C#,Java,,,,,,,,,SQL,
,,,,,,,,,,,,SQL,"R, Perl"
,,,Java,JavaScript,jQuery,,,,,,,,
,,C#,Java,JavaScript,jQuery,JQuery,,,,,,SQL,
,,,Java,JavaScript,,,,,,Python,,,"Groovy, Clojure"
C,C++,,,JavaScript,jQuery,JQuery,,Objective-C,PHP,Python,Ruby,SQL,
,,,,,,,,,,,,,
,,C#,Java,JavaScript,jQuery,JQuery,,,,,,SQL,
,C++,,,JavaScript,jQuery,,,,PHP,Python,,SQL,
,,,,JavaScript,jQuery,,,,PHP,,,SQL,
,,,Java,JavaScript,,,,,,,,SQL,"Flex, WebServices"
,,C#,,JavaScript,jQuery,JQuery,,,,,,SQL,
,,,Java,JavaScript,jQuery,,,Objective-C,PHP,,,,
,,,,JavaScript,jQuery,,,,PHP,,,SQL,
,,C#,,JavaScript,jQuery,JQuery,,,,,,SQL,
,,,,,,,Node.js,,,Python,,,
,,,,JavaScript,jQuery,,,,PHP,,,SQL,bash/sh shell scripting
,,C#,,JavaScript,,,,,PHP,,,SQL,perl
,,,,,,,,,,,,,
,,,,,,,,,,,,,R
,,,,,jQuery,JQuery,,,PHP,,,,
,,,,,,,,,,Python,Ruby,SQL,
,,C#,,JavaScript,jQuery,,,,,,,SQL,
,,,,JavaScript,jQuery,,,,,,,SQL,VB.NET
,,,,,jQuery,,,,PHP,,,SQL,
,,,,,,,,,,,,SQL,VB.NET
,,,,,,,,,,,,,
,,,,JavaScript,jQuery,JQuery,,,PHP,,,SQL,
C,,C#,,,,JQuery,,,,,,SQL,
,,C#,,JavaScript,jQuery,,,,,,,SQL,
,,C#,,,jQuery,,,,,,,,
,,,Java,JavaScript,,,Node.js,,,,,,
,,,Java,JavaScript,jQuery,,,,,,,,
,,,,,,,,,,,,,
,,,,,,,,,,,,,
,,,,,,,,,,Python,,,Matlab
,C++,,,,,,,,,Python,,,
,C++,,,JavaScript,,,,,,Python,,,
,,,,JavaScript,,,,,,,Ruby,,
,,C#,,,,,,,,,,SQL,
,,C#,,JavaScript,jQuery,,,,PHP,,,SQL,
,,C#,,JavaScript,jQuery,,Node.js,,,,,,
,,,,,,,,Objective-C,PHP,,,SQL,
,C++,C#,,JavaScript,jQuery,,,,,,,,
C,C++,,Java,,,,,,,,,,
,,,Java,,,,,,,,,SQL,
,,,Java,JavaScript,jQuery,,,,PHP,Python,,SQL,
,,C#,,JavaScript,jQuery,JQuery,,,,,,SQL,
,,,,,,,,,,,Ruby,SQL,ABAP
,,,,,,,,,PHP,,,,Shell
,,,,JavaScript,jQuery,,,,,Python,,,
,,,,,,,,,,,,,
,,C#,,JavaScript,jQuery,JQuery,,,PHP,,,SQL,ASP.NET
,,,,,,,,,,,,,
,,,,,,,,,,,,,Progress
,,,,,,,,,,,,,
,,,,JavaScript,jQuery,,,,PHP,,,SQL,
,,C#,,,,,,,,,,SQL,"XAML, XML"
C,,,Java,JavaScript,jQuery,,Node.js,,PHP,Python,Ruby,SQL,R
C,,,Java,JavaScript,,,,,,Python,,,OCaml
,,,Java,JavaScript,jQuery,,,Objective-C,,,,,
,C++,,,,,,,Objective-C,,,,,
C,C++,,Java,,,,,,,,,,lisp
,,C#,Java,JavaScript,jQuery,,Node.js,,,,Ruby,,
,,,Java,JavaScript,jQuery,,,,,,,,
,,C#,,JavaScript,jQuery,,,,,,,SQL,
,,,Java,,,,,,,,,SQL,
,,C#,,JavaScript,jQuery,,,,,,,SQL,
,,,Java,JavaScript,jQuery,,,,PHP,,,SQL,
C,,,Java,JavaScript,jQuery,JQuery,,,PHP,Python,,SQL,
,,,Java,JavaScript,jQuery,,Node.js,,PHP,,,SQL,
C,C++,C#,,JavaScript,jQuery,,,,PHP,,,SQL,
,,,,,,,,,,,,,
,,,,JavaScript,jQuery,,,,PHP,,,SQL,
,,,,,,,,Objective-C,,Python,,,
,,,Java,JavaScript,,,,,PHP,Python,,SQL,
,,,,,,,,Objective-C,,,,,
C,C++,,,JavaScript,jQuery,,,,,,,,"CUDA, Mathematica, Matlab"
,,,,,,,,,,,,,
C,C++,C#,Java,,jQuery,JQuery,,,PHP,,,SQL,
,,,Java,JavaScript,,,,,PHP,,,SQL,
,,C#,Java,JavaScript,jQuery,,,,,,,SQL,VB6
C,C++,,Java,,,,,,,Python,,,
,,C#,Java,JavaScript,jQuery,,,,,,,SQL,
,,,,,,,,,,,,,
,,C#,,JavaScript,,JQuery,,,,,,SQL,
C,C++,,,,,,,Objective-C,,,,,
,,,,,,,,,,,,,
,,,Java,,,,,,,,,SQL,
,,,Java,JavaScript,jQuery,JQuery,,,,,,,Clojure
,,C#,Java,JavaScript,jQuery,,,,PHP,Python,,SQL,lua
,,,,,,,,,,,,,
,,,Java,,,,,,,,,,
,C++,C#,Java,JavaScript,jQuery,JQuery,,,,,,SQL,VBA;VB.NET
C,,,Java,,,,,,,,Ruby,SQL,
,,C#,,,,,,,,,,SQL,VB
,,C#,,JavaScript,jQuery,,,,,,,,
,,,Java,,,,,,,,,SQL,Semantic web
C,C++,C#,Java,JavaScript,,,,,,Python,,,
,,,,JavaScript,jQuery,,,,PHP,,,SQL,
,,,,,,,,,,,,,
,,,,,,,,,,,,,
,,,,,,,,,,,,SQL,
,,C#,Java,JavaScript,jQuery,JQuery,,,,,,SQL,
,,C#,,JavaScript,,,,,,,,,
,,,Java,,,,,,,Python,,,
,,,,JavaScript,jQuery,JQuery,Node.js,,PHP,,,SQL,"mongodb, nginx"
C,C++,,Java,JavaScript,jQuery,,,,PHP,Python,,,
,,,,,,,,,,,,,
,,C#,,JavaScript,jQuery,,,,,,,SQL,
,C++,C#,Java,JavaScript,jQuery,,,,PHP,,,SQL,
,,C#,,JavaScript,jQuery,JQuery,,,,,,SQL,
C,C++,,,,,,,,,,,SQL,R
,,,,,,,,,,,,,
,,C#,,JavaScript,jQuery,,,,,Python,,,
C,,,,JavaScript,jQuery,JQuery,,,PHP,Python,,SQL,
,,,,,,,,,,,,,
,,,,JavaScript,,,,,PHP,,,,Erlang
,,C#,,JavaScript,,JQuery,,,,,,SQL,
,,,,JavaScript,jQuery,,,,PHP,,Ruby,,Scala / Typesafe Stack
,C++,,,,,,,,,,,,
,,C#,,JavaScript,jQuery,,,,,,,SQL,
C,C++,C#,Java,JavaScript,jQuery,,,,,,,SQL,
,,C#,,,,,,,,,,SQL,
,,,Java,JavaScript,jQuery,,,,PHP,Python,,SQL,
,,,Java,JavaScript,jQuery,JQuery,Node.js,,PHP,Python,,SQL,
,,,Java,,,,,,,Python,,,shell script
,,,Java,JavaScript,,,,,,,Ruby,,RoR
,,C#,,,jQuery,,,,,,,SQL,
,,C#,,JavaScript,jQuery,,,,,,,SQL,
,,,,,,,,,,Python,,,R
,,C#,,JavaScript,jQuery,,,,,,,,
,,,,JavaScript,jQuery,,,,,,Ruby,SQL,
,C++,,Java,,,,,,PHP,Python,,SQL,
,,,,,,,,,,,,,
,,,,JavaScript,jQuery,JQuery,,,PHP,,,SQL,"XML, JSON"
,,C#,,JavaScript,jQuery,JQuery,,,,,Ruby,SQL,
,,,,,,,,,,,,,
C,C++,,Java,,jQuery,JQuery,,,,Python,Ruby,SQL,
,,C#,,JavaScript,jQuery,,,,,,,SQL,
,,,Java,JavaScript,jQuery,JQuery,,,,,,SQL,Perl
,,C#,,JavaScript,jQuery,,,,,,,SQL,
,,,Java,JavaScript,jQuery,,,,,Python,Ruby,,
,,,Java,,,,,,,,,,Android
,,C#,,JavaScript,jQuery,JQuery,,,,,,SQL,
,,,,,,,,,,,,,
,,C#,,,,,,,PHP,,,SQL,Delphi
,,,,,jQuery,,,,,,,,"R, perl"
,,C#,,JavaScript,jQuery,,Node.js,,,,,SQL,
,,,,,,,,,,,,,
,,,,,,,,,,,,,
,,,,JavaScript,jQuery,JQuery,,,PHP,,,SQL,
,C++,C#,,,,,,,,,,,
,C++,,,,,,,Objective-C,PHP,,,,
,,,Java,,,,,,,Python,,SQL,
,,,,,,,,,,,,SQL,MATLAB
,,,,JavaScript,,,,,,,,,"VBScript, XML, XSLT"
,,,,,,,,Objective-C,,,,,
,,,Java,JavaScript,jQuery,JQuery,,,,,,,
,,,Java,,,,,,,,,SQL,
,,,,,jQuery,,,,PHP,,,SQL,
,,,,,,,,,,,,,
,C++,C#,Java,,,,,,,,,,VBA
,,C#,,,,,,,,,,SQL,WPF
C,C++,,,,,,,,PHP,,Ruby,SQL,
,,C#,Java,JavaScript,,,,,,,,,
,,,,JavaScript,jQuery,JQuery,,,PHP,,,SQL,
,C++,,,,,,,,,,,,
,C++,,Java,JavaScript,jQuery,,,,,,,,
,,,,,,,,Objective-C,,Python,,,
,,C#,,,,,,Objective-C,,Python,,SQL,PHP
,,,,,jQuery,,,,,,,SQL,Dojo
,,,,JavaScript,,,,,,,,,
,,,,JavaScript,jQuery,JQuery,,,PHP,,,,
,,C#,,JavaScript,jQuery,,,,PHP,,,SQL,
,,,Java,JavaScript,jQuery,,,,,,,,
,,,,,,,,,PHP,,,SQL,"R, VBA"
,,,Java,JavaScript,jQuery,,,,,,,SQL,"HTML, CSS"
C,,C#,Java,,,,,,,,,,Delphi
,,,,,,,,,,,,,
,,C#,,JavaScript,jQuery,,,,,,,SQL,
,,C#,,JavaScript,jQuery,JQuery,,,,Python,,SQL,
,,,Java,JavaScript,jQuery,,,Objective-C,PHP,,,SQL,
,,,,,,,,,,Python,,SQL,
,,,,JavaScript,jQuery,,,,PHP,Python,,SQL,
,,,Java,JavaScript,jQuery,,,,PHP,,Ruby,,
,,C#,,,,,,,,,,SQL,
,,C#,,,,,,,,,,,
,,C#,,,,,,,,,,SQL,
,,C#,,JavaScript,jQuery,,Node.js,,,,,,
C,C++,,,,,,,,,Python,,,
,,C#,,JavaScript,,,,,PHP,,,SQL,
C,,,,JavaScript,jQuery,JQuery,,,PHP,Python,,SQL,
,,,Java,JavaScript,jQuery,JQuery,Node.js,,PHP,,,SQL,
,,,,JavaScript,jQuery,JQuery,Node.js,,,,Ruby,,"Coffeescript, haml (if that counts)"
,,C#,,JavaScript,jQuery,,,,,,,SQL,
,C++,C#,,JavaScript,jQuery,JQuery,,Objective-C,PHP,,,SQL,
C,,,Java,JavaScript,jQuery,,,,PHP,,,SQL,
,,C#,,,jQuery,,,,,,,SQL,C# Razor / MVC
,C++,C#,,,,,,,,,,,
,,,,JavaScript,,JQuery,,,,Python,,SQL,
C,,,,,,,,,,Python,,,Haskell
,,C#,,JavaScript,jQuery,JQuery,,,PHP,,,SQL,
,C++,,Java,,,,,,,Python,,,ECMAScript
,,C#,,JavaScript,,,,,,,,,
,,,,,,,,,,,,,
,,C#,,,,,,,,,,SQL,
,C++,,,JavaScript,jQuery,,,,PHP,,,SQL,Perl
,,,,JavaScript,jQuery,,,,PHP,,,SQL,
,,,,JavaScript,jQuery,,,,PHP,Python,,SQL,
,,,,JavaScript,jQuery,,,,,Python,,,
,,,,,,,,,,,,,
,C++,,,JavaScript,jQuery,,Node.js,,PHP,,,SQL,
,C++,,,JavaScript,,JQuery,,,,,,,
,,C#,,,,,,,,,,SQL,
,,,,,,,,,,,,,
,,,,,,,,,,,,,
,C++,,,,,,,,,,,,
,,,,JavaScript,jQuery,JQuery,,,PHP,,,SQL,
,C++,C#,Java,,,,,,,,,,
,,,Java,JavaScript,jQuery,,,,,,,,
,,,,JavaScript,jQuery,JQuery,,,,Python,,SQL,
,,C#,,,,,,,,,,,
,,,,,,,,,,,,,
,,,,,,,,,,,,,
,,,Java,,,,,,,Python,,,
,C++,,Java,JavaScript,,JQuery,,,,,,SQL,Scala
,,,,,,,,,,,,,
,,,,,,,,,,,,,
,,,,,,,,,,,,,
,,,Java,JavaScript,jQuery,JQuery,,,,,,,
,C++,,,,,,,,,Python,Ruby,,Lisp
,,C#,,JavaScript,jQuery,,,,,,,SQL,
,,,,,jQuery,,,,PHP,,,,
,,C#,Java,JavaScript,jQuery,,,,PHP,,,SQL,
,,C#,,JavaScript,jQuery,,,,,,,SQL,
C,C++,C#,Java,JavaScript,,,,Objective-C,PHP,,,SQL,
,,C#,,,,,,,,,,SQL,
,C++,,,JavaScript,,,Node.js,Objective-C,,,,,
,,,Java,,,,,,,,,,
,,,,,,,,Objective-C,PHP,,,SQL,
,C++,C#,,JavaScript,,,,,,,,,
,,C#,,,jQuery,,,,,,,SQL,
,,,Java,,,,,,PHP,Python,,SQL,
,,,,,,,,,,,,,
,,,,,,,,,,,,,
,,,,,,,,,,,,,
,,C#,,JavaScript,,,,,PHP,,,SQL,
,,C#,,JavaScript,jQuery,JQuery,,,,,,SQL,
,C++,,Java,,,,Node.js,Objective-C,PHP,,,SQL,
,,,,,,,,,,,,,
,,C#,,JavaScript,jQuery,,,,,Python,,,scala
C,C++,,Java,,,,,,,,,,
C,C++,,,JavaScript,,,,Objective-C,,,,SQL,
,,,,,,,,,,,,,
,,,Java,JavaScript,,,,,,,,SQL,
,,,,,,,,,,,,,
,,,,,,,,,,,,,
,,,Java,,jQuery,JQuery,,,,,,,Scala
C,C++,,,JavaScript,jQuery,,,,,Python,,,
,,,,JavaScript,jQuery,,,,PHP,,,,
,,,,,,,,,,,,,
,C++,C#,,,,,,,,,,,
,,,Java,JavaScript,jQuery,,Node.js,,PHP,,,SQL,
,,,,,,,,,,,,,
C,C++,,Java,,,,,,,Python,,,"Shell scripting (bash, zsh)"
,,C#,Java,,,,,,,,,SQL,
C,,,Java,,,,,,,Python,,,
C,,C#,,,,,,,,Python,,,
C,C++,C#,,,,,,,,,,,bash scripts
,,,Java,JavaScript,,,,,,,,SQL,
,,,,JavaScript,jQuery,JQuery,,,PHP,,,,
,,C#,,,,,,Objective-C,,,,,
,,,,,,,,,,,,,
C,,,,JavaScript,jQuery,,,,PHP,,,SQL,
,,,,,,,,,,,,,
,,,Java,,,,,Objective-C,,Python,,,
,,,,,,,,,,,,,
,,C#,,,,,,,,,,,
,,,Java,JavaScript,jQuery,JQuery,,,,,,SQL,
C,,C#,Java,,,,,,,Python,,,
,,,,JavaScript,,,,,PHP,,,,"Postscript, XML"
,,C#,,,,,,,,,,SQL,
,,C#,,JavaScript,,,,,,,,SQL,
,,,Java,,jQuery,,,,,,,SQL,
,,C#,Java,,,,,,,Python,,SQL,
,,,,JavaScript,jQuery,,,,PHP,Python,,SQL,Ladder
,,C#,Java,JavaScript,jQuery,,,,PHP,,,SQL,
,C++,,Java,,,,,,,,,,
,,,Java,,,,,,PHP,,,SQL,
C,C++,C#,Java,JavaScript,jQuery,JQuery,Node.js,Objective-C,PHP,Python,Ruby,SQL,regergerg
,,,,,,,,,,,,,
,,,,,,,,,,,,,
,,,Java,JavaScript,jQuery,,,,,Python,,SQL,
,,,,JavaScript,jQuery,,,,,,,,HTML
,,C#,Java,,,,,,,,,SQL,
,,,Java,JavaScript,jQuery,,,,,,,SQL,
,,,,JavaScript,jQuery,,,,,Python,,SQL,
,,,,JavaScript,jQuery,JQuery,,,PHP,,,SQL,
,,,,,,,,,,,,,
,,,,JavaScript,,,,,PHP,,,SQL,
,,C#,,,,,,,,,,,
,,,Java,JavaScript,,,,,,,,,
,,C#,,JavaScript,jQuery,JQuery,,,PHP,,Ruby,SQL,
,,,Java,,,,,,,,,SQL,
,,,,,,,,,PHP,,,SQL,
,,,,JavaScript,,,,,PHP,,,SQL,
,,,,,,,,,,,,,
,,,Java,JavaScript,jQuery,,,,PHP,,,SQL,
,,,,,,,,,,,,,
,,,,,,,,,,,,,
,,,Java,,,,,Objective-C,,,,,
C,C++,C#,,JavaScript,jQuery,,,,,,,SQL,
,,C#,,,jQuery,JQuery,,,,,,,
,,,,JavaScript,jQuery,,,,PHP,Python,,,
,,,,,,,,,,,,,
,,,,JavaScript,jQuery,,,,,,Ruby,,
,,,,,,,,,PHP,Python,,,Filemaker
,,C#,Java,,jQuery,,,Objective-C,PHP,Python,,,
,,,,,,,,,,,,,
,,,,,,,,,,,,,
,,,Java,,,,,,,,,,
,,,Java,,,,,,,,,,
,,,,,,,,,,,,,Basic
,,,,,,,,,,,,,
,,,Java,,,,,,,Python,,,"Matlab, Haskell"
,,C#,Java,JavaScript,jQuery,JQuery,,,,,Ruby,,MongoDB
,C++,,,JavaScript,,,,,,Python,,,Lua
,,C#,Java,,,,,Objective-C,,,,,
,,,,,,,,,,,,,
,C++,C#,,JavaScript,jQuery,,,,,Python,,SQL,Coffeescript
,,,,,,,,,,,,,
,,,Java,,,,,,,,,,
,C++,,Java,,,,,,,Python,,,
,,C#,,JavaScript,jQuery,JQuery,,,,,,SQL,
,,C#,,JavaScript,jQuery,JQuery,,,,,,SQL,Action Script
,,,Java,,,,,Objective-C,,,,,
,,C#,,JavaScript,jQuery,JQuery,,,PHP,,,SQL,
,,,,,,,,,,,,,
,,,Java,JavaScript,jQuery,JQuery,Node.js,,,,Ruby,SQL,
,,,Java,JavaScript,jQuery,,,,,Python,,,
,C++,,,JavaScript,jQuery,,,,PHP,Python,,SQL,
,,,Java,JavaScript,jQuery,JQuery,,,,Python,,,"Brightscript, HTML5, CSS3"
,,,,,jQuery,JQuery,,,,,Ruby,SQL,Jquery ;p (you have j and Jquery listed)
,C++,C#,Java,,,,,,,,,,
,C++,C#,,,,,,,,,,,
,,C#,,,,,,,,,,,
,,C#,,JavaScript,jQuery,,Node.js,,,,,SQL,
,C++,,Java,JavaScript,jQuery,JQuery,,Objective-C,PHP,,,SQL,
,,,,,,,,Objective-C,,,,,
C,C++,,,JavaScript,jQuery,,Node.js,,PHP,,,SQL,
,,,,JavaScript,jQuery,,,,,,,SQL,VB.NET
,,,,,,,,,,,,,
C,,,,,,,,,,,,,
,,,,JavaScript,jQuery,,,,PHP,,,,
,,,,,jQuery,JQuery,,,,,,,
,,C#,Java,JavaScript,jQuery,JQuery,,,,,,SQL,
,,C#,,JavaScript,jQuery,,,,PHP,,Ruby,SQL,
,,,,JavaScript,jQuery,,,,,Python,Ruby,SQL,
,,,Java,JavaScript,jQuery,,,,,,,SQL,
,,,Java,JavaScript,jQuery,,,,,,,,
,,,,,,,,,,,,,"CSS, if that is a language or technology."
,,,,,,,,,,,,,
,,,Java,JavaScript,,,Node.js,,,,,,
,,,,,,,,,,,,,
,,,,,,,,,,Python,,,R
,,C#,,,,,,,,,,,Silverlight
C,C++,,Java,,,,,,,,Ruby,,Fortran
,,,Java,JavaScript,,,Node.js,Objective-C,,,,,
,,,,,,,,,,,,,
,,,Java,JavaScript,jQuery,JQuery,,,PHP,Python,,,
,,,,,,,,,,,,SQL,
,,,,,,,,,,,,,
,,,,JavaScript,jQuery,,Node.js,,PHP,,,SQL,
,,,Java,JavaScript,jQuery,,,,,,,,
,,,,,,,,,,,,,
,C++,C#,Java,JavaScript,jQuery,,,,PHP,Python,,SQL,Labview
,,,,JavaScript,,,Node.js,,PHP,,,SQL,VBA
,,,,,jQuery,,,,PHP,,,SQL,VB.Net
,,,,JavaScript,,,,Objective-C,,,,,Sencha Touch 2
,,,,,,,,,,,,,
,,,,,,,,,,,,,
,,,,,,,,,,,,,
,C++,,Java,,,,,,,Python,,,
,,,,,,JQuery,,,PHP,,,SQL,
,,,,,,,,,,,,,
,,,,,,,,,,,,,
C,,,,,,,,,,,,,"Perl, PostgreSQL"
,,,,,,,,,,,,,
,,C#,,JavaScript,jQuery,JQuery,,,,,,SQL,"VB.NET, VBA"
,,,,JavaScript,jQuery,JQuery,Node.js,,PHP,,,SQL,
C,,,,JavaScript,jQuery,JQuery,,Objective-C,,,Ruby,SQL,
,,,Java,,,,,,,,,SQL,"xml stack: xslt, xquery, bpel, soap..."
,,,Java,JavaScript,,,,,,Python,,,
,,C#,,,jQuery,,,,PHP,,,,
,,C#,,JavaScript,jQuery,,Node.js,,,,,SQL,
,,,,,,,,,,,,,
,,,Java,JavaScript,,,,Objective-C,PHP,,,SQL,
C,,C#,Java,,,,,Objective-C,,,,SQL,XML
C,C++,C#,,JavaScript,,,,,,,,,perl
,,C#,,JavaScript,jQuery,JQuery,,,,,,,
C,C++,,,,,,,,,Python,,,Lua
,,,,,,,,,,,,,
C,C++,,,,,,,Objective-C,,,,,
C,C++,,Java,JavaScript,jQuery,,,,,Python,,,
,,C#,,JavaScript,jQuery,JQuery,,,,,,SQL,
,,,,,,,,,,,,,
,,,,JavaScript,jQuery,,,,PHP,,,,
,C++,,,JavaScript,jQuery,,,,,Python,,,
C,C++,,Java,,,,,Objective-C,,Python,,,
,,C#,Java,,,,,,,,,SQL,
,,,Java,,,,,,,,,,
,,,Java,JavaScript,,,,,,,,,
,,,,,,,,,PHP,Python,,SQL,
,,,Java,,,,,,,,,SQL,
,,C#,,,,,,,,,,SQL,Silverlight
,,,Java,JavaScript,,JQuery,,,PHP,,,,
,,C#,,JavaScript,jQuery,,,,,,,SQL,
,,,Java,JavaScript,jQuery,JQuery,,Objective-C,,,,SQL,
,,,Java,JavaScript,jQuery,JQuery,,,,,,SQL,
,,,Java,,jQuery,,,Objective-C,PHP,,,SQL,
C,,,Java,,,,,,PHP,Python,,,
,C++,C#,Java,JavaScript,jQuery,,,Objective-C,,,,SQL,
,,,,,jQuery,,,,,Python,,,
,,,,,,,,,,,,,
,C++,C#,Java,JavaScript,,,,Objective-C,PHP,,,SQL,
,C++,C#,,JavaScript,jQuery,,,,PHP,,,SQL,
,,,,JavaScript,jQuery,,,,,,,SQL,Perl
,,,,,,,,,,,,,
,C++,C#,,,,,,,,,,SQL,
,,,,,,,,,,,,,
C,C++,,Java,,,,,,PHP,Python,,SQL,
,,,,,,,,,,,,,
,C++,,,JavaScript,,,,Objective-C,,,,SQL,
,,C#,,JavaScript,jQuery,JQuery,,,,,,SQL,MVC
,,,,,,,,,,,,,
,,C#,,JavaScript,jQuery,,,,,,,SQL,
,,,,JavaScript,jQuery,,,,PHP,,,,
C,C++,C#,Java,JavaScript,,,,,,Python,,SQL,
,,,Java,JavaScript,jQuery,,,,PHP,,,SQL,
,,,,JavaScript,jQuery,JQuery,,,PHP,,,SQL,
C,C++,,,,,,,,,Python,,,
,C++,,Java,,,,,,,Python,,,
,C++,C#,,JavaScript,jQuery,JQuery,Node.js,Objective-C,PHP,,,SQL,
,,,,,,,,,,,,,
,,,,,,,,,,,,,
,,,,,,,,,,,,,
,,,,,,,,,,,,,
,,C#,Java,JavaScript,,,,,,,,SQL,
,,C#,,JavaScript,jQuery,JQuery,,,,,,SQL,
,,,,,,,,,,,,,
C,C++,,Java,JavaScript,,,Node.js,,,Python,,,
,C++,,,JavaScript,jQuery,JQuery,,,,Python,Ruby,,"Haskell, Lisp"
,,,,,,,,,,,,,
,,,,,,,,,,,,,
,,,,JavaScript,jQuery,,,,,,,,"HTML, CSS"
,,,,JavaScript,jQuery,,,,PHP,,,SQL,
,,,,,,,,,,,,,
,,C#,,,,,,,,,Ruby,SQL,
,,,,,,,,,,,,,
C,C++,C#,,JavaScript,jQuery,,,,PHP,,,SQL,
,,C#,,JavaScript,jQuery,JQuery,,,,,,SQL,
,,,,JavaScript,,,,Objective-C,PHP,Python,,SQL,
C,,,,JavaScript,,,,,,,,,
,,,,JavaScript,jQuery,,,,PHP,,,SQL,
C,C++,,Java,,,,,Objective-C,,,,,
,,,,,,,,,,,,,
,,C#,,,,,,,,Python,,,
,C++,C#,,,,,,,,Python,,SQL,
,,C#,,JavaScript,jQuery,,,,,,,,
,,,,JavaScript,jQuery,JQuery,,,PHP,,,SQL,
,,,,,,,,,,,,,
,,,Java,JavaScript,jQuery,,,,,,Ruby,SQL,
,,C#,,,,,,,,,,SQL,
,,,,,,,,,,,,,
,,C#,,,,,,Objective-C,,,,,
,,C#,,JavaScript,jQuery,JQuery,,,,,,SQL,
,,,,JavaScript,jQuery,,,,,,,,
C,C++,,,,,,,,,,,,
,,C#,,JavaScript,,,,,,,,,
,,,,,,,,,,,,,
,,,,,,,,,,,,,
,,,,JavaScript,jQuery,JQuery,,,PHP,,,,
,,C#,,JavaScript,jQuery,JQuery,,,,,,,Telerik
C,C++,,,,,,,,,,,,bash
C,,,Java,,,,,,,,,,"bash, golang"
,,,,,,,,Objective-C,,,,,
,,,,JavaScript,jQuery,JQuery,,,PHP,Python,,,
,,,Java,,,,,,,,,,
,,C#,,JavaScript,jQuery,,,,,,,,
,,,,,,,,,,,,,
,C++,,,,,,,,,Python,,,
,,C#,,,,,,,,,,SQL,
,,C#,Java,,,,,,PHP,Python,,SQL,"VB.NET, Bash, GIT, SVN"
,,,,,,,,,,,,,
C,,,Java,,jQuery,,,Objective-C,PHP,,,SQL,
,,C#,,JavaScript,jQuery,,Node.js,,,,,SQL,
,,C#,,JavaScript,jQuery,JQuery,,,,,,SQL,
C,C++,,Java,,jQuery,,,,PHP,Python,,SQL,Assembler
C,C++,C#,Java,,,,,Objective-C,,,,,
,,,,,,,,,,,,,
,,C#,,,,,,Objective-C,,,,,ActionScript
,,C#,,,,,,,,,,SQL,
,,,,JavaScript,jQuery,,,,PHP,,,SQL,
,,,Java,,,,,,,,,,
,,C#,,JavaScript,jQuery,,,,,,,,
,,C#,,,,,,,,,,SQL,
,,,Java,,,,,,,,,SQL,
,C++,,,,,,,,,,,,LabVIEW
,,,,JavaScript,jQuery,,,,PHP,Python,,SQL,
C,C++,,,JavaScript,,,,,,,,,
,C++,C#,Java,JavaScript,,,,Objective-C,,,,SQL,
C,C++,,,,,,,,,Python,,,
,,C#,,,,,,,,,,SQL,
,,C#,,JavaScript,jQuery,,,,PHP,,,SQL,
,,C#,,JavaScript,jQuery,,,,,,,SQL,Knockout
,,,Java,,jQuery,JQuery,,,,,,,Spring
,,,,,,,,,,,,,
,,C#,,JavaScript,jQuery,,,,,,,SQL,
,,,,,,,,,,,,,
,,,,,,,,,,,,,
C,,C#,,JavaScript,jQuery,,,,,Python,,,
,C++,,,,,,,,,Python,,SQL,
,,,,JavaScript,jQuery,,,Objective-C,PHP,,,,
C,,,,,,,,,,Python,,,ADA
C,C++,C#,Java,JavaScript,,,,,PHP,,,,
,,,Java,JavaScript,jQuery,,,Objective-C,PHP,,,,
,,,Java,,,,,,,,,,
,,C#,,,,,,,,,,SQL,
C,,,Java,,,,,,,,,,
,,,,,,,,,,,,,
,C++,C#,,,jQuery,,,,PHP,,,,
,,,Java,JavaScript,jQuery,,,,PHP,,,SQL,
C,C++,,Java,,,,,,,,,SQL,
C,,,,,,,,,,Python,,SQL,
,C++,,,JavaScript,,,,,PHP,,,SQL,
,,,Java,,,,,,,,,,
,,,Java,,,,,,,Python,,,
,,C#,,JavaScript,jQuery,,,,,,,SQL,
,,,Java,,,,,,,,,,
,,,Java,,,,,,,Python,,,
C,,,,,,,,,,Python,,,
,,,,,,,,Objective-C,,,,,
,,C#,,,jQuery,,,,,,,SQL,
,,,,,,,,,,,,,
,,,,,,,,,,Python,,,"Perl, shell script"
,,,,,,,,,,,,SQL,VB.NET
,,C#,,,,,,,,,,,
,,,,,,,,,,,,,
,,,,,,,,,,,,,
,,,Java,JavaScript,jQuery,,Node.js,,PHP,,,SQL,
,,,,,,,,,,,,,
C,C++,,,,,,,,,,Ruby,SQL,"APL, Pascal, ABAP"
,,,,JavaScript,jQuery,,,Objective-C,PHP,,,SQL,
,,,Java,JavaScript,,JQuery,,,,Python,,,
,,C#,Java,,jQuery,,,,PHP,,,,
C,C++,C#,Java,JavaScript,jQuery,,,,PHP,,,SQL,
,,,,,,,,,,,,,
,,C#,,JavaScript,jQuery,,,,,,,SQL,
,,,,,,,,,,,,,
C,,,,JavaScript,,,,,PHP,,,SQL,"HTML, CSS"
,,,Java,JavaScript,,,,,,Python,Ruby,,
,,,,,,,,,,Python,,,
C,C++,,,JavaScript,jQuery,,,,PHP,,,SQL,
,,C#,,,,,,,PHP,,,SQL,VBA
,,,,,,,,,,,,,
,,,,,,,,,,Python,,,
C,,,,,,,,,,Python,,,
,,,Java,,,,,,,,,SQL,
C,,,,,,,,,,Python,,,"shell, awk, lisp, elisp, smalltalk"
,,,,JavaScript,,,,,,,,SQL,Perl
,,,Java,JavaScript,,,,,,,,SQL,
C,C++,C#,,,,,,,,,,,
,,,Java,,,,,Objective-C,,,,SQL,
C,C++,,Java,JavaScript,,,,,,,,,
,,C#,,JavaScript,jQuery,,,,,,,,
,,C#,,JavaScript,jQuery,,,,,,,SQL,
,,,,JavaScript,,,,,,,,,
,,,Java,,,,,,,,,,Scala
,,C#,Java,JavaScript,jQuery,,,,,,,,
,,,,JavaScript,jQuery,,,,,,,,
C,,,,JavaScript,jQuery,,Node.js,,,Python,Ruby,,
,,,Java,JavaScript,jQuery,,,,,,,,
,,,Java,JavaScript,jQuery,,Node.js,,,,,SQL,
,,,,,,,,,,,,,
,,,,JavaScript,jQuery,JQuery,,,PHP,,,SQL,
,,,,JavaScript,jQuery,,,,PHP,Python,,,
,,,,,jQuery,,,,PHP,,,SQL,Windev
,,,,,,,,,,,,,
C,,,,,,,,,,,,,F#
C,C++,C#,Java,JavaScript,,,,,,,,SQL,Android
,C++,,Java,,,,,,,,,SQL,
,,,,,,,,,,,,,
,,C#,,JavaScript,jQuery,,,,,,,SQL,
,C++,C#,,,jQuery,,,,,,,SQL,
,,,Java,JavaScript,jQuery,JQuery,Node.js,,,Python,Ruby,SQL,
,,,,,,,,,,,,,
,,,Java,JavaScript,jQuery,,,Objective-C,PHP,,,SQL,
,,C#,,,,,,,,,,,
,,C#,,JavaScript,jQuery,,,,PHP,,,SQL,
,,C#,,JavaScript,,,,,,,,SQL,"JavaScript, ExtJS"
C,C++,,Java,JavaScript,jQuery,,,,,Python,,,
,,,,,,,,,,,,,
,,C#,,JavaScript,jQuery,,,,PHP,,,SQL,
,C++,,,JavaScript,jQuery,,,,,Python,,,
,,C#,Java,JavaScript,jQuery,,,,PHP,,,SQL,
,,,Java,JavaScript,,,,,PHP,Python,Ruby,SQL,
,,,,,,,,,,,,SQL,PL/SQL
,,C#,,,,,,,,,,,
,,,,JavaScript,jQuery,JQuery,,Objective-C,PHP,,,SQL,
,,C#,,JavaScript,jQuery,,,,,,,SQL,
,,,Java,JavaScript,,,,Objective-C,,,,,
,,,,,,,,,,,,,
,,C#,,,jQuery,,,,PHP,,,SQL,
,,C#,,JavaScript,jQuery,,,,,,,SQL,
C,,,Java,,,,,,,,,SQL,ActionScript
,,C#,Java,,,,,,,,,SQL,
,C++,,,JavaScript,jQuery,JQuery,Node.js,,,Python,,,
C,C++,,,,,,,,,,,,R
C,C++,C#,,JavaScript,,JQuery,,,,,,,
,,,,JavaScript,,JQuery,,,PHP,,,,
,,,Java,,,,,,,,Ruby,,
,,,,,,,,,,,,,
,,,Java,,,,,,,,,SQL,
C,,,,,,,,,,,,,"Lua, Haskell"
,,C#,,,,,,,,,,,
,,C#,Java,JavaScript,jQuery,,,,,Python,,,
,,C#,,,,,,,,,,,
C,,,Java,JavaScript,jQuery,JQuery,,,,,,,
,,C#,,JavaScript,jQuery,,,,,,,,
,,,Java,,,,,,,Python,,,
,,,,,,,,,,,,,
,,,Java,,,,,,,Python,,SQL,"Groovy,Bash"
,,,Java,,,,,,,Python,,,
,C++,,,,,,,,,Python,,,Bash/sh
,,C#,Java,JavaScript,jQuery,,,,,Python,,SQL,
C,C++,,,JavaScript,,,,Objective-C,,,,,
C,C++,C#,Java,JavaScript,jQuery,JQuery,Node.js,,PHP,,,SQL,
,,,,,,,,,,,,,
,,,,JavaScript,jQuery,JQuery,,,PHP,Python,,SQL,"Mongodb,Redis"
C,C++,,Java,,,,,,,,,SQL,
C,C++,C#,Java,,,,,Objective-C,PHP,,,,
C,,,,,,,,,,,,,
,,C#,,,,,,,,,,SQL,
C,C++,,Java,JavaScript,jQuery,JQuery,Node.js,,PHP,,Ruby,SQL,
,,,,,jQuery,JQuery,,,,,,,
,,,Java,,,,,Objective-C,,,,,
,,C#,,,,,,,PHP,,,SQL,
,,,,JavaScript,jQuery,,,,PHP,Python,,SQL,
,,,,,,,,,,,,,
,,,Java,JavaScript,jQuery,JQuery,,,PHP,,,SQL,
,,,Java,,jQuery,JQuery,,,PHP,Python,,,
,,C#,,,,,,,,,,SQL,Gupta Team Developer
,,,Java,JavaScript,,,,,,,Ruby,SQL,
,,,Java,JavaScript,jQuery,,,,,,,SQL,
,C++,,Java,JavaScript,jQuery,,,Objective-C,,,,,Go
,,,,,,,,,,,,SQL,
,,C#,,JavaScript,jQuery,JQuery,,,,,,SQL,"asp.net, silverlight"
,C++,C#,Java,JavaScript,jQuery,,,Objective-C,PHP,,,SQL,
,,C#,,JavaScript,jQuery,JQuery,,,,,,SQL,
,,C#,,,,,,,,,,,
,,,Java,,,,,,,,,,GWT
C,C++,,,,,,,,,Python,,,
,,,,JavaScript,jQuery,,,,PHP,,,SQL,
,,C#,Java,JavaScript,jQuery,,,,,,,,
,,C#,Java,JavaScript,jQuery,,Node.js,Objective-C,,,,SQL,
,,C#,,JavaScript,jQuery,JQuery,,,PHP,,,SQL,Delphi
,,,Java,JavaScript,jQuery,JQuery,,,PHP,,,SQL,
,,,,,,,,Objective-C,,,,,
,,,Java,JavaScript,jQuery,,,Objective-C,PHP,,,,
,,C#,,JavaScript,jQuery,,,,PHP,,,SQL,Perl
,,,,JavaScript,,,,Objective-C,PHP,,,SQL,
,,,,,,,,,,,,,Erlang
,,C#,,JavaScript,jQuery,JQuery,,,,,,SQL,
,,,,JavaScript,jQuery,,,,PHP,Python,,SQL,
,,,,JavaScript,jQuery,JQuery,,,PHP,,,SQL,
,,,,,,,,,,,,,
,,,Java,JavaScript,,,,,,,,,
,,,,,,,,,,,,,
C,C++,,,JavaScript,jQuery,,,,,Python,,SQL,
C,,,Java,JavaScript,jQuery,JQuery,,Objective-C,,,,,
C,C++,,Java,,,,,,PHP,,,,"Android, Windows Phone 7"
,,C#,Java,,,,,,,,,,
,,,,,,,,,,,,,
,C++,C#,,,,JQuery,Node.js,Objective-C,,Python,Ruby,SQL,Rails
,,,,,,,,,,,,,
,C++,C#,,JavaScript,,,,,,Python,Ruby,,
,C++,,Java,,,,,,,,,,"Haskell, Go, Lisp"
,,C#,Java,,,,,,,,,SQL,
C,,,,,,,,Objective-C,,,,,
,,,,,,,,,,Python,,,R
C,,,,,,,,Objective-C,,,Ruby,SQL,
,,,Java,,,,,,,,,SQL,
,,C#,Java,,,,,,,,,,SPARQL
C,C++,,Java,,,,,,,,,SQL,Perl
,,,Java,JavaScript,,,,,,,,,
C,C++,C#,,,,,Node.js,,,,,,
C,C++,C#,Java,JavaScript,,,,,,Python,,,
,,,Java,JavaScript,jQuery,JQuery,,,,,,,
,,,,,,,,,,,,,
C,,,Java,,jQuery,,,,,,Ruby,SQL,
,,,,,,,,,,,,,
,,,,,,,,Objective-C,,,,,
,,,,,,,,,,,,,
C,,C#,,JavaScript,jQuery,,,,PHP,,,SQL,vb.net
,,,,,,,,Objective-C,,,,,
C,C++,C#,Java,,,,,,,,,,
C,,,Java,,,,,,,,,SQL,
,,C#,Java,JavaScript,jQuery,,,,PHP,,,SQL,
,,,Java,JavaScript,,,,,PHP,,,SQL,
,C++,,,,,,,,,Python,,,
,,,,JavaScript,,JQuery,Node.js,,,Python,Ruby,SQL,
,,,Java,JavaScript,jQuery,,,,,Python,,SQL,
,,,,,,,,,,,,,
,,,,,,,,,PHP,Python,,SQL,
,,,,,,,,,,,,,
,,C#,,JavaScript,jQuery,JQuery,,,,,,SQL,
,,,,,,,,,,,,,
,,,,,,,,,,,,SQL,vb.net
C,C++,,Java,,,,,,,Python,,SQL,
C,C++,,,JavaScript,jQuery,,,,,Python,Ruby,SQL,
,,,Java,JavaScript,jQuery,JQuery,,Objective-C,PHP,Python,Ruby,SQL,"Haskell, Clojure"
,,,Java,JavaScript,,,,,PHP,,,SQL,
,,C#,,JavaScript,jQuery,JQuery,,,,,,SQL,
C,C++,,Java,,,,,,,,,,
C,C++,,,,,,,Objective-C,,,,,
C,C++,,Java,,,,,,,,,SQL,
,,C#,,JavaScript,,JQuery,,,,Python,,SQL,
C,C++,,,JavaScript,,,,,,Python,,,"Perl, AngularJS"
C,,,,JavaScript,jQuery,,,,PHP,Python,,SQL,
,C++,C#,,JavaScript,jQuery,,,,,,,,
,,C#,,JavaScript,jQuery,,,,,,,SQL,
,C++,,,,,,,,,Python,,,
C,,,,,,,,,PHP,,,,
,,,Java,JavaScript,,,,,,,,,
,,,,,,,,,PHP,,,SQL,
C,C++,C#,Java,JavaScript,jQuery,,Node.js,,PHP,Python,Ruby,SQL,
,,,,,,,,,,,Ruby,SQL,
,,,,,,,,,,,,,
,,C#,,JavaScript,jQuery,JQuery,,,,,,,
,,C#,,JavaScript,jQuery,,,,,,,SQL,
,C++,,,JavaScript,,,,,,Python,Ruby,,
,,C#,Java,JavaScript,jQuery,,,,,,,SQL,
,,,,,,,,,,,,,
,,,,,jQuery,,,,,,,,
,,,,,jQuery,JQuery,,,PHP,,,SQL,
,,,,,,,,,,Python,,,
,,,,,,,,,,,,,
,,,Java,,,,,,,,,,
,,,,,,,,,,,,,
,,,,,,,,,,,,,
,C++,C#,,,,,,,,,,,
,,,,,,,,,,Python,,,
,,,,JavaScript,jQuery,,Node.js,,PHP,Python,,,
,,,,JavaScript,jQuery,JQuery,,,,,Ruby,SQL,
,,C#,Java,JavaScript,jQuery,JQuery,,,PHP,,,SQL,
,,C#,,JavaScript,jQuery,,,,,,,SQL,
,,,,JavaScript,,,,,,Python,,,
,,C#,,JavaScript,jQuery,JQuery,,,,,,SQL,
,,,,JavaScript,,,,,,,,,
,,C#,,JavaScript,jQuery,,,,,,,SQL,
,,C#,,JavaScript,jQuery,JQuery,,,,,,,
,,C#,,,,,,,,,,SQL,
,,,Java,JavaScript,jQuery,,,,PHP,,,,Meteor
,,,Java,JavaScript,,,,,PHP,Python,Ruby,,
,,,,JavaScript,jQuery,,,,PHP,,Ruby,,
,,C#,,JavaScript,jQuery,JQuery,Node.js,,,,,SQL,
C,,,,,,,,,,,,,Lua
,,,,,,,,,,,,,Fortran 90/95
C,C++,,Java,JavaScript,,,,,,Python,,SQL,Scala
,,,,,,,,,,,,,
C,C++,,,JavaScript,jQuery,JQuery,,,PHP,,,SQL,YII
,,,Java,,,,,,,,,,
,,,,,,,,Objective-C,,,,,
,,,,,,,,,,,,,
,,,,JavaScript,jQuery,,,,PHP,Python,,,
,,,,,,,,,,,,,
,,,,,,,,,,Python,,,
,,C#,Java,JavaScript,jQuery,,,,,,,SQL,
,C++,,,,,,,,,,,,
C,,,,JavaScript,jQuery,JQuery,,,PHP,,,,
,,C#,,JavaScript,,,Node.js,,,,,,
,,C#,Java,,,,,,,,,,
,,C#,Java,,,,,,,,,,prolog
,,C#,,JavaScript,jQuery,,,,,,,SQL,
,,,,JavaScript,jQuery,JQuery,,,PHP,,,SQL,Go
,,,Java,,,,,,,,,,
,,C#,,,,,,Objective-C,,,,SQL,Matlab
,,C#,,,,,,,,,,,
C,C++,C#,Java,,,,,,,,,,
,C++,,,,,,,,,,,SQL,
C,,,Java,,,,,Objective-C,,,,SQL,
C,,,,,,,,,,Python,,,Matlab
,,,Java,,,,,Objective-C,,,Ruby,SQL,Scala
,,C#,,JavaScript,jQuery,,,,,,,,
C,C++,C#,,JavaScript,,,,Objective-C,PHP,,,SQL,
,,,Java,JavaScript,jQuery,JQuery,,,PHP,,Ruby,SQL,
,,C#,Java,JavaScript,jQuery,,,,,,,SQL,
,,C#,,JavaScript,jQuery,,,,,,,SQL,
C,C++,,,,,,,,,Python,,,
,,C#,,JavaScript,jQuery,,,,PHP,,,SQL,
,,,,,,,,,,,,,
,,,,JavaScript,jQuery,,,,PHP,,Ruby,SQL,Cold Fusion
,,,,JavaScript,jQuery,,,,,,,SQL,
,,,,,,,,,,,,,
C,,,Java,JavaScript,jQuery,,Node.js,,PHP,,,,
,,,Java,JavaScript,jQuery,,,,,,,,
,,,,JavaScript,jQuery,JQuery,,,PHP,,,SQL,jquery
C,,,,,,,,,,Python,,,
,,,Java,,,,,,,,,,VBA
,,,,JavaScript,,JQuery,,,PHP,,,SQL,
,,,,,,,,,,,,,
,,,,,,,,,,,,,
,,C#,Java,JavaScript,jQuery,,,,,,,SQL,jayQuery
,,,,,,,,,,,,,
,,,,,,,,,,,Ruby,SQL,
C,C++,,,JavaScript,,,,,,,,,
,,,,JavaScript,jQuery,,,,,,Ruby,,
,,C#,,JavaScript,jQuery,,,,,,,SQL,
,,,,JavaScript,jQuery,JQuery,Node.js,,PHP,,Ruby,SQL,
,,,,JavaScript,jQuery,,,,PHP,,,SQL,
,,,,JavaScript,jQuery,JQuery,,,PHP,Python,,SQL,
,,,Java,,,,,,PHP,Python,,SQL,R
,,C#,,JavaScript,jQuery,,,,,,,SQL,
,,C#,,,,,,,,Python,,,
,,,,,,,,,,,,,
,,,,JavaScript,,,,,PHP,Python,,SQL,
C,C++,,,,,,,,,Python,,,
,,C#,,JavaScript,jQuery,,,,,,,SQL,
,,C#,,,,,,,,,,SQL,
,,,,JavaScript,,,Node.js,,PHP,,,,yui
,,,,,,,,,,,,,
,,,,,,,,,,,,,
C,,C#,Java,,,,,,,,,,
,,,,,,,,,,,Ruby,,
,,C#,,,,,,,,,,,
,,,Java,JavaScript,,,,Objective-C,,,Ruby,SQL,
,C++,C#,,,,,,,,,,SQL,VB6
,,C#,,,jQuery,,,,,,,SQL,
,,C#,,JavaScript,jQuery,,,,,,,SQL,VB.NET
,,,,,,,,,,,,,
,,C#,,,,,,Objective-C,,Python,,SQL,
,,,Java,JavaScript,jQuery,,Node.js,,,Python,,SQL,
,,,,JavaScript,jQuery,,,Objective-C,,Python,Ruby,,
,,,Java,JavaScript,jQuery,,,,,Python,,SQL,
,,,,,,,,,,,,,
,,,,JavaScript,jQuery,JQuery,Node.js,,,,Ruby,SQL,
,C++,C#,,JavaScript,,,,,PHP,,,,
,,C#,,JavaScript,jQuery,,,,,,,SQL,
,,,,,,,,,,,,,
,,,,JavaScript,jQuery,,,,,Python,,,
,,,Java,,,,,,,,,SQL,
C,C++,C#,Java,JavaScript,jQuery,JQuery,,,,Python,,,
,,,,,,,,,,,,,
C,C++,,,,,,,Objective-C,PHP,,,,
C,,,,,,,,,,Python,,,
,,,Java,JavaScript,jQuery,JQuery,,,PHP,,,,"HTML5, CSS"
,,,,,,JQuery,,,,,,,
,C++,,,,,,,,,,,,Mathematica
,,,,,,,,,,,,,
C,,,Java,,,,,,,,,,
,,,,,,,,,,,,,
C,,,,,,,,Objective-C,,,,,x86 assembly
,,,Java,JavaScript,jQuery,,,,PHP,,,SQL,
,,,Java,,,,,Objective-C,,Python,,,
C,C++,,,,,,,Objective-C,,Python,Ruby,,
C,C++,,Java,,,,,,,Python,,,
,,,Java,,,,,,,,,,
C,C++,,,JavaScript,jQuery,,Node.js,Objective-C,,Python,,,
,,,,JavaScript,jQuery,,,,,Python,,,
,C++,,Java,,,,,,,,,,
,,,Java,JavaScript,,,,,,,,SQL,
C,,C#,Java,JavaScript,jQuery,,,,PHP,,,SQL,
,,,Java,,,JQuery,,Objective-C,,,Ruby,,
,C++,,Java,JavaScript,jQuery,,,,,Python,,SQL,
C,,,,JavaScript,jQuery,,,,,Python,Ruby,,
,,C#,,JavaScript,jQuery,JQuery,,,,,,,KnockoutJS
C,C++,,Java,,,,,,,,,SQL,
,,C#,,JavaScript,jQuery,JQuery,Node.js,,,,,,
C,,,,JavaScript,,,,,,,,,Delphi
,,,,,,,,,,,,,
,,,,,jQuery,,,,PHP,Python,,SQL,
,,,,,,,,,,,,,
,,,,,,,,,,,,,
,,,,JavaScript,,,,,,,,,vb.net
,,,,,,,,,,,Ruby,,
,,,,,,,,,,,,,
,,,,JavaScript,,,Node.js,,,,,,
,,,,JavaScript,,JQuery,,,,,,SQL,VB.NET
,,,Java,,,,,,,,,,powershell
,,,Java,JavaScript,jQuery,JQuery,,,,,,,actionscript
,,,,JavaScript,jQuery,,,,PHP,Python,,SQL,
,,C#,,,,,,,,,,,VB6
,,,,,,,,Objective-C,,,,,
C,C++,,,JavaScript,,,,,,,,SQL,perl
C,,,Java,,,,,,,,,,
,,C#,,,jQuery,,,,,Python,,,
,,,,JavaScript,jQuery,JQuery,,,PHP,,,SQL,
C,C++,,,JavaScript,jQuery,,,,,Python,,,
,,,Java,,,,,Objective-C,,,,,
,,,,JavaScript,jQuery,,,,PHP,,,SQL,
,,,,,,,,,,,,,
,,,,,,,,,,,,,
,,,,,,,,,PHP,,,SQL,
,C++,,,,,,,,,,,,
,,,,JavaScript,,,,,,,,SQL,VB.NET
,,,,JavaScript,jQuery,JQuery,,,,,,,
,,C#,,,,,,,,,,SQL,scala
,,,Java,JavaScript,jQuery,,,,,,,SQL,
,,C#,,JavaScript,jQuery,JQuery,,,,,,SQL,
,,,,JavaScript,jQuery,,Node.js,Objective-C,PHP,,Ruby,,
,,C#,,JavaScript,jQuery,JQuery,,,,,,SQL,"VB.Net, VBA, VBScript"
,,C#,Java,JavaScript,jQuery,JQuery,,,,,,,
C,C++,C#,Java,JavaScript,,,,,,,,SQL,
,,C#,,JavaScript,jQuery,,,,,,,SQL,
,,,,,,,,,,,,,
,,C#,,,,,,,,,,SQL,
,,C#,,,,,,,,,,SQL,VB.net
,,C#,,,,,,,,,,SQL,
,,,Java,JavaScript,jQuery,,,,,,,SQL,
,,C#,,JavaScript,,,,,,,,SQL,
,,,,JavaScript,jQuery,,,,PHP,,,SQL,R
,,,,JavaScript,jQuery,,,,PHP,,,SQL,
,,,Java,JavaScript,jQuery,,,Objective-C,PHP,,,SQL,
,,,,,,,,,,,,,
,,,,JavaScript,jQuery,,,,,,Ruby,SQL,
,,,,,,,,,,,,,
,,C#,,JavaScript,jQuery,JQuery,,,,,,SQL,
,,,,,,,,,,,,SQL,R
,,C#,,,,,,,,,,SQL,
,C++,,Java,,,,,,,,,,
,,C#,,JavaScript,,,,,,Python,,SQL,
C,,,,JavaScript,jQuery,,,Objective-C,,,Ruby,,
,,C#,,JavaScript,jQuery,,,,,,,SQL,
,,,,,,,,,,,,,
,,C#,,JavaScript,jQuery,JQuery,,,,,,SQL,
,,C#,,JavaScript,jQuery,,,,,,,,ASP
,,,,,,,,,,,,,
C,,,,,,,,,,,Ruby,,
,,,,JavaScript,jQuery,,,,,,,,
,,,Java,,,,,,,,,,
,,C#,Java,JavaScript,,,,,,,,SQL,
,,C#,,,,,,,,,,SQL,
,,,,JavaScript,jQuery,JQuery,,,,,,,AS3
,,,,,,,,,,,,,
,,C#,,JavaScript,jQuery,,,,,,,SQL,
C,C++,C#,Java,JavaScript,jQuery,,,,,,,,
,,C#,,,,,,,,,,SQL,
C,C++,,,,,,,,,Python,,,
,,,,,,,,,,,,,
,,,Java,JavaScript,,JQuery,,,PHP,,,SQL,
C,C++,,Java,,jQuery,,,,,Python,,SQL,
,,,Java,,,,,,PHP,Python,,,
,,,,,,,,,,,,,
,,,Java,JavaScript,,,,,,Python,,SQL,
,,C#,,,,,,,,,,SQL,
,,,Java,JavaScript,jQuery,JQuery,,,PHP,,,SQL,
,,C#,,JavaScript,jQuery,,Node.js,,,,,,
,,C#,,JavaScript,jQuery,JQuery,,,,,,,WPF
,,,Java,,,,,,,,,,XML
,,,,,,,,,,,,,
C,,,,JavaScript,jQuery,JQuery,,,PHP,,Ruby,SQL,
,C++,,Java,JavaScript,jQuery,,,Objective-C,PHP,Python,,SQL,
,,,,,,,,,,,,,
,,,,JavaScript,,,,,,Python,Ruby,SQL,
C,C++,,Java,,,,,,,,,,
,,,,,,,,,,,,,
,,,,JavaScript,jQuery,,,,,Python,,SQL,
C,C++,,,,,,,,,,,,
,,,,,,,,,,,,,
C,C++,,,,,,,,,,,,
,,,,,,,,,,,,,
,,,Java,,,,,,,Python,,SQL,
,,,Java,JavaScript,jQuery,,,,,,,SQL,
,,,Java,JavaScript,jQuery,,,,PHP,,,SQL,
,,,,,,,,,,Python,,,
,,,Java,JavaScript,jQuery,,Node.js,,PHP,Python,,SQL,
,,C#,,,,,,,,Python,,,
,,,Java,JavaScript,jQuery,,Node.js,,PHP,,,SQL,
C,C++,,,JavaScript,jQuery,JQuery,Node.js,,,Python,,,CoffeeScript
,,C#,,,,,,,,,,,
,,,,,,,,,,,,SQL,PowerShell
,,,,JavaScript,,JQuery,,,PHP,,,SQL,
,,C#,,JavaScript,jQuery,,,,,,,SQL,"HTML, CSS, SSRS, VB.NET"
C,C++,,,,,,,,,Python,,,
,,,Java,,,,,,,,,SQL,Prolog and Scala
,,C#,,JavaScript,jQuery,,,,,,,,
,,,,,,,,,,,,,
,,,,,,,,,,,,,
,,,,JavaScript,jQuery,JQuery,,,PHP,,,SQL,
,C++,,,,,,,,,Python,,,
,,,Java,,,,,,,,,SQL,Jython
,,,Java,JavaScript,jQuery,,Node.js,,,,,SQL,
,,,Java,JavaScript,jQuery,JQuery,,,,,Ruby,SQL,
,,C#,,JavaScript,,,,,,,,SQL,
C,C++,,Java,JavaScript,,,,Objective-C,,,,SQL,
,,,Java,,jQuery,,,,,,,,
,,,,,,,,,,,,SQL,"DAX, MDX, XML"
,,,,,,,,,,,,,
,,,Java,,,,,,,,,SQL,Perl
,,C#,,JavaScript,jQuery,,,,PHP,,,SQL,
C,C++,,Java,,,,,Objective-C,,Python,,SQL,
,,,,,,,,,,,,,
C,C++,,,,,,,,,,,,
,C++,C#,Java,JavaScript,jQuery,JQuery,,,PHP,,,SQL,
,,C#,,JavaScript,jQuery,,,,,,,SQL,
,,C#,,JavaScript,,,,,,,,SQL,VB6
,,C#,,JavaScript,,,,,,,,SQL,
,,C#,,JavaScript,jQuery,,,,,,Ruby,SQL,CoffeeScript
,,C#,Java,JavaScript,jQuery,,,,,,,SQL,Perl
,,,Java,,,,,,,,,SQL,
,C++,C#,,JavaScript,jQuery,,,,,Python,,SQL,Monitorscript
,,,Java,JavaScript,jQuery,JQuery,,,,,,,
C,,C#,,,jQuery,,,,,,,SQL,
,C++,,,JavaScript,,,,,,,,,
,,,,JavaScript,jQuery,JQuery,,,PHP,,,,
,,C#,Java,JavaScript,jQuery,,,,,,,SQL,"MySQL, WinForms, Windows Services, WPF"
,,,,,,,,,,,,,
,,,,,,,,,,,,,
C,C++,,,,,,,,,,,,"Perl, MATLAB"
,,,,JavaScript,,,,,PHP,,,SQL,PrototypeJS
,,,Java,JavaScript,jQuery,JQuery,,,,,,,
,,C#,,JavaScript,jQuery,,,,,,,SQL,
C,C++,,,,,,,,,Python,,,
,C++,,,,,,,,,Python,,,"fortran, CUDA"
C,C++,,Java,JavaScript,jQuery,JQuery,,Objective-C,,Python,,SQL,jquery
C,C++,C#,,,,,,,,,,,
,,C#,,JavaScript,jQuery,JQuery,,,,,,SQL,
,,C#,,JavaScript,jQuery,,,,,,,SQL,
,,,,,,,,,,,,,
,,,Java,JavaScript,jQuery,,,,PHP,,,SQL,
,,,,JavaScript,jQuery,,,,PHP,,,SQL,
,,C#,,,jQuery,,,,,,,SQL,
,,C#,Java,JavaScript,jQuery,,,,,Python,,SQL,
C,,,Java,JavaScript,jQuery,,,,PHP,,,SQL,Perl
,,C#,,JavaScript,jQuery,,,,,,,SQL,
,,,,JavaScript,,,,,,Python,,,
,,,,JavaScript,jQuery,,,,PHP,,,,
,,C#,Java,JavaScript,jQuery,,Node.js,,,,,SQL,
,,,,JavaScript,jQuery,,,,PHP,,,SQL,Perl
,,,,,jQuery,JQuery,,,PHP,,,SQL,
,,C#,,JavaScript,jQuery,JQuery,,,,,,SQL,
C,C++,C#,,,,,,,,,,,CUDA
,,,,,,,,,,,,,
,C++,C#,,JavaScript,jQuery,,,,,,,SQL,
,,,,,,,,,,,,,
,C++,,Java,,,,,,,Python,,SQL,
,,,Java,,,,,,,,,SQL,
,,C#,,JavaScript,jQuery,,,,PHP,,,SQL,Delphi
,,C#,,JavaScript,jQuery,JQuery,,,,,,SQL,
,,C#,,JavaScript,jQuery,JQuery,,,,,,,
,,,Java,JavaScript,jQuery,,,Objective-C,PHP,Python,Ruby,SQL,
,C++,C#,,,,,,,,,,,C++/CLI
,,,,JavaScript,jQuery,,,,PHP,Python,,,
C,C++,,Java,,,,,,PHP,,,SQL,
,,C#,,JavaScript,jQuery,,,,,Python,,SQL,
,,C#,,JavaScript,jQuery,,,,,,,SQL,
,,C#,,,,,,,,,,SQL,
,,,,JavaScript,jQuery,,,,,,,SQL,"Coldfusion, html, css"
,,,Java,JavaScript,jQuery,JQuery,,,PHP,,Ruby,SQL,
,,C#,,JavaScript,jQuery,,,,PHP,,,SQL,
,,C#,,JavaScript,jQuery,JQuery,,,,,,,crm
,C++,,,JavaScript,jQuery,,Node.js,,,,,,
C,,,,JavaScript,,,,,,Python,,,
,,,,JavaScript,,JQuery,,,PHP,,,,Magento
,,C#,,JavaScript,jQuery,,,Objective-C,,,,SQL,
,,,,,,,,,,,,,
,,C#,Java,,,,,,,,,SQL,
,,,,,,,,,,,,,
,,,Java,,,,,,,,,,
,,,,JavaScript,jQuery,,,,PHP,,,SQL,
,,C#,,,,,,,,,,,VB.NET
,,C#,,JavaScript,jQuery,,,,PHP,,,SQL,
,,C#,,JavaScript,jQuery,,,,PHP,Python,,SQL,
,,,,,,,,,,,,,
,,,,,,,,,,,,,
,,,,,,,,,,,,,
,,,,,,,,,,Python,,SQL,
,,,Java,JavaScript,,,,,,,,SQL,
,,C#,,JavaScript,jQuery,,,,,Python,Ruby,SQL,
,,C#,,JavaScript,jQuery,,,,,,,SQL,
C,,,,,,,,Objective-C,PHP,,,SQL,
C,C++,,Java,JavaScript,,,,Objective-C,,Python,Ruby,SQL,
,,,Java,,,,,,,,,,
,,,,JavaScript,,,,,PHP,,,,
,,C#,,,,,,,,,,SQL,CB.Net
,,C#,Java,JavaScript,jQuery,,,Objective-C,PHP,Python,,SQL,
,,,,,jQuery,,,,PHP,,Ruby,,
,,,,,,,,,,,,,
,,C#,,,jQuery,,,,,,Ruby,SQL,
,,C#,,,,,,,,,,,
,,,,,,,,,,,,,
,,,,,,,,,,,,,
,,C#,,JavaScript,jQuery,,,,,,,SQL,
,,,Java,,jQuery,JQuery,,,,,,,
,,,Java,JavaScript,jQuery,,Node.js,Objective-C,PHP,,,,
,,,Java,,jQuery,,,,,,,,delphi
,,C#,,JavaScript,jQuery,JQuery,,,,,,SQL,VB.net
,,C#,,JavaScript,jQuery,JQuery,,,,,,SQL,
C,C++,,,JavaScript,,,Node.js,,,,,,"bash, awk"
,,,,JavaScript,jQuery,,,,PHP,,,SQL,
,,C#,,JavaScript,jQuery,JQuery,,,,,,SQL,
,,C#,,,,,,,,Python,,SQL,Delphi
,,C#,,JavaScript,,,,,PHP,,,SQL,
,,C#,Java,JavaScript,jQuery,,Node.js,,,,,,mongodb
,C++,C#,Java,,,,,,,,,,
,,C#,,JavaScript,jQuery,,,,,,,SQL,
,,,Java,JavaScript,jQuery,,,,PHP,,,SQL,
,,,,,,,,,,,,,
,,,,,jQuery,,,,PHP,,,SQL,Delphi
,,C#,,JavaScript,jQuery,,,,,,Ruby,,
,,,,JavaScript,jQuery,,,,PHP,,,SQL,
,,C#,,JavaScript,jQuery,,,,,,,SQL,
C,C++,C#,Java,JavaScript,jQuery,JQuery,Node.js,Objective-C,PHP,Python,,SQL,
,,,,JavaScript,jQuery,,,,PHP,Python,,,"XML, XSL"
,,C#,Java,JavaScript,jQuery,,,,PHP,Python,,,
,,C#,,JavaScript,jQuery,JQuery,,,,,,SQL,
,C++,,Java,,,,,,,,,,haskell prolog
,,,Java,,,,,,,,,SQL,matlab
,,C#,,,,,,,,,,,JADE
,C++,C#,,JavaScript,,,,,,,,SQL,
,,C#,,JavaScript,jQuery,JQuery,,,,,,SQL,
,,,,,,,,,,,,,
,C++,,Java,JavaScript,,,,Objective-C,PHP,Python,,,
,C++,,,JavaScript,,,Node.js,,,Python,,SQL,
C,C++,C#,Java,,,,,Objective-C,,,,,
,,,Java,,,,,Objective-C,,,,SQL,
,,C#,,JavaScript,jQuery,JQuery,,Objective-C,,,,SQL,
C,C++,,,JavaScript,,,,,PHP,,,SQL,Perl
,,,,JavaScript,jQuery,JQuery,,,PHP,,,SQL,
,,C#,,JavaScript,jQuery,,,,,,,SQL,
,,,Java,,,,,,,Python,,SQL,
,,,,JavaScript,jQuery,,,,,,,SQL,"VB.NET, ExtJs"
,,,,,jQuery,JQuery,,,,Python,,,
,,C#,,,,,,,,,,SQL,
,,,,,,,,,,,,,
,C++,,,JavaScript,jQuery,,,,PHP,,,SQL,
,,C#,,JavaScript,,,,,,Python,,,
,,C#,,JavaScript,jQuery,JQuery,,,,,,SQL,
,,C#,,JavaScript,jQuery,,,,,,,SQL,Silverlight
,,C#,,JavaScript,jQuery,,,,,,,,
,,,,,,,,,,,,SQL,VB .NET
,C++,,Java,JavaScript,,,,,,,,SQL,
,,,Java,JavaScript,,,,,,,,,"Prototype, Scriptaculous"
,,C#,,JavaScript,jQuery,,,,,Python,,SQL,
,,,Java,JavaScript,jQuery,,Node.js,,PHP,,,SQL,
,,,Java,,,,,,,,,,Perl
,,,Java,,,,,,,,,,Actionscript
,,C#,Java,JavaScript,,,,,,,,SQL,
,,,Java,JavaScript,jQuery,,,,,,,,
,,,Java,JavaScript,jQuery,,,,,,,SQL,
,,,,,jQuery,,,,,,,,
,,,,,,,Node.js,,,Python,,,
,,,Java,,,,,,,,,,
,,,,,,,,,PHP,Python,,SQL,
,,C#,Java,JavaScript,jQuery,,,Objective-C,PHP,,,SQL,
,,,,,,,,,,,,SQL,
,,C#,,,jQuery,,,,,,,SQL,
,,C#,,JavaScript,,,,,,,,SQL,"powershell, vbscript"
,,,,JavaScript,jQuery,,,,PHP,,,SQL,
,,,,JavaScript,jQuery,JQuery,Node.js,,PHP,,Ruby,SQL,
C,C++,C#,Java,JavaScript,jQuery,,,,PHP,,,SQL,
,,,,,,,,,,,,,
,C++,,Java,,,,,,,,,,
,,,,,,,,,,,,,
,,,Java,JavaScript,jQuery,,,,,,Ruby,,
,,,Java,JavaScript,,,,,,,,SQL,Groovy
,,C#,,JavaScript,jQuery,,,,PHP,,,SQL,Delphi Pascal
C,,,Java,JavaScript,jQuery,,Node.js,,,,,,
,,C#,,,,,,,,,,SQL,VB6 baby!
,,,,JavaScript,jQuery,JQuery,,,,Python,,,
,,C#,,JavaScript,,,,,,,,,Delphi
,,C#,Java,,,,,,,,,,
,,,,,,,,,,,,,
,,,,,,,,,,,,,
,,C#,,JavaScript,jQuery,,,,,Python,,SQL,
,,,,,,,,,,,,SQL,"python, perl, bash"
,,C#,,JavaScript,jQuery,,,,,,,,
,,C#,,JavaScript,jQuery,,,,,,,SQL,Visual Basic
,C++,C#,,,,,,,,,,,
,,C#,,,jQuery,JQuery,,,PHP,,,SQL,
,,,,JavaScript,jQuery,JQuery,Node.js,,PHP,,,,"Lucene, Elasticsearch"
,,C#,,JavaScript,jQuery,,,,,,,SQL,
,C++,,,,,,,Objective-C,,Python,,,
,,,Java,JavaScript,jQuery,JQuery,Node.js,,,,,SQL,
,,C#,,,,,,,,,,SQL,VB
,,C#,Java,JavaScript,jQuery,,,,,,,,
,,,Java,,,,,,,Python,,,Pig on Hadoop
,,C#,,JavaScript,jQuery,,,,,,,SQL,Perl
,,,,JavaScript,jQuery,,,,PHP,,,,"CFML, Railo"
,C++,C#,,,,,,,,,,,
,C++,C#,Java,JavaScript,jQuery,,,,,,,SQL,
,,C#,,JavaScript,jQuery,JQuery,,,,,,SQL,
,,C#,Java,JavaScript,jQuery,JQuery,,,PHP,,,,
,,,,,,,,,,,,,
,,C#,,JavaScript,,JQuery,,,,,,,
,,C#,,JavaScript,jQuery,JQuery,,,,,,SQL,
,C++,C#,,JavaScript,jQuery,JQuery,,,,Python,,SQL,
,,,Java,JavaScript,jQuery,,,,,Python,,,
,,,,,,,,,,,,,
,C++,C#,,,jQuery,,,,,Python,,SQL,
C,,,Java,,,,,Objective-C,,,,,
,,,,,,,,,,,,SQL,vba
,,C#,,JavaScript,jQuery,JQuery,,,PHP,,,SQL,
,,,,,,,,,,,,,
C,,C#,,,,,,,,,,SQL,
,,,,,,,,,,,,,
,,C#,,JavaScript,jQuery,JQuery,Node.js,,,,,SQL,
,C++,C#,Java,,,,,,,,,,
,,,,,,,,,,,,,
,,C#,,,,,,,,,,SQL,
,,C#,,,,,,,,,,SQL,
,,C#,,,jQuery,JQuery,Node.js,,,,,SQL,
,,,,,,,,,,,,,
,,,,JavaScript,jQuery,,,,PHP,,,SQL,
,,,,,,,,,,,,,
,,,,,,,,,,Python,,,html
,,C#,,JavaScript,,,,,,,,,
,,,,,,,,,,,,SQL,PL/SQL
,,C#,,,,,,,,,,SQL,
,,C#,,JavaScript,jQuery,,,,PHP,,,SQL,
,,,,,,,,,,,,SQL,Powershell
C,C++,C#,Java,,,,,,,,Ruby,,
,,C#,Java,JavaScript,jQuery,JQuery,,,,,,SQL,
,C++,,,,,,,,PHP,Python,,,"R, Bash"
,,,,,,,,,,Python,,SQL,
,,C#,,,jQuery,,,,,,,,
,,C#,,JavaScript,jQuery,JQuery,,,PHP,,,SQL,
,C++,C#,,,,,,,,,,,
C,,,,,,,,,,,,,matlab
C,C++,,,,,,,,,Python,,,
,,,,JavaScript,jQuery,JQuery,,,PHP,,,SQL,
C,C++,,,,,,,,,Python,,,
,,,,,,,,,,,,,
,,C#,,JavaScript,jQuery,,,,PHP,,,SQL,
,,,Java,JavaScript,,,,,,,,,Perl
C,,,Java,,,,,,,Python,,SQL,
,,C#,,JavaScript,jQuery,JQuery,,,PHP,,,SQL,
,,C#,,JavaScript,jQuery,JQuery,,,,,,SQL,
,,,Java,JavaScript,jQuery,,,,,,,SQL,
,,,,,,,,,,,,,
,,,,,,,,,,,,,
,,,,JavaScript,jQuery,,,,PHP,Python,Ruby,,
,,,,,,,,,,,,,
C,C++,,,JavaScript,,,,,,,Ruby,SQL,
,,,,JavaScript,jQuery,JQuery,Node.js,,PHP,,Ruby,SQL,
,,,,JavaScript,jQuery,,,,PHP,Python,,SQL,
,,,,JavaScript,,JQuery,,,,,Ruby,SQL,
,,C#,,JavaScript,jQuery,JQuery,Node.js,,,,,SQL,jQuery again
,,C#,,JavaScript,jQuery,,,,,,,SQL,
,,C#,,JavaScript,jQuery,,,,,,,SQL,
,,,,,,,,,,,,,
,C++,,,,,,,,,Python,,,
,,,Java,,,,,,,,,SQL,
,,,,JavaScript,jQuery,,,,PHP,,,SQL,
C,C++,,,,,,,,,,,,
,,C#,,JavaScript,jQuery,JQuery,,,,,,SQL,
,,C#,Java,JavaScript,jQuery,JQuery,,,PHP,,,SQL,ColdFusion
,,,,,,,,,,Python,,SQL,"R, RapidMiner 5.2"
,,C#,Java,JavaScript,,,,,,,,,
C,C++,,,,,,,,,,,SQL,"perl, shell"
C,,,,JavaScript,jQuery,,Node.js,,,Python,,,
,,,,JavaScript,jQuery,JQuery,,,PHP,,Ruby,SQL,Symfony 2
,,C#,Java,JavaScript,jQuery,,,,,,,SQL,
,,,Java,,,,,,,,Ruby,,
,,,,,,,,,,,,,
,,C#,,JavaScript,jQuery,,,,PHP,Python,,,F#
C,,,Java,,,,,,,,,,Smalltalk
,C++,,Java,,,,,,,Python,Ruby,,
,,,,,,,,,,,,,
,C++,,,,,,,,,,,SQL,
,,C#,,JavaScript,,,,,,,,SQL,VB.NET
,,,,,,,,Objective-C,,,,,Igor Pro
C,,,Java,,,,,,,Python,,,
,,,,JavaScript,jQuery,,,,PHP,,,,html 5
,,,,,,,,,,,,,
,,,Java,JavaScript,jQuery,JQuery,,,PHP,,,SQL,
,,,,,,,,,,Python,,SQL,"Perl, Databasic, OBEL, Visual Basic"
,,C#,,JavaScript,jQuery,,,,,,,,
,,,,,,,,,,,,,
,C++,C#,,JavaScript,jQuery,JQuery,Node.js,Objective-C,,,,SQL,
C,,,,,,,,,,Python,,SQL,"Perl, shell scripts, PL/SQL, Lua, etc."
C,C++,,,,,,,,,Python,,,matlab
,C++,C#,,JavaScript,jQuery,,,,,Python,,SQL,
,,,,,,,,,,,,,
,,,,JavaScript,jQuery,JQuery,,,,Python,,SQL,jQuery
C,,,,JavaScript,jQuery,,,,,,,,
C,,,,JavaScript,,,,Objective-C,,,,,
,,,,,,,,,,,,,
,C++,,Java,JavaScript,jQuery,,,,,,,SQL,
,,,,,,,,,,,,,
,,C#,,JavaScript,jQuery,,,,,,,SQL,
,,,,,,,,,,,,,
,,C#,,,,,,,,,,SQL,
,,,,,,,,,,,,,
,C++,,Java,,,,,Objective-C,,,,SQL,Actionscript
,,,,,jQuery,,,,PHP,,,SQL,
,,C#,Java,JavaScript,,,,,,,,SQL,
,C++,,Java,,,,,,,,,,
,C++,,Java,,,,,,,Python,,,Matlab
,,,,,,,,,,,,,R
C,C++,C#,Java,JavaScript,,JQuery,,,PHP,,,SQL,
,,C#,,,,,,,,,,SQL,
,,,,JavaScript,jQuery,JQuery,,,,Python,,,
C,C++,,,,,,,,,,,,Haskell
,C++,,,,,,,,,Python,,,
,,C#,,JavaScript,jQuery,JQuery,,,,,,SQL,
C,,,,,,,,,,,,,matlab
,,,Java,JavaScript,jQuery,,,,,,,,
,,C#,Java,,,,,,,,,SQL,
,,C#,Java,JavaScript,jQuery,,Node.js,,,,,,
,,,,,,,,,,Python,,,
,,,,JavaScript,jQuery,JQuery,,,PHP,,,SQL,
,,C#,,JavaScript,,,,,,,,SQL,
,,,,JavaScript,jQuery,,Node.js,,,,Ruby,,
,C++,,Java,,,,,,,,,,
,C++,,,,,,,,,Python,,,
,,,Java,JavaScript,jQuery,,,,PHP,Python,,SQL,
,,,,,,,,,,,,SQL,"Delphi, REL, make"
,,C#,Java,JavaScript,,,,,,,,,
,C++,C#,Java,,jQuery,,,,PHP,,,SQL,
,,C#,,JavaScript,,,,,,Python,,SQL,
,,,,,jQuery,,,,PHP,,,,
,C++,C#,Java,JavaScript,jQuery,JQuery,,,,,,SQL,Vb
,,,,,,,,,,,,,
,C++,,,,,,,,,,,,
,,C#,,JavaScript,jQuery,JQuery,,,,,,SQL,DB2
,,,,,,,,,,,,,
C,,,,JavaScript,,,,Objective-C,,,,,
C,C++,,Java,,,,,Objective-C,,,,SQL,
,,,Java,,,,,,,Python,,,R
,C++,C#,Java,JavaScript,,,,,,,,SQL,
,,,,,jQuery,JQuery,,,PHP,,,SQL,mongodb
,,,,JavaScript,jQuery,,,,PHP,,,SQL,
,,,Java,JavaScript,jQuery,,,,,Python,,SQL,
,,,Java,,,,,,,,,SQL,
,,,,JavaScript,jQuery,,Node.js,,,,,,
,,,,JavaScript,jQuery,,,Objective-C,,Python,,,
C,,,,JavaScript,,,,,PHP,Python,,SQL,Perl
,,,Java,JavaScript,,,Node.js,Objective-C,PHP,Python,,SQL,
,,C#,,JavaScript,jQuery,,,,PHP,,,SQL,
,,,,JavaScript,jQuery,,Node.js,,,,,,
,,,,,,,,,,,,,
,,C#,,JavaScript,jQuery,,,,PHP,,,SQL,
,,,,JavaScript,jQuery,,,,,Python,,SQL,Perl
,,C#,,JavaScript,jQuery,,,,,,,SQL,
,C++,,Java,,,,,,,,,,
,C++,,,,,,,,,,,SQL,COBOL
,,,,,,,,,,,,,
,,,,,,,,,,,,,Common Lisp
,,C#,,JavaScript,jQuery,JQuery,Node.js,,,,,,
,,C#,Java,JavaScript,jQuery,,,,,,,SQL,
,,C#,,JavaScript,jQuery,,,,,,,SQL,asp.net
,,,Java,JavaScript,jQuery,,,,,,,SQL,
,,C#,,JavaScript,,,,,,,,SQL,
,,C#,,JavaScript,jQuery,,,,,,,SQL,
,,,,JavaScript,jQuery,JQuery,,,PHP,,,SQL,
,,C#,,JavaScript,,,,,,,,SQL,VB.Net
,,,,,,,,,,,,,
C,,,Java,,,,,,,,,,Clojure
,,,,,,,,,,,,,
,,C#,,,,,,,,Python,,SQL,
,,,,,,,,,,,,,
,,,Java,JavaScript,,JQuery,,,,Python,,SQL,Groovy
C,,C#,,JavaScript,jQuery,,Node.js,,PHP,Python,Ruby,SQL,
,,C#,,JavaScript,jQuery,,,,,,,SQL,
,,C#,,JavaScript,jQuery,,,,,,,SQL,
,,,,,,,,,,,,,
,,C#,,JavaScript,jQuery,,Node.js,,PHP,,,SQL,Perl
,,C#,,JavaScript,jQuery,,,,,,,SQL,
,,,,JavaScript,jQuery,JQuery,,,PHP,Python,,,
,,,Java,JavaScript,jQuery,,,,,Python,,,
,,,,,,,,,,,,,
,,C#,,JavaScript,jQuery,JQuery,,,PHP,,,SQL,
,,,,JavaScript,jQuery,,,,,,,,ColdFusion
,,C#,,,jQuery,,,,,,,SQL,
,C++,,,,,,,,,,,,
,,,,,,,,,,,,SQL,R
,,,,,,,,,,,,,
,,C#,,JavaScript,jQuery,JQuery,,,,,,SQL,
C,C++,,,JavaScript,,,,,PHP,,,SQL,
C,,C#,,JavaScript,jQuery,,,Objective-C,,,,SQL,
,,,,JavaScript,jQuery,,,,PHP,,Ruby,SQL,
,,,Java,JavaScript,jQuery,,Node.js,,PHP,Python,,,
,,,,JavaScript,jQuery,,,,,,Ruby,,R
,,C#,,JavaScript,jQuery,,,,,Python,,SQL,
,,,Java,JavaScript,jQuery,JQuery,,,,,Ruby,,
,,C#,,JavaScript,jQuery,JQuery,,,,,,SQL,
,,C#,,JavaScript,jQuery,,,,,,,,
,C++,,,JavaScript,jQuery,,,,,,,SQL,
,,,Java,,,,,,,Python,,,
,,,,,,,,,,,,,
,C++,C#,,JavaScript,jQuery,,,,,,,,
,,C#,,,,,,Objective-C,,,,,
,,C#,,,,,,,,,,SQL,
,,C#,Java,,,,,,,,,,
,,,Java,JavaScript,,,,,,Python,,SQL,
,,C#,,JavaScript,jQuery,,,,,,,SQL,
,,,,,,,,,,,,,
,,C#,,JavaScript,jQuery,JQuery,,,,,,SQL,perl
C,C++,,,,,,,,,Python,,,Perl
,,,,,,,,,,,,,
,C++,,,JavaScript,jQuery,,,,,Python,,SQL,
,,,,,,,,,,,,,
,C++,,,JavaScript,jQuery,JQuery,,,PHP,,,,
,,,,JavaScript,jQuery,JQuery,Node.js,,,,,,
,,,,JavaScript,,,,Objective-C,PHP,Python,,,
,,,,,,,,,,,,,
,C++,,,,,,,,,Python,,,
,,C#,,JavaScript,jQuery,,,,,,,,VB.NET
,,,,,,,,,,,,,
,,,,,,,,,,,,,
C,C++,,Java,,,,,,PHP,,,,"Perl, Haskell"
C,C++,C#,,JavaScript,jQuery,,,,,Python,,,
,,C#,,,,,,,,,,,
,,C#,,JavaScript,jQuery,JQuery,,Objective-C,,,,SQL,
,,,,,,,,,,,,,
,,,,,,,,,,Python,,,
C,C++,,Java,JavaScript,jQuery,,,,,Python,,,
,C++,,,,,,,,,,,,R
,,,,JavaScript,jQuery,,,,PHP,,,SQL,
,C++,C#,,JavaScript,,,,,,,,SQL,
C,C++,,Java,,,,,,,,,,
,,,Java,,,,,,,,,SQL,
,,,Java,JavaScript,jQuery,,,,,,,,
,,C#,,JavaScript,jQuery,JQuery,,,,,,SQL,
,,,,,,,,,,Python,,,Delphi
C,,,Java,JavaScript,,,Node.js,,,Python,,SQL,
,,,,JavaScript,jQuery,JQuery,,,PHP,,,,
,,,Java,,,,,Objective-C,PHP,Python,Ruby,SQL,
,,C#,,,,,,,,,,SQL,
,,,,,,,,,,,,,
,C++,C#,,,,,,,,,,,
,,,,,,,,,,,,,
,,,Java,JavaScript,,,Node.js,,,Python,Ruby,SQL,
,,,,,,,,,,,,,
,,C#,,JavaScript,jQuery,JQuery,,Objective-C,PHP,,,SQL,
,,C#,,,jQuery,,,,,,,SQL,
,,,Java,,,,,,,,,,
,,,,,jQuery,,,,PHP,,,SQL,
,C++,C#,Java,,,,,,,,,SQL,
,,,,,,,,,,,,,
,C++,,Java,,,,,,,,,,SCADA
,,,Java,JavaScript,,,,,,,,,
,,C#,Java,JavaScript,jQuery,,,,,,,,
,,C#,,,,,,,,,,SQL,
,,,,,,,,,,,,,
C,C++,C#,,,,JQuery,,Objective-C,,,,SQL,F#
,,,Java,,,JQuery,,,,,,SQL,Groovy
,,,,,,,,,,,,,
,,,,,,JQuery,,,,,,,JavaScript
,,,,,,,,,,,,,
,,C#,,,,JQuery,,,,,,SQL,
,,,,,,,,,,,,,You mom
,,,Java,,,,,,,,,,
,,,,,,,,,,,,,
,,,,,,,,,,,,,
,,,Java,,,,,,,,,SQL,
C,,,,,,,,Objective-C,,,,,ActionScript
C,,,Java,,,,,,,,,SQL,
,,C#,,,,JQuery,,,,,,SQL,vb.net
,,C#,Java,,,JQuery,,Objective-C,,Python,,SQL,
,C++,,Java,,,,,,PHP,Python,,,Ada
,C++,C#,,,,,,,PHP,,,SQL,"Javascript, CSS, HTML, QML, BASIC"
,C++,,,,,JQuery,Node.js,,,,,,JavaScript
,,,,,,,Node.js,,,,,,Javascript
,,,,,,JQuery,,,PHP,,,SQL,"JavaScript, HTML, CSS, JavaScript, VB.NET, ASP.NET, C#.NET"
,,,,,,JQuery,Node.js,,PHP,,,SQL,Javascript
,,,,,,,,,,,,,
,C++,,Java,,,JQuery,,,PHP,Python,,,
,,C#,,,,JQuery,,,,,,SQL,RavenDb
,,,,,,,,,,,,SQL,
,C++,,,,,JQuery,,,PHP,,,,javascript
,,C#,Java,,,JQuery,Node.js,,,,,SQL,
,,C#,,,,JQuery,,,,,,SQL,
C,C++,,,,,,,,,Python,,,MATLAB
,,C#,,,,,,,,,,,
,C++,,Java,JavaScript,jQuery,,Node.js,,PHP,,,,
,,C#,,JavaScript,jQuery,,,,,,,SQL,
,,C#,,,,JQuery,,,,,,SQL,
