,,,Java,JavaScript,,,PHP,Python,,,
,,,,,,,PHP,,,,
,,C#,,JavaScript,,,,,,SQL,
,C++,,,,,,,,,,
,,,Java,JavaScript,,,,,,SQL,
,,,,,,,,,,,
,,,,,,,,,,SQL,oracle plsql
,,,Java,JavaScript,,,,,,SQL,
,,C#,,,,,,,,,
,,C#,,JavaScript,,,,,,SQL,
,,C#,,JavaScript,,,,,,SQL,
,,,,,,,,,,,
,,C#,,JavaScript,,,,,,SQL,
,,,,,,,,,,,
C,C++,C#,Java,JavaScript,,,,,,,C
,,,,,,,,,,,
,,,,,,,,,,,
,,,,,,,,,,,
,,,,,,,,,,,
,,,,,,,,Python,,,
,,,Java,JavaScript,,,,,,,
,C++,C#,,,,,,Python,,,
,,C#,,JavaScript,,,,,,SQL,Powershell
,C++,,,,,,,Python,,,"CMake, Lua"
C,C++,,,,,,,,,,
,,,,JavaScript,,,PHP,,,,
,,,Java,JavaScript,,,,,,SQL,perl
,,,,,,,,,,,
,,C#,Java,,,,,,,,
,,,,,,,,,,,
,,,,,,,,,,,
,,,,JavaScript,Node.js,,PHP,Python,,,
C,C++,,,,,Objective-C,,,,,
,,,,,,,,,,,
,,,Java,JavaScript,,,PHP,,,SQL,
,,C#,,JavaScript,,,,,,SQL,
,,,,,,,,,,,
,,C#,,,,,,,,SQL,VB.NET
,,,,,,,,,,,
,,,,JavaScript,,,,,Ruby,SQL,
,,,,,,,,,,,
,,,,,,,,,,,
,,,,,,,,,,,
,,,,,,,,,,,
,C++,,,JavaScript,,,,,,,VB .Net
,,,,,,,PHP,,,SQL,
,,,,,,Objective-C,PHP,,,SQL,
,,,,,,,,,,,
,,C#,,JavaScript,,,,,,SQL,
,,,,,,,,Python,,,
,C++,,,,,,,,,,
,C++,,,,,,,,,,
,,,Java,JavaScript,,,,,,SQL,
,,,,,,,,,,,
C,C++,,,JavaScript,Node.js,,,,Ruby,SQL,
,,,,,,,,,,,
,,,,JavaScript,,,,Python,,SQL,
C,C++,,,,,,,Python,,,
,,,,,,,,Python,,,
,,,Java,JavaScript,,,PHP,,,SQL,
,C++,,,,,,PHP,Python,,,
,,,,JavaScript,Node.js,,PHP,,,SQL,
,,,,,,,,,,,
,,,,,,,,,,,
,,,,,,,,,,,
C,,,,,,,,Python,,SQL,
,,,Java,,,Objective-C,,,,SQL,
,,,,,,,,,,,j
,,C#,,JavaScript,,,,,,SQL,
,,,Java,JavaScript,,,PHP,Python,Ruby,SQL,
,,,,,,,,,,,
,,,,,,,,,,,
,,C#,,JavaScript,,,PHP,,,SQL,powerbasic
,,,,JavaScript,,,PHP,Python,,SQL,
,C++,C#,,,,,,Python,,,
,C++,,,,,,,Python,,,
,,C#,,,,,,,,SQL,
C,C++,C#,Java,JavaScript,,,,,,SQL,
C,,,Java,,Node.js,Objective-C,PHP,,,SQL,
,C++,,,JavaScript,Node.js,,,,,SQL,
,,,,JavaScript,Node.js,,PHP,Python,,SQL,
,C++,,,JavaScript,Node.js,Objective-C,,,,,
,,,,JavaScript,,,PHP,,,SQL,
,,C#,Java,JavaScript,Node.js,,PHP,,,,
,,,,,,,,,,SQL,VB.Net
,,,Java,JavaScript,,Objective-C,PHP,,,,
,,,Java,,,,,,,,Scala
,,,Java,,,,PHP,,,,
C,C++,,,,,,,Python,,,
,,,,,,,,,,,
C,C++,C#,,JavaScript,,,,,,SQL,
C,C++,,,JavaScript,,,,,,SQL,
,,,,JavaScript,,,PHP,,,,MySql
,,,,,,,,,,,
,,C#,,,,,,,,SQL,Powershell
,,,,,,,,,,,
,,,,,,,,,,,
,,C#,,JavaScript,,,,,,SQL,VB
,,C#,,,,,,,,SQL,VB.net
,,C#,Java,JavaScript,,,,,,SQL,
,,,,JavaScript,Node.js,,,,,,
,,C#,Java,JavaScript,,,,,,SQL,
,,C#,,JavaScript,,,,,,SQL,"JQuery, HTML, XAML"
,,C#,,JavaScript,,,,,,SQL,
,,C#,,,,,,,,SQL,vb
,,C#,,,,,,,,SQL,
,,C#,,JavaScript,,,,,,,
,,,,,,,PHP,,,SQL,
,,C#,Java,,,,,,,,
,,,,JavaScript,,,,Python,,,
,,,,,,,,,,SQL,Crystal
,,,,,,,,,,,
C,C++,C#,Java,JavaScript,,,,Python,,SQL,"Embedded C, HTML, CSS"
,,,Java,,,Objective-C,,,,,
,,C#,,JavaScript,Node.js,,,Python,,,
,,,,JavaScript,,,,,Ruby,SQL,
,C++,,Java,JavaScript,,,PHP,,,SQL,
,,,,,,,,,,,
C,,C#,,JavaScript,,,,Python,,SQL,as3
,,,Java,JavaScript,,,,,,SQL,
,,,,,,,,,,,
,,,,,,,,,,,
,,C#,Java,,,,,,,SQL,
,,,Java,,,,,,,,R
C,,,Java,JavaScript,,,,,,,AngulaJS
,,,,,,,,Python,Ruby,SQL,
C,C++,C#,Java,,,,,,,,
,,,,JavaScript,,,,,Ruby,SQL,
,,,Java,JavaScript,Node.js,,,,,SQL,
,,C#,,JavaScript,,,,,,SQL,
,,,,JavaScript,,,PHP,,,SQL,
C,,,Java,JavaScript,,,,,,SQL,
,,C#,,,,,,,,,VB.Net
,,,,JavaScript,,,PHP,,,,
C,C++,,,,,,,,,,
,,,,,,,,,,,
,,C#,,JavaScript,Node.js,,,,,,
,,,,,,,,,,,
,,,,,,,,,,,
,,,,JavaScript,Node.js,,,,,,perl
,,,,,,,,,,,
C,C++,C#,Java,JavaScript,,,PHP,Python,,SQL,
,,,Java,JavaScript,Node.js,,PHP,,Ruby,SQL,
,,,,JavaScript,,,PHP,,,,
,C++,C#,,,,,PHP,Python,,SQL,
,,C#,,JavaScript,,,,,,SQL,
,,,Java,JavaScript,,Objective-C,PHP,,,SQL,
,,,,,,,,,,,
,,,,,,,,,,,
,,C#,,JavaScript,,,,,,SQL,"VBScript, JScript"
,,C#,,JavaScript,,,,,,SQL,
,,,,,,,,,,,
,,C#,,JavaScript,,,PHP,,,,
,,,Java,,,Objective-C,,,,,
,,,,,,,,,,,
,,,,,,,,,,,
,,,,JavaScript,,,PHP,,,,
,,,,JavaScript,,,PHP,,,SQL,
C,C++,C#,,,,,,,,SQL,
,,,,JavaScript,,,,Python,Ruby,SQL,
C,C++,,,,,,,,,,
,C++,,Java,,,,,,,SQL,
C,,,,JavaScript,,,,,,,bash
,,,,JavaScript,,,,,,SQL,Abap
,,,,JavaScript,,,,,Ruby,SQL,
,,,,,,Objective-C,,,,,
,,,Java,JavaScript,,,,,,,
,,,,,,,,,,,
,,,,JavaScript,Node.js,,PHP,,,SQL,"Go, MongoDB, Redis, CouchDB, AngularJS, Phonegap"
,,,,JavaScript,,,PHP,,Ruby,SQL,
,,,,,,,,,,,
C,,,,,,,,,,,
,,,,,,,,,,,
,,,,,,,,,,,
,,,Java,JavaScript,,,,,,,
C,C++,,Java,JavaScript,,,PHP,,,,
,,,,,,,,,,,Not in TEch
,,C#,,JavaScript,,,,,,SQL,
,,,,,,,,,,,
,,,,,,,,,,,
,,,,,,,,Python,,,
,,C#,Java,,,,,,,,
,C++,,,,,,PHP,,,SQL,
,,,Java,JavaScript,,,,,,,
,,,Java,,,,,,,,
,,C#,Java,JavaScript,,,,,,SQL,
,,,Java,JavaScript,,,,Python,,,
,,,,,,Objective-C,,,,SQL,
,,,,,,,,,,,
,,C#,,,,,,,,,
,,,,JavaScript,,,PHP,,,,"CSS, HTML, AMPL"
,,,,,,,,,,,
,,,,,,,,Python,,,
,,C#,,JavaScript,,,,,,SQL,
,,,,,,,,Python,,,
,,,Java,,,,PHP,,,SQL,"PL1,Cobol,JCL,REXX"
,,,,JavaScript,Node.js,,PHP,,,SQL,
,,,,,,,,,,,
,,,,JavaScript,,,PHP,,,SQL,Perl
C,C++,,,,,,,,,,Perl
,,,Java,JavaScript,,,PHP,,,SQL,
,,,,,,,,,,,
,,,,,,,PHP,Python,,,
,,,,,,,,,,,
C,C++,C#,Java,,,,,,,,installshield
,,,Java,JavaScript,,,,,,,
,,,,,,,,,,,
,,,,JavaScript,,,PHP,,,,
,,,,,,,,,,,
,,,,,,,,,,,
,,,,,,,,,,,
,,,,,,,PHP,,,,
,,,,,,,,,,,
,,,,,,,,,,,
,,,Java,JavaScript,,,,,Ruby,,
,,,,JavaScript,Node.js,,,,,,
,C++,C#,,,Node.js,,,,,,Haskell
C,C++,C#,Java,JavaScript,,,,,,SQL,
,,,,,,,,,,,
,,C#,Java,JavaScript,,,,,,,
,,,,JavaScript,,,,,Ruby,,
,,,Java,JavaScript,,,,Python,,,Perl
C,C++,C#,,,,,,,,,
,,,,,,,,,,,
,,C#,,JavaScript,,,,,,SQL,
,,,,,,,,,,,
,,,Java,JavaScript,,,,,,SQL,
,,,,,,,,,,,
,,,,,,,,,,,
,C++,,Java,JavaScript,,,PHP,Python,,SQL,
C,,,,JavaScript,,,PHP,,,SQL,
,,,,,,,,Python,,,Lua
C,,,,,,,,,,SQL,
,,C#,,JavaScript,,,,Python,,SQL,
,,C#,,JavaScript,,,,,,SQL,
,,,,,,,,Python,,,
,,,,,,,,,,,
C,,,Java,JavaScript,,,,,,SQL,
,,,,,,,,,,,
,,,,,,,PHP,,,SQL,
,,,,,,,,,,,
,,,Java,,,,,,,,
,,,,JavaScript,,,,,Ruby,,
,,C#,Java,,,,,,,,Force.com
,,,,JavaScript,,,PHP,,,,
,,,Java,,,,,Python,Ruby,SQL,"Scala, Clojure"
,,,,JavaScript,,,PHP,,,SQL,
,,,,,,Objective-C,,Python,,,
,,,,JavaScript,,,PHP,,,SQL,"PowerShell, zsh"
,,,,,,,PHP,,,SQL,
,,,,,,Objective-C,,,Ruby,,Haskell
,,,,JavaScript,,,PHP,,,SQL,
C,C++,C#,Java,JavaScript,Node.js,Objective-C,PHP,Python,Ruby,SQL,
,,,,,,,,,,SQL,VB.Net
,C++,C#,Java,,,,,,,,
,C++,C#,,,,,PHP,,,SQL,
,,,Java,,Node.js,,,Python,,,
,,,,,,,,,,,
,,C#,,JavaScript,,,,,,SQL,
,,,Java,,Node.js,Objective-C,PHP,,,,
,C++,,,,,,,Python,,,MATLAB
C,,C#,,JavaScript,Node.js,Objective-C,,,,,
,,,,,,,,,,,
,,,,,,,,,,,"Clojure, Go"
,C++,,Java,,,,,Python,,,
,,,Java,JavaScript,,,,,,SQL,
C,,,,,,,,,,,bash
C,C++,,,,,,,Python,,,
,,,,,,Objective-C,,,,,
,,C#,,JavaScript,,,,,,,F#
C,C++,,Java,JavaScript,,,PHP,,,SQL,
,,,,,,,,,,,
,,,,,,,,,,,
,,,,JavaScript,,,,Python,,,
,,C#,,JavaScript,,,,,,SQL,
,C++,,,JavaScript,,,PHP,Python,,SQL,
,,,,,,,,,,,
,,,,JavaScript,,,PHP,,,SQL,
C,,C#,,JavaScript,,,,Python,,,
C,,,,JavaScript,,Objective-C,,Python,,SQL,
,C++,,Java,,,,,,,,
,,C#,,JavaScript,,,,,,SQL,
,,,,JavaScript,,,,,,SQL,VB
,,C#,,JavaScript,,,,,,SQL,
,,C#,,JavaScript,,,,,,,
,,,Java,JavaScript,,,,Python,,SQL,
,,C#,,,,,,,,,
,,C#,,,,,,,,SQL,
,,C#,,JavaScript,,,,,,SQL,
,,,,,,,,,,,
,,,,JavaScript,,Objective-C,,,Ruby,,
,,,,,,,,,,,
,,C#,Java,JavaScript,,,,,,SQL,
,,,,JavaScript,,,PHP,Python,,,
,,,,,,,,,,,
,,C#,Java,JavaScript,,,,,,,"HTML, My own language"
C,C++,C#,,JavaScript,,,PHP,,Ruby,,
,,C#,,JavaScript,,,,,,SQL,VB.Net
,,C#,Java,JavaScript,,,,,,SQL,
,,,,,,Objective-C,,Python,,,
C,C++,,,,,Objective-C,,,,,
,,,,,,,,,,,
,,C#,,JavaScript,,,,,,SQL,Powershell
,,C#,Java,JavaScript,,,,,,,
,,C#,Java,JavaScript,,,,,,SQL,
C,,C#,Java,,,,PHP,,,SQL,Assembly
,,,,JavaScript,,,,Python,,,
,,C#,,JavaScript,,,PHP,Python,,,
,,C#,,,,,,,,SQL,F#
,,C#,,JavaScript,,,,,,SQL,
,,C#,Java,JavaScript,,,,,,SQL,
,C++,C#,,,,,,,,,
,,C#,Java,,,Objective-C,,,,,
,,C#,Java,,,,,,,SQL,
,,C#,Java,JavaScript,,Objective-C,,,,SQL,
,,,,,,,,,,,
,,C#,Java,JavaScript,,,,,,SQL,
,C++,,,JavaScript,,,PHP,Python,,SQL,
,,,,JavaScript,,,,,Ruby,SQL,
,,C#,,JavaScript,,,,,,SQL,
,,,,,,,,,,,
C,,,,,,Objective-C,,,,,
,,,,JavaScript,,,,,,SQL,Salesforce.com
,,,,,,,,,,,
C,,C#,,JavaScript,,,,,,SQL,
,,,,,,,,,,,
,,C#,,JavaScript,,,,,,SQL,
,,,,JavaScript,,,PHP,,,SQL,
,,C#,,JavaScript,,,,,,SQL,jQuery
,,,,,,,PHP,,,SQL,"HTML, GML, CSS"
,,,Java,,,,,,,SQL,
,,,,,,,,,,,
,,,,JavaScript,,,,Python,,SQL,
,,C#,Java,JavaScript,,,,,,SQL,
C,,,,,,Objective-C,PHP,Python,,SQL,bash
,,C#,,,,,,,,,
,C++,C#,,JavaScript,,,,,,SQL,
,,,,JavaScript,Node.js,,,Python,,,
,,,,JavaScript,,Objective-C,PHP,,,SQL,
,,C#,,JavaScript,,,,,,SQL,
,,,,,,,,,,,
,,C#,Java,JavaScript,,,,,,SQL,VBA
,,,,,,,,,,,
,,C#,,JavaScript,,,,,,SQL,
,,C#,,,,,,,,SQL,
,,C#,,JavaScript,,,,,,,
C,C++,,,JavaScript,,,PHP,,,SQL,
,,C#,Java,JavaScript,,,,,,SQL,
,C++,C#,,,,,,,,,
,,C#,,,,,,Python,,,
C,,,Java,JavaScript,,Objective-C,,,,SQL,
C,C++,,,JavaScript,,,,Python,,,
,,C#,Java,JavaScript,,,PHP,Python,,,
,,,,JavaScript,,,PHP,,,,
C,,,,JavaScript,Node.js,,,,,,CoffeeScript
,,C#,,JavaScript,,,,,,SQL,
,C++,,,JavaScript,Node.js,Objective-C,,,,,
,,,,,,,,,,,
,,,,JavaScript,,,PHP,,,,
,,,,,,,,,,,
,C++,C#,,JavaScript,,,,Python,,SQL,
,C++,,Java,,,,,Python,,,
,,,,JavaScript,Node.js,,,,,,Backbone.js
,,,,JavaScript,,,PHP,,,,
,,C#,,,,,,,,SQL,
C,C++,,Java,,,,,Python,,,
,,,,JavaScript,,,,,Ruby,,
,,C#,Java,,,,,,,SQL,
,,,,,,,,,,,
C,,,,,,,,,,,
,C++,,,,,,,Python,,,
,,C#,,JavaScript,,,,,,SQL,vb
,,,,JavaScript,Node.js,,PHP,Python,Ruby,SQL,
,,C#,,,,,,,,,
,,,,JavaScript,,,,Python,Ruby,SQL,Perl
C,C++,,Java,JavaScript,,,PHP,,,SQL,
,,,,,,,,,,,
,,C#,,JavaScript,,,,,,SQL,
,,C#,,JavaScript,,,,,,SQL,"jQuery, ColdFusion"
C,,,,JavaScript,,,,Python,,SQL,
,,,Java,,,,,,,SQL,Groovy
C,C++,,Java,,,,,Python,,,
,,,,JavaScript,Node.js,,,,,,
,,,,,,,,,,,
,,,,,,,,,,,
,,C#,,JavaScript,,,,,Ruby,SQL,
,,,,JavaScript,,,PHP,Python,Ruby,SQL,
,C++,C#,,,,Objective-C,,,,,
,,,Java,JavaScript,Node.js,Objective-C,,,,SQL,
C,C++,C#,,JavaScript,,,,,,SQL,
,,,Java,,,,,,,,
,,,,,,,,,,,
,,C#,Java,,,,,,,SQL,Delphi
,,,,,,,,,,,
,,C#,,JavaScript,,,,,,SQL,ILE RPG
,,,,JavaScript,Node.js,,,,Ruby,,
,,,Java,,,,,Python,Ruby,SQL,
,,,Java,JavaScript,,,,,,SQL,
,C++,C#,,JavaScript,,,PHP,,,SQL,
,,,,,,,,,,SQL,VB.Net (nice snark on your part)
,C++,C#,,,,,,,,,
,,,,,,,,,,,
,,,,JavaScript,Node.js,,PHP,Python,,SQL,
,,C#,,JavaScript,,,,,,SQL,
C,C++,,,JavaScript,,,,Python,Ruby,,
C,C++,,,,,Objective-C,,,,,
,C++,,,,,,,,,,R
,,,,,,,,,,,
,,C#,,,,,,,,SQL,
,,,Java,JavaScript,,,,,,SQL,
,,,,,,,,,,,
,,,,JavaScript,,,PHP,,,SQL,
,,,,,,,,,,,
,,,,JavaScript,Node.js,,,Python,,,
,,,,JavaScript,,,PHP,,,,
,,C#,,JavaScript,,,,,,SQL,
,,,Java,,,,,,,SQL,
,,C#,,,,,,,,,
C,C++,C#,Java,JavaScript,,,,,,SQL,
,,C#,,JavaScript,,,,,,,
,,,,,,,,,,SQL,
C,,,Java,,,,PHP,Python,Ruby,SQL,
,,,,JavaScript,,,,Python,,SQL,
,,,Java,,,,,Python,,SQL,
,,C#,,JavaScript,,,,,,SQL,
,,C#,Java,JavaScript,,,,,Ruby,SQL,
,C++,,,,,,,Python,,,
C,,,Java,JavaScript,,,PHP,,,SQL,
C,,,,JavaScript,,,PHP,,,,
,,C#,,JavaScript,,,,,,SQL,
C,,,,,,,,Python,,,
,,,Java,,,,PHP,,,SQL,
,,,,,,,,,,,
,,,,,,,PHP,,,SQL,
C,C++,,,,,,,Python,,,
C,C++,,,,,,,Python,,,vhdl
,,,,,,,,Python,,,
,,C#,,JavaScript,,,,,,SQL,
,,C#,,JavaScript,,,,,,SQL,
,,C#,,JavaScript,,,,,,SQL,VB.NET
,,C#,,JavaScript,,,,,,SQL,
,,,,,,,,,,,
,C++,C#,Java,JavaScript,,,PHP,,,SQL,Visual Basic
,,,,JavaScript,,,PHP,,,SQL,
,,,,,,,,,,SQL,"VB.Net, ActionScript 2.0, ActionScript 3.0"
,,,Java,JavaScript,,,,,,,
C,,,,,,,PHP,,,SQL,
,,,,,,,,,,,Haskell
C,C++,,Java,JavaScript,,,PHP,,,SQL,
,,,,JavaScript,,Objective-C,,,,,VB.NET
C,,,,JavaScript,,,PHP,Python,,SQL,Lua
,,,Java,,,,,,,,
,,,,,,,,Python,,,
,,,,JavaScript,,,,Python,Ruby,,
,,C#,,JavaScript,,,,,Ruby,,
,,C#,,JavaScript,,,,,,SQL,
,C++,C#,,JavaScript,,,,Python,,SQL,
,,,Java,JavaScript,,,,,,SQL,LotusScript
,,C#,,JavaScript,,,PHP,,,SQL,
,,,Java,,,,,,,,
,,,,JavaScript,,,,Python,,,
,,C#,Java,,,,,,,SQL,
,C++,,,JavaScript,,,,Python,,,
,,C#,,JavaScript,,,,,,,
C,C++,,Java,,,Objective-C,,,Ruby,,
C,C++,,,JavaScript,,,PHP,,,SQL,
,,,,JavaScript,,,,,,SQL,VB.NET
C,C++,,,JavaScript,,,PHP,,,SQL,
,C++,,Java,,,Objective-C,,,,,
,,C#,,,,,,,,,VB6
,,,,JavaScript,,,PHP,,,SQL,
,,C#,,,,,,,,,
,C++,C#,,JavaScript,Node.js,,,,,SQL,Arduino
,,,Java,JavaScript,,,,,,,
,,,,JavaScript,,,,Python,,,
C,C++,,Java,,,,,Python,,SQL,assembly
C,C++,,,,,,,Python,,,"Go, Redis, MongoDB"
,,,Java,JavaScript,Node.js,,,,,,
,,,Java,JavaScript,,,,,,SQL,
,C++,C#,,JavaScript,,Objective-C,,,,SQL,
C,C++,,,JavaScript,,,,Python,,,
,,C#,Java,,,,,,,SQL,
,,C#,Java,JavaScript,Node.js,,,,,SQL,
,,C#,,,,,,,,SQL,
,,,,,,,,,,,
,,,,,,,,,,SQL,"VBA, Drupal"
,,C#,Java,,,,,,,,
,,,,JavaScript,Node.js,,,,,SQL,
,,,,JavaScript,Node.js,,,,,,
,,,Java,,,Objective-C,,,,,
,,C#,,,,,,,,SQL,
,,,,,,,,,,,
,,C#,,JavaScript,Node.js,,,,,SQL,
C,,,Java,JavaScript,,,,,,,
,,,Java,,,,,,,SQL,
C,C++,C#,,,,,,,,,"Lua, x86 ASM"
,,C#,,,,Objective-C,,,,SQL,
,,,,,,Objective-C,,,,,
,C++,,,JavaScript,,,PHP,Python,,SQL,
,,C#,,,,,,,,,
C,C++,C#,,,,,PHP,Python,,SQL,
,,C#,,JavaScript,,,,,,,
,,C#,,JavaScript,Node.js,,,Python,,SQL,
,,C#,,JavaScript,,,,,,SQL,
,,,Java,JavaScript,Node.js,,,,,,
,,,Java,JavaScript,,,,,,SQL,
,,,,,,,,,,,
,C++,C#,Java,,,,,,,,
,C++,,,JavaScript,,,,Python,,,
C,C++,C#,Java,,,,,Python,,,
,C++,,,,,,,,,,
,,,,,,,PHP,,,SQL,
,,,Java,JavaScript,Node.js,,,,,SQL,
,,C#,,,,,,,,,
,C++,,Java,JavaScript,,Objective-C,,,,,
,,,Java,JavaScript,,,,,,SQL,
,,C#,Java,,,Objective-C,,Python,,,MongoDB
,,C#,Java,JavaScript,,Objective-C,,,,SQL,
C,,,,,,,,,,SQL,
,,,,JavaScript,,,,,Ruby,,
,,,,JavaScript,Node.js,,,,,,lua
,,,,,,,,,,,
,,C#,,JavaScript,Node.js,,,,,SQL,
,,,Java,JavaScript,,,PHP,Python,,SQL,
C,C++,,Java,,,,PHP,Python,,SQL,
,,C#,,JavaScript,,,,,,SQL,
C,C++,C#,Java,,,,,Python,,SQL,"Racket , Octave"
,,C#,,JavaScript,,,PHP,,,SQL,
,,,,,,,,,,,
C,C++,,Java,JavaScript,,,,,,,
,,,,,,,,,,,
,,,,JavaScript,,,PHP,,,,
,,,Java,,,,,,,,"Assembly, VHDL"
C,C++,C#,,JavaScript,,Objective-C,PHP,,,SQL,
,,,,JavaScript,,,PHP,,,SQL,
,,C#,,JavaScript,,,,,,,html
,,,,,Node.js,Objective-C,,,,,
,,,,JavaScript,,,PHP,,,SQL,NOSQL
,,,,,,,,,,,
,,,,,,Objective-C,,,Ruby,,
,,C#,,,,,,,,,
,,,,JavaScript,,,,Python,,,
,,,Java,JavaScript,,,,,,,Scala
,,,,,,,,,,,
,,C#,,,,,,,,,"Wix, msbuild"
C,C++,,,,,,,Python,,SQL,
,,,,,,,,,,,
C,C++,,Java,JavaScript,,,,,,SQL,
,,,Java,JavaScript,,Objective-C,PHP,,,SQL,
C,C++,,,,,,,,,,Qt
,C++,C#,Java,JavaScript,,,,,,SQL,VBScript
,,,Java,JavaScript,,,PHP,Python,,SQL,
,,C#,,JavaScript,,,,,,,
,,C#,Java,JavaScript,,,,,,,
,,C#,Java,,,,,,,SQL,
,,,,,,,,,,,
,C++,,,JavaScript,,,,,,,Visual Basic 2008
,,,,,,,,,,,
,,,,JavaScript,,,,,Ruby,SQL,Rails
C,C++,,,JavaScript,Node.js,,,Python,,SQL,
C,C++,C#,Java,,,,,,,,Bash script and Batch script
,,,,,,,,,,,
C,,,,,,,,,,,
,,,,JavaScript,,,PHP,,,SQL,
,,,,JavaScript,,,PHP,,,SQL,
,C++,,Java,JavaScript,,,,,,,
,,,Java,JavaScript,,,,,,SQL,
,,C#,,,,,,,,,LotusScript
,,C#,,JavaScript,,,,,,SQL,
,,C#,,JavaScript,,,,,,SQL,
,,,,,,,,,,,
,,,,JavaScript,,,PHP,,,,
,,,,JavaScript,,,,Python,,SQL,
,,C#,,,,,,,,,XAML
,,,,,,,,,,,
C,C++,,Java,JavaScript,,,PHP,Python,,SQL,
,,C#,,JavaScript,,,PHP,,,,Backbone.js
C,,,Java,JavaScript,,Objective-C,,Python,,SQL,
,,,Java,,,,,,,,
C,,,,,,,PHP,Python,,,
,,,,,,,,,,,
,,C#,Java,JavaScript,Node.js,Objective-C,PHP,Python,Ruby,SQL,
,,,,,,,,,,,
,,,,JavaScript,,,PHP,,,,
C,,,Java,,,,,,,,
,,,,JavaScript,Node.js,,,Python,,SQL,
,C++,,Java,JavaScript,,,PHP,Python,,SQL,
,,C#,Java,,,,,,,,
C,C++,,Java,,,Objective-C,,,,SQL,
,,,,,,,,,,SQL,Perl
C,C++,,,JavaScript,Node.js,Objective-C,PHP,,Ruby,,
C,,,,,,,,,,,
,C++,,Java,,,,,,,SQL,"Android, SQLite"
,,,,JavaScript,,,PHP,,Ruby,SQL,
C,C++,,Java,JavaScript,Node.js,,,Python,,,
C,C++,C#,Java,,,,,,,,
,,,,JavaScript,,,,Python,,,
,,,Java,JavaScript,,,PHP,,,,
,,C#,,,,,,,,SQL,
,,,,JavaScript,Node.js,,,,Ruby,,
,,,,,,,PHP,,,SQL,
,,C#,Java,,,,,,,,
,,,Java,JavaScript,,,,,,,jquery
,C++,,,,,,,Python,,,"MongoDB, R"
C,C++,,Java,JavaScript,,,PHP,,,SQL,codeigninter
,,,,JavaScript,,,,Python,,,
,,C#,,JavaScript,,,,,,SQL,
,,,,JavaScript,Node.js,,PHP,,,SQL,
,,,,,,,,,,,PowerShell
,,,,,,,,,,,
,,,,JavaScript,Node.js,,PHP,,,SQL,
,,C#,Java,,,,,,,SQL,
,,,,JavaScript,Node.js,,PHP,,,,
,,C#,Java,,,,PHP,,,SQL,
,,C#,,JavaScript,,,,,Ruby,SQL,
,C++,,,JavaScript,,,PHP,,,SQL,
C,C++,,,,,,,Python,,SQL,Assembler (in disassembly)
,C++,,,,,,,,,,
,,C#,,JavaScript,,,,,,,
,,,Java,,,,,,,,
,,,Java,JavaScript,Node.js,Objective-C,PHP,,Ruby,SQL,
,C++,C#,Java,JavaScript,,,,Python,,SQL,
,,,,,,,,Python,,,Haskell
,,,,,,,,,,,
C,,,,JavaScript,,Objective-C,,,,SQL,Perl
,,,Java,JavaScript,,Objective-C,PHP,,Ruby,SQL,
,,,,,Node.js,,,,,,
,,,,,,,,,Ruby,SQL,R
,,,,,,,PHP,,,,
,,,,JavaScript,,,,,,,
C,C++,,Java,,,,,,,,"Go, Matlab, Accumulo"
,,,Java,,,,,,,,
,,C#,,,,,,,,SQL,Powershell
,,C#,,JavaScript,,,,,,SQL,
,,,,,,,,,,,
,C++,,Java,JavaScript,,Objective-C,PHP,,Ruby,SQL,
C,,,Java,JavaScript,,Objective-C,,Python,,,Groovy
,,,Java,JavaScript,,,,Python,,,Clojure
,,C#,,JavaScript,,,,,,SQL,Coffeescript
,,,,,,,,,,,
,,,,,,,,,,,
,,,,,,,,,,,
,,,Java,,,,,,,,
C,C++,,,,,,,Python,,,Matlab
,,,Java,JavaScript,,,PHP,,Ruby,SQL,
,C++,,,JavaScript,Node.js,,PHP,,,,
C,,,,,,,,,Ruby,SQL,D
,,,Java,,,,,,,SQL,
,C++,C#,Java,JavaScript,Node.js,,,,,SQL,
C,C++,,,JavaScript,,,,Python,,,
,,,,JavaScript,,,PHP,,,SQL,
,,,Java,,,,,,,SQL,Perl
,,,,JavaScript,,Objective-C,,Python,Ruby,SQL,
,,,,,,,,,,,R
,,,Java,JavaScript,,,,,Ruby,SQL,
,,C#,,JavaScript,Node.js,,,,,SQL,
,,,,,,,,,,,
,,,,,,,,,,,
,,,,,,,,,,,
,,,,JavaScript,Node.js,,PHP,Python,,SQL,
,,,,,,,,,,,
,C++,,Java,JavaScript,,,,Python,,,
C,C++,,,,,,,,,,PERL
,,,Java,JavaScript,,,PHP,Python,,SQL,
,,C#,,JavaScript,,,,,,SQL,
,,,Java,,,,,Python,,,
,,,,JavaScript,,,PHP,,Ruby,SQL,
,,,,,,,,,,,
,,C#,,JavaScript,,,PHP,,,SQL,
,,,,,,,,,,,
C,,,,,,Objective-C,,,,,
,,,,,,,,,,SQL,Cobol
,,,,,,,,,,,
,,,,,,,,,,,
,,C#,,,,,,,,SQL,
,,,Java,JavaScript,,,,,,SQL,"xslt, groovy"
C,C++,,Java,,,,,Python,Ruby,,
,C++,,,,,,,Python,,,
,,,,JavaScript,,,PHP,,Ruby,SQL,
,,,,,,,,,,,
,,C#,,,,Objective-C,,,,SQL,
,,,,,,,,,Ruby,,
,,,,,,,,,,,
,C++,,Java,,,,,,,SQL,
,,,,,,,,,,,
,,C#,,JavaScript,,,,,,SQL,
,,C#,,JavaScript,,,,,,,
C,C++,,,JavaScript,,,PHP,Python,Ruby,SQL,x86 and ARM assembly
,,,Java,JavaScript,,,,,,SQL,vb.net
C,,,,,,,,,,,
,C++,,Java,JavaScript,,,PHP,Python,,SQL,
,,,Java,JavaScript,,,,Python,,,
,,C#,Java,JavaScript,,,PHP,,,,
C,,,,JavaScript,,,PHP,,Ruby,SQL,Scala
,,,,JavaScript,,,,Python,Ruby,,"VHDL, Verilog, Makefiles"
,,,,JavaScript,,,PHP,,,SQL,
,,C#,,JavaScript,Node.js,,PHP,Python,,SQL,Unity
,,,Java,JavaScript,,,,Python,,SQL,
,,C#,,JavaScript,,,,,,SQL,
,,,,JavaScript,,,,,Ruby,SQL,
,,,,,,,,,,SQL,Perl
,,,,JavaScript,,,,Python,Ruby,,
,C++,C#,Java,,,,,,,,
,,,,JavaScript,,,PHP,,,SQL,
C,,,,,,,,,,,"asm (arm, arm64)"
,,,,JavaScript,,,,Python,,,
,,,Java,,,,,,,SQL,
,,,Java,JavaScript,,,,,,SQL,
,,,Java,,,Objective-C,,,,,
,,,,,,,,,,,
,,,Java,,,,,,,,
,,C#,,JavaScript,,Objective-C,,Python,,SQL,
,,,Java,JavaScript,,,PHP,,,,
,C++,,Java,JavaScript,,,,Python,,SQL,
,C++,C#,Java,JavaScript,,,,,,SQL,
,,C#,,,,,,,,SQL,vb.net
,,,,,,,,,,,
,,,,,,,PHP,Python,,,MySQL
,,,,,,,,,,,
,,,,,,,,,,SQL,"SAS, Stata"
,,C#,Java,JavaScript,Node.js,,PHP,,,SQL,
,,C#,,JavaScript,,,,,,SQL,
,,C#,,,,,,,,,
,,,,JavaScript,,,PHP,,,SQL,
,,,,,,,,Python,Ruby,,shell
C,,,Java,JavaScript,,,,,,,
C,C++,,,,,,,,,,
,,C#,,JavaScript,,,,,,,
,,,,,,,,,,,
,,C#,,,,,,,,SQL,
,,C#,Java,,,,,,,,
,,,Java,,,,,,,,"Groovy, PL/I"
,,,,JavaScript,,,PHP,,,SQL,
,,C#,Java,JavaScript,,,PHP,,,SQL,
,C++,,,,,,,Python,Ruby,,R
,,,,,,,,Python,Ruby,SQL,
,,,,JavaScript,,,PHP,Python,,SQL,
,,,Java,JavaScript,Node.js,,,Python,Ruby,SQL,
,,,Java,JavaScript,,Objective-C,PHP,,,SQL,
,,,Java,JavaScript,,,,,,,OCaml
,C++,,,JavaScript,,,PHP,Python,,,Stata
,,C#,Java,JavaScript,,,PHP,,,SQL,
,,,,,,,,,,,
,,C#,Java,JavaScript,Node.js,,,,,,
,,,,,,,,,,SQL,SSRS
,,,Java,,,,,,,,
,,C#,,JavaScript,,,,,,SQL,
C,,,,,,,,,,,
,,C#,,JavaScript,,,,,,SQL,
C,C++,,Java,JavaScript,,,,,Ruby,,
,,,,JavaScript,Node.js,,,,,SQL,Coldfusion
,C++,,,,,,,Python,,,
,,C#,,JavaScript,,,,,,SQL,
,,,,,,,,,,,
,,,Java,,,,,,,SQL,
,,C#,,JavaScript,Node.js,,,,,,
C,C++,C#,Java,,,,,,,,
,,,,JavaScript,,,,,Ruby,,
,,,,,,,,,,,
,,,,JavaScript,,,,,Ruby,SQL,
C,,,,,,Objective-C,,,,,Erlang
,,,Java,,,,,,,,vb.net
,,,,JavaScript,,,PHP,,Ruby,,
,C++,,,,,,,Python,,,
,,C#,,JavaScript,Node.js,,PHP,,,SQL,
,,,,JavaScript,,,,,,,
C,,,Java,,,,,,,SQL,
,,C#,,JavaScript,,,PHP,,,SQL,
,,,,,,,,,,,
,,,Java,JavaScript,,,,,,SQL,"Groovy, Bash"
,,,,,,,,Python,,,R
,,,,,,,,,,,
,,C#,,JavaScript,,,,,,SQL,
,,,,,,,,,,,
,,,,,,Objective-C,,,,,
,,,,,,,,Python,,,"R, Matlab"
,,,Java,JavaScript,,,PHP,,Ruby,SQL,"PERL, BASH"
,,,Java,JavaScript,,,,,,SQL,
,,,,,,,,Python,,,VBA
,C++,C#,,,,,,Python,,,
,,C#,,JavaScript,,,,,,SQL,"HTML, CSS"
,,,,,,,,,,,
,,C#,,JavaScript,,,,,,SQL,
,,C#,,JavaScript,,,PHP,,,SQL,
,,C#,,JavaScript,,,,,,SQL,
C,,C#,Java,,,,,,,,
,,,Java,JavaScript,,,,,,,
,,C#,,JavaScript,,,,,,SQL,
C,,,,JavaScript,,,PHP,Python,Ruby,SQL,
,C++,,Java,JavaScript,Node.js,,PHP,,Ruby,,
,,C#,,,,,,,,SQL,
,,,Java,JavaScript,,,PHP,,,SQL,
,,,,,,,,,,SQL,
,,C#,,,,,,,,SQL,
,,C#,Java,JavaScript,,,,,,,
,,,Java,JavaScript,,,PHP,Python,,SQL,
,,C#,,,,,,,,SQL,
,,,,,,,,,,,
,C++,,Java,JavaScript,,,PHP,Python,,SQL,
C,,,,JavaScript,,,,Python,,,
,,C#,,JavaScript,,,PHP,,,SQL,
,C++,,,,,,,,,,
,,C#,,JavaScript,,,,,,,
,C++,C#,Java,JavaScript,,,PHP,,,SQL,
,,C#,,JavaScript,,Objective-C,PHP,,,SQL,
,,C#,,JavaScript,,,PHP,,,,Haskell
,,C#,,,,,,,,SQL,Powershell
,,C#,Java,,,,,,,,Groovy
,,,,,,,,,,,
,,,,,,,,,,,"VBA, Visual Basic (Classic, not .NET)  Old guy. ;-)"
,,,,JavaScript,,,PHP,,,SQL,
,,,Java,,,,,Python,,SQL,
C,,C#,,JavaScript,,,PHP,,,SQL,"VB.NET, VBA"
C,,,Java,,,,PHP,,,SQL,Scala
C,C++,,Java,,,,PHP,,,SQL,
,,,Java,,,,,,,,
,,C#,,JavaScript,,,,,,SQL,
,,C#,,,,,,,,SQL,
C,C++,,Java,JavaScript,,,,Python,,SQL,
,C++,,,,,,,,,SQL,mysql
,,,,,,,,,,,
,,,,,,,,,Ruby,SQL,"erlang, xml, sh"
,,,,,,,,,,,kdb+
,,,,JavaScript,,,PHP,,,SQL,
,,,,,,,,,,SQL,sas
,C++,,,,,,,Python,,SQL,
,,C#,,,,,,Python,,SQL,
,,,,,,,,,,,
,,,,JavaScript,Node.js,,PHP,Python,,SQL,Go
,,,Java,JavaScript,,,,Python,,SQL,
,,,Java,JavaScript,Node.js,Objective-C,,,,SQL,
C,C++,,,,,,,,,,MATLAB
,,C#,,JavaScript,,,,,Ruby,SQL,
,,,Java,JavaScript,,,,Python,,SQL,
,,C#,,JavaScript,,,,,,,
,,C#,,JavaScript,Node.js,,,,,SQL,
C,C++,,,,,,,,,SQL,Haskell
,C++,,Java,,,Objective-C,,,,,
,,,,JavaScript,,,,Python,,SQL,
,,,,,,,,,,,
,,,,,,,,,,,
C,C++,,,,,Objective-C,,,,,
,,,,,,,,Python,Ruby,SQL,
,,,Java,,,,,,,,
,,C#,,JavaScript,,,PHP,,,SQL,
,,,,JavaScript,Node.js,,PHP,,,SQL,
,,C#,,,,,,,,SQL,
,,,Java,JavaScript,,,,,,SQL,
,,,,,,,,Python,,,
,,,Java,,,,PHP,,,SQL,
,,,,JavaScript,,Objective-C,PHP,,,SQL,
,,C#,,JavaScript,,,,,,SQL,
,,C#,Java,,,,,Python,,,
,,,Java,,,,,,,,
,,,,,,,,,,,
,,C#,,JavaScript,,,PHP,,,,
,,C#,,JavaScript,,,,,,SQL,Cassandra
,,,,JavaScript,,Objective-C,PHP,,,SQL,
,,C#,,,,,,,,SQL,"VBA, VB.NET"
,,,,,,,,,,,
,,,,JavaScript,,,PHP,,,SQL,
C,,,,,,,,Python,,,
,,,,,,,,,,,
,,C#,,JavaScript,,,,,,SQL,
,,,Java,,,,,,,,
,,C#,,,,,,Python,,,
,,,Java,,,Objective-C,,,,SQL,
,,C#,,JavaScript,,Objective-C,PHP,,,SQL,
,,,,JavaScript,Node.js,,,Python,,,Shell
C,C++,C#,,JavaScript,,,,,,SQL,
,,C#,,JavaScript,,,,,,SQL,delphi
,,,,,,,,,,,
,,C#,,JavaScript,,,,,,SQL,
,,C#,,JavaScript,,,,,,SQL,VB
C,C++,,Java,JavaScript,,Objective-C,PHP,Python,,SQL,
,,C#,,JavaScript,,,,,,SQL,
,,,Java,JavaScript,,,,,,SQL,
,,,,,,,,,,,
,,,Java,,,,,,,,
,,,Java,JavaScript,,Objective-C,,,,,
C,,,,JavaScript,,Objective-C,,,Ruby,SQL,
,,C#,Java,,,,,Python,,,
C,C++,,Java,,,,,Python,,SQL,
C,C++,,,JavaScript,Node.js,,PHP,,,SQL,
,,,,,,,,,,SQL,"AutoIt, VBScript, Perl"
,,,,,,,,,,,
,,,,JavaScript,,,,,,,scala
,,,,,,,,,,,
,,,,JavaScript,,,PHP,,,,
,C++,C#,Java,,,,,Python,,,
,,,Java,,,,,Python,,SQL,
,,,,,,,,,Ruby,,"golang, perl"
,,,,JavaScript,,,,Python,,,AngularJS
,,C#,,,,,,,,SQL,
,,,,JavaScript,,,PHP,,,,HTML
,,,,JavaScript,Node.js,,,,,,Actionscript
,,C#,,,,,PHP,,,SQL,
,,,Java,,,,,,,,
,,,,,,,,,,,
,,,,,,,,,,SQL,R
,,,,JavaScript,,,,,,,
,,,,,,,,,,,
,,,,JavaScript,Node.js,,,,,,AngularJS
C,,,,JavaScript,Node.js,,,Python,Ruby,,
C,C++,,Java,JavaScript,Node.js,,,Python,Ruby,SQL,
,,,,,,,,,,,
,,,,JavaScript,,,,,Ruby,SQL,
,,,Java,JavaScript,,Objective-C,,Python,,,
,,C#,,JavaScript,Node.js,,,,,SQL,Powershell
,,,,JavaScript,,,PHP,,,SQL,
,,,,,,,,,,SQL,bash scripting
,,,,,,,,,,SQL,
,,C#,Java,,,,,,,SQL,
,,,,JavaScript,Node.js,,,Python,,SQL,
,,C#,,,,,,,,SQL,VB
,,,,,,,,,,,
,,,Java,,,,,,,,
,,,,,,,,,,,
,,C#,,JavaScript,,,,,,SQL,TypedScript
,,C#,,,,,,,,SQL,
,,,,JavaScript,,Objective-C,PHP,,,,
,,,,JavaScript,,,PHP,,Ruby,SQL,
,,,,JavaScript,,,PHP,,,SQL,
,,C#,Java,,,,,Python,Ruby,,
C,,,,,Node.js,,,Python,,,
,C++,C#,,JavaScript,Node.js,,PHP,Python,,SQL,
C,C++,C#,Java,,,,,Python,,SQL,
C,,C#,,JavaScript,Node.js,,,,,SQL,
,C++,,,,,,PHP,,,,
,,,,,,,,,,,
,C++,,Java,JavaScript,,,PHP,Python,,SQL,
,,,Java,JavaScript,,,,Python,,,Groovy
,C++,,,JavaScript,,,PHP,Python,,SQL,HTML
,C++,,,JavaScript,,,,,Ruby,SQL,
,,C#,,JavaScript,,,,,,,
,,C#,,JavaScript,,,,,,SQL,
C,C++,,,,,,,,,,
C,C++,,Java,,,,,,,,
,,,,JavaScript,,,,Python,,SQL,
,,,,,,,,,,,
,C++,,Java,JavaScript,,,PHP,,,SQL,
,,,,JavaScript,Node.js,,PHP,,,SQL,
,,C#,,JavaScript,,,PHP,,,SQL,
,,C#,,,,,,,,,
,,,Java,JavaScript,,,,,,,
,,C#,,JavaScript,,,,,,SQL,
,,,,,,,,,,,VB.Net
,,,,,,,,,,,
,,,Java,JavaScript,,,PHP,,,SQL,web services like SOAP
,,,,JavaScript,,,PHP,,,,
,C++,,Java,,Node.js,,,,,,Scala
,,C#,Java,,,,,,,,
,,C#,,JavaScript,Node.js,,,,,,Actionscript 3
,,C#,,JavaScript,Node.js,,PHP,,,,
,,C#,,,,Objective-C,,Python,,,
,,,,,,,,,,,
,,C#,,JavaScript,,,,,,SQL,
,,C#,,JavaScript,,,,,Ruby,,
,,,Java,JavaScript,,,,,,,jQuery
,,,Java,JavaScript,,,,Python,,SQL,Lua
C,C++,C#,Java,JavaScript,,,PHP,Python,,SQL,
,,,,JavaScript,Node.js,,PHP,,,SQL,
,,,,JavaScript,,,PHP,Python,,SQL,
,,C#,,JavaScript,,,,,,SQL,
,C++,,Java,,,,,Python,,SQL,
C,C++,C#,Java,JavaScript,,,PHP,Python,,,Haskell
,,,Java,,,,,Python,,,
,,C#,,JavaScript,,,,,,SQL,
C,C++,C#,,JavaScript,,,,,,SQL,
,,C#,Java,,,,,,Ruby,SQL,Scala
,,C#,,,,,PHP,,,,
,,C#,,JavaScript,,,PHP,,,SQL,
,,C#,,JavaScript,,,,,,SQL,
C,C++,C#,,,,,,,,,
,,,Java,,,,,,,,
,,C#,,JavaScript,,,,,,SQL,
,,,,,,,,,,,
C,,,,JavaScript,,,PHP,,,,shellscript
C,,,,,,,,Python,,SQL,"Racket, Smalltalk, Bash"
,,,,JavaScript,,,,,,,
,,,,,,,,,,,
,,,Java,,,,PHP,,,,
,,,,,,,,,Ruby,,
,C++,,Java,,,,,,,SQL,
,,,Java,JavaScript,,,,Python,,,
,,C#,Java,JavaScript,Node.js,,,,,,
,,C#,Java,JavaScript,,Objective-C,,Python,,SQL,Scala
C,,,Java,,,,,,,,
,,C#,Java,,,,,,,SQL,VB.NET
,,C#,,JavaScript,,,,,,SQL,
C,C++,,,,,Objective-C,,,,,
,,C#,,JavaScript,,,,,,SQL,
C,C++,,Java,JavaScript,,,PHP,Python,,SQL,
,,C#,,JavaScript,,,,,,,
,,,Java,,,,,,,,
,C++,,,,,,,Python,,,
,,,,,,,,,,,
,,,Java,JavaScript,,,PHP,,,,jQuery
,,C#,,,,,,,,SQL,VB.NET
,,,,,,,,,,,
,,,Java,JavaScript,,,,,,,
,C++,,,,,,PHP,,,SQL,
,,,,,,,,,,,php
,,C#,Java,,,,,,,SQL,
,,C#,Java,JavaScript,Node.js,,,,,,
,,,,JavaScript,,,PHP,,,,
C,C++,,,,,,,Python,,,
,,C#,,JavaScript,,,,,,SQL,
,,,,,,,,,,,
,,,,,,,PHP,Python,,SQL,
,,,,JavaScript,,,PHP,,,SQL,Delphi
,,,,JavaScript,,,,Python,,SQL,
,,C#,,JavaScript,,,,,,,
,,,,JavaScript,,,PHP,,,SQL,
,,,,,,,,,,,Delphi
,,,,JavaScript,Node.js,,,Python,,SQL,
,,C#,Java,JavaScript,,,,,,,
C,,,Java,,,,,Python,,,
,,,Java,JavaScript,,,,,,SQL,
,,C#,,,,,,,,SQL,
,,,,,,,,,,,
,,,Java,JavaScript,,,,Python,,SQL,ABAP
,,,,JavaScript,,,PHP,,,,
,,C#,Java,JavaScript,Node.js,Objective-C,PHP,,,SQL,Elastic Search
,,,,JavaScript,,,,,,SQL,microstrategy
,,,,,,,,,,,
,,,Java,JavaScript,,,,,,SQL,
,C++,,,JavaScript,Node.js,,,,,,clojure
,,C#,,JavaScript,,,,,,SQL,
,C++,,,,,Objective-C,,,,,
,,C#,,,,Objective-C,,,,SQL,
,,C#,,JavaScript,,,,,,SQL,
,,,,,,,,,,,
,,,,,,,,,,,
,,C#,,JavaScript,,,,,,SQL,
,,,,,,,,,,,
,,,Java,JavaScript,,,,,,SQL,Erlang
,,,,JavaScript,Node.js,,,,Ruby,SQL,
,,,Java,,,,,,,,Scala
C,C++,C#,,,,,,,,SQL,
,,,,,,,,Python,,SQL,
,,,,JavaScript,,Objective-C,,,,SQL,VB.Net
,,C#,,JavaScript,,,,,,SQL,
,,C#,Java,,,,,Python,,,
,,,Java,,,,,,,SQL,
,,C#,,JavaScript,Node.js,,,,,SQL,"SSIS, classic asp, VB"
,,,,,,,,,,,
,,,,,,,,,,,
,,C#,,JavaScript,,,,,,SQL,
,,C#,,JavaScript,,,,,,SQL,
,,C#,Java,JavaScript,,,,,,,
,,,Java,JavaScript,,,,,,,
,,C#,Java,,,,,,,,Verilog
,,,,JavaScript,,,PHP,,,SQL,
,,C#,,,,,,,,SQL,
,,C#,Java,JavaScript,,,,,,,
,,C#,Java,,,,,,,SQL,
,,C#,,JavaScript,,,,,,SQL,
,,,Java,,,,,,,SQL,Groovy
C,,C#,Java,JavaScript,,,,Python,Ruby,SQL,
,,,Java,,,,,,,,
,C++,C#,,JavaScript,,Objective-C,PHP,Python,,,"Visual Basic, Layla"
,,,Java,,,,PHP,,,SQL,
,C++,,,,,,,,,,
,,C#,,JavaScript,,,,,,SQL,VB.NET
C,,,Java,,,,PHP,Python,Ruby,,
,,,,,,,,,,,
C,C++,C#,Java,JavaScript,,,,,,,nosql
,,C#,Java,JavaScript,,,PHP,,,SQL,
,,C#,Java,JavaScript,,,,,,SQL,
,,,Java,JavaScript,Node.js,,PHP,Python,,SQL,"actionscript2, 3"
,,,Java,,,,,,,,
,,,,,,,,,,,
C,,,Java,,,Objective-C,,Python,,,"Scala, but still in learning phase"
,,,,JavaScript,,,,Python,,,Bash
,,,,JavaScript,Node.js,,PHP,Python,,,
,,C#,Java,JavaScript,,,,,,SQL,
,,,Java,,,,,,,,
,,,,,,,,Python,Ruby,,
,,C#,,,,,,,,,
,,C#,Java,JavaScript,,,PHP,Python,,SQL,
,,,,JavaScript,Node.js,,PHP,,Ruby,,
,,,Java,,,,,,,SQL,
,,C#,,,,,,,,SQL,WPF
,,,,,,,PHP,Python,Ruby,SQL,
,,C#,,,,,,,,SQL,
,,,Java,JavaScript,,,,,Ruby,,
C,C++,,,,,,,,,,
,,,,,,,,,Ruby,SQL,
,,C#,Java,JavaScript,,,,,Ruby,,
,,,,,,,,,,,
,,,Java,JavaScript,,,PHP,,,SQL,
C,,C#,,,,,,,,,PowerShell
,,C#,,JavaScript,,,,,,,
,,,Java,JavaScript,Node.js,,,,,SQL,
,,,,,,,PHP,Python,,SQL,
,,,Java,,,,,,,SQL,
C,,,,,,,,Python,,SQL,"RyuQ, Erlang, Guile/Scheme, Haskell"
,,,,JavaScript,,,,Python,,,
,,C#,,JavaScript,Node.js,,PHP,,,SQL,
,,C#,,JavaScript,,,PHP,,,SQL,
,,,,,,,,,,,
C,C++,C#,,JavaScript,,,,,,SQL,
C,C++,,,,,Objective-C,,,,SQL,
,,,,,,,PHP,,Ruby,SQL,
,,,,JavaScript,,,PHP,,,SQL,
C,C++,,Java,,,Objective-C,,,,,
,,,,,,,,,,,
,,C#,,,,,,,,,VB6
,,,,JavaScript,,,PHP,,,SQL,
,,,Java,JavaScript,,,,,,,
,,C#,Java,,,,,,,,
,,C#,,JavaScript,,Objective-C,,,,SQL,
,,,Java,JavaScript,Node.js,,,,,SQL,
,,,,,,Objective-C,,,,,Perl
C,C++,,Java,,,,PHP,,,,"Perl, CLISP"
,,,,JavaScript,,,,,,,
,,,,JavaScript,,,,Python,,,
,,,Java,,,,,,,,Scala
,,C#,Java,,,,,,,SQL,
,,C#,,JavaScript,,,,,,SQL,
,,,Java,,,,,,,SQL,Talend ETL
,,,Java,JavaScript,,,,,,SQL,
C,C++,C#,Java,JavaScript,,,,,,SQL,"Scala, bash"
C,,,,JavaScript,,,PHP,,,SQL,
,,,,JavaScript,,,PHP,,,SQL,
,,C#,,,,,,,,SQL,
,,,,JavaScript,,,,Python,Ruby,SQL,
,C++,,Java,,,,PHP,,Ruby,SQL,
,,,,,,Objective-C,,,,,
,,,Java,,,,,,,SQL,
,,,,,,,,,,,
,,,,JavaScript,,,PHP,Python,,SQL,
,,,Java,JavaScript,,,,,,,"jquery, xsl, xml"
,,C#,,JavaScript,,,,,,SQL,
,,,,,,,,,,,
,,C#,Java,JavaScript,,,,,,,
,C++,C#,Java,JavaScript,,,,,,SQL,
C,C++,,,JavaScript,,,PHP,,,,bash
,,,Java,,,Objective-C,PHP,,,SQL,
,,,,JavaScript,,,PHP,Python,,SQL,Perl
,,,,JavaScript,Node.js,,PHP,,,SQL,
,,,,JavaScript,,,,Python,,,
C,C++,,,,,,,,,,
,,,Java,,,Objective-C,,Python,,,
C,C++,,,,,,,,,,
,C++,,,JavaScript,,,,Python,,,
,,,,JavaScript,,Objective-C,PHP,,,SQL,
C,C++,C#,Java,JavaScript,,,PHP,,,SQL,
,,,Java,,,,,Python,,,
,C++,,Java,,,,,Python,,,
,,,,,,,,,,,
,,,Java,,,,,,,,
,,,,,,,,,,,
C,C++,C#,,,,,,,,,
,,,,,,,PHP,,,,"Go, MongoDB"
,,C#,,JavaScript,,,,,,,
C,,,,JavaScript,,,PHP,,,SQL,
,,,,,,Objective-C,,,,,
,,,Java,,,,,,,,
,,,,,,,,,,,
,,,Java,JavaScript,,,PHP,,,SQL,
,,C#,Java,JavaScript,,Objective-C,,,,SQL,
C,,,,,,,,Python,,SQL,
,,C#,,,,,,,,SQL,
,,,Java,,,,,Python,,SQL,
,,C#,,,,,,,,SQL,JQuery
,,,,JavaScript,,,PHP,,,SQL,
,C++,,,JavaScript,Node.js,,,,,SQL,
,,,,,,,,,,,
,,,Java,,,,,,,,
,,,,JavaScript,,,PHP,,Ruby,SQL,
,,,Java,JavaScript,,,,,,SQL,
,,,,,,,,,,,
,,C#,,JavaScript,,,,,,SQL,
,C++,,,,,,,,,,
,,,,JavaScript,,,PHP,,,,
,,C#,,,,,,,,,
C,C++,,Java,,,,,,,SQL,
,,,Java,JavaScript,,,,,,SQL,jsf
,,C#,,JavaScript,Node.js,,,,Ruby,SQL,
,,,,JavaScript,,,,Python,,SQL,
C,,,Java,,,,,,,,
,,C#,,JavaScript,,,,,,,
,,,,JavaScript,,Objective-C,PHP,,,SQL,
,,,,,,,PHP,,,SQL,
,,,,JavaScript,,,,,Ruby,,CoffeeScript
C,C++,,Java,JavaScript,,,,,,,
C,C++,,,JavaScript,,Objective-C,PHP,,,SQL,
,,,,,,Objective-C,,,,,
,,,,,,,,,,,Scripting
C,,,Java,,,Objective-C,,,,SQL,
C,,C#,Java,JavaScript,,,,,,SQL,
,,,Java,,,,,,,,
C,,,,,,Objective-C,PHP,,Ruby,SQL,
,C++,,,JavaScript,Node.js,,PHP,,,SQL,
,,,Java,JavaScript,,,,Python,,SQL,
,,C#,,JavaScript,,,,,,,
,,,Java,,,,,,,SQL,
,C++,,,,,,,,,,
,,,,,,,,,,,
C,C++,,,JavaScript,Node.js,,PHP,,,SQL,
,,C#,,JavaScript,,,,,,SQL,
,,,Java,,,,,,,,
,C++,,,,,Objective-C,,,,,
,,,,,,,,,,SQL,
C,C++,,,,,Objective-C,,,,SQL,
,,,Java,JavaScript,Node.js,,,,,SQL,"Perl, JQuery, Velocity"
,,,Java,JavaScript,Node.js,,,,,SQL,
,,,Java,JavaScript,,,PHP,,Ruby,SQL,
,,,,JavaScript,,,,,,SQL,
,,,Java,JavaScript,,,PHP,,Ruby,,
C,,,,JavaScript,,,,Python,,,Go
,,C#,,,,,,,,SQL,T-SQL
C,C++,C#,,JavaScript,,,PHP,,,,
,,,Java,JavaScript,,,,,,SQL,
C,,C#,,JavaScript,,Objective-C,,Python,,SQL,Perl
,,,,,,,,,,,
,C++,C#,,JavaScript,,,,,,,
,,C#,Java,JavaScript,,,PHP,,,SQL,
,,,,,,,,,,,
,,C#,,JavaScript,,,PHP,,,SQL,
C,C++,C#,,,,,,,Ruby,SQL,
C,C++,,Java,,,,,,,SQL,
,,,Java,JavaScript,,,PHP,,,,PERL
,,C#,,JavaScript,,,,,,SQL,
,,C#,,JavaScript,,,,,,SQL,
,C++,,,JavaScript,,,,Python,,SQL,
,,,,,,,,,,,
,,C#,Java,JavaScript,,,,,,SQL,
,,C#,,,,,,,,,
,,,Java,JavaScript,Node.js,,PHP,,,SQL,
,C++,C#,,,,,,,,,
,,C#,,JavaScript,,,,,,SQL,
,,C#,Java,JavaScript,,,PHP,,Ruby,SQL,
,,,Java,,Node.js,,,,,,
C,C++,,,,,,,Python,,,
,C++,C#,,JavaScript,,,PHP,Python,,SQL,
,,,,JavaScript,,,,Python,Ruby,SQL,Groovy
,,,,JavaScript,Node.js,,PHP,Python,,SQL,
C,,,Java,,,,,,,,
,,,,JavaScript,Node.js,,,Python,Ruby,,
,,,,,,,,,,,
,,,Java,JavaScript,,,,,,SQL,
,,C#,Java,JavaScript,,,,,,SQL,
,,C#,,JavaScript,,,,,,SQL,
,,,,,,,,,,,
,,,,JavaScript,,,,,,,AngularJS
,,,,JavaScript,,,,,,,
,,,Java,,,,PHP,,,SQL,
,,,Java,,,Objective-C,,,,,
,,,Java,JavaScript,,Objective-C,,Python,Ruby,SQL,
,,,,JavaScript,Node.js,,PHP,,,SQL,
,,,,JavaScript,,,,,Ruby,SQL,
,,,Java,,,,,,,SQL,
,,,,,,,,,,,
C,C++,,,JavaScript,,,PHP,,Ruby,,
,,,,,,,,,,,
,C++,,,,,,,Python,,,
C,,C#,,JavaScript,,,,,,SQL,Perl
,,,,JavaScript,,,,,Ruby,,
,,,,,,,,,,,
,,,,JavaScript,,,,Python,,SQL,
,,,,JavaScript,Node.js,,PHP,,,SQL,
,,,Java,JavaScript,,,,,,,Scala
,,,Java,,,,,,,,Scala
,,C#,,JavaScript,,,,,,SQL,
,,,Java,,,,,,,,
C,C++,,,JavaScript,,,,Python,,,
,C++,,,,,,,Python,,,
,,,,,,Objective-C,,,,,
,,C#,,JavaScript,Node.js,,,,,SQL,
,C++,C#,Java,JavaScript,,Objective-C,,Python,,SQL,
,,,,,,,,,Ruby,,
,,,Java,JavaScript,,,PHP,,,SQL,
,,,,JavaScript,Node.js,,,,Ruby,SQL,"NoSQL (Redis, MongoDB)"
C,C++,,,JavaScript,,,PHP,Python,Ruby,SQL,
,,,,JavaScript,Node.js,,PHP,,,SQL,
,,C#,,,,,PHP,,,SQL,
,,,Java,JavaScript,,,PHP,Python,,SQL,
,,C#,Java,JavaScript,Node.js,Objective-C,PHP,Python,Ruby,SQL,
,,C#,,JavaScript,,,,,,SQL,
,,C#,,JavaScript,Node.js,,,,,SQL,
C,C++,C#,Java,,,Objective-C,,,,SQL,
,,,,,,Objective-C,,Python,,,
,,C#,,JavaScript,,,,,,SQL,
,,,,,,,PHP,,,,
,C++,,Java,,,,PHP,,,SQL,
,,C#,,JavaScript,,,,,,SQL,"CSS, SVG"
,,C#,,JavaScript,,,,,,SQL,
,,,,,,,,,,,
,,,Java,JavaScript,,,,,,SQL,PowerShell
,C++,,,,,,,Python,,SQL,
C,C++,C#,Java,JavaScript,Node.js,,PHP,,,SQL,
,,C#,,,,,,,,,
C,C++,C#,,JavaScript,,,,,,SQL,
,,C#,,JavaScript,,,,,,SQL,
C,C++,,,JavaScript,,,,,,,
,,C#,,JavaScript,,,PHP,,,SQL,
C,,,,,,,,,,,
,,C#,Java,JavaScript,,Objective-C,,,,,
,,C#,,JavaScript,,,,,,SQL,
,,C#,,JavaScript,,,,,,SQL,
,,,,JavaScript,,,,Python,,SQL,
,,,,,,,,Python,,,Go
,,C#,,,,,,,,,
,C++,,Java,JavaScript,,,PHP,,,SQL,"Gradle, UML, Actionscript"
,,,,,,,,,,,
,,,,JavaScript,Node.js,,PHP,,,SQL,
C,,C#,,,,Objective-C,,,,,
,,C#,,JavaScript,,,,,,,
,,,,,,,,,,,
,,,,,,,,,,,
,,,Java,,,,PHP,,,SQL,
,,,Java,JavaScript,,,,,,,
C,C++,,Java,,,,,Python,,SQL,
,,,,,,,,,,,
,,,Java,JavaScript,,,,,,SQL,
,,,,JavaScript,Node.js,,PHP,,,SQL,
,,,Java,,,,,,,,
,,,Java,JavaScript,,,,,,,
,,,,,,,,Python,Ruby,,R
,,,Java,,,,,,,,VBA
,,,,,,,,,,,
,,,Java,,,,,Python,,,
,,,,JavaScript,,Objective-C,PHP,,,SQL,
,,,,,,,,,,,
,,,,,,,,,,,
,,,Java,JavaScript,,,,,,,
C,C++,C#,Java,,,Objective-C,,,Ruby,,
,,C#,,JavaScript,,,,,,SQL,
,,,,JavaScript,Node.js,,,,,,
,,C#,Java,,,,,,,,
,,,,,,,PHP,,,SQL,
,,,Java,,,Objective-C,,Python,,SQL,
,,,,JavaScript,,,PHP,Python,,SQL,BASIC
,,,,,,,,,,,
,,,Java,,,,,,,SQL,"Hadoop, Redis, Storm"
,,,,,,,,,,,
,,,,,,,,,,,
C,C++,,,,Node.js,,,,,,
,,C#,,JavaScript,,,,,,SQL,extjs
,,,Java,JavaScript,,,,,,SQL,
,,C#,,JavaScript,,,,,,SQL,
,,C#,,,,Objective-C,,,,SQL,VB.NET
,,,,,,,,,,,
,C++,C#,Java,,,,PHP,,,SQL,Android
,,,Java,JavaScript,,,PHP,,Ruby,,TypoScript
,,,,,,,,,,,
,,C#,,,,,,,,SQL,
,,,,JavaScript,,,PHP,,,SQL,redis
,,,,JavaScript,,,,,,,"CSS, HTML, ActionScript, Flash"
,,,,,,,,,Ruby,SQL,
,,,Java,,,,,,,SQL,Cql
C,C++,,,JavaScript,,,,,Ruby,,
,,,Java,,,,,,,,
,,,,,,,,,,,
,,,Java,,,,PHP,,,,
,,,,,,,,,,,
,,C#,,JavaScript,,,,,,SQL,
C,,,,JavaScript,Node.js,,,Python,Ruby,SQL,
,,,,JavaScript,,,,,Ruby,,
,C++,,Java,,,,PHP,,,SQL,
,,,,JavaScript,,,,,Ruby,,
C,,,,,,Objective-C,,,,,
,,,,JavaScript,Node.js,,,Python,,SQL,
,C++,,,,,,,Python,,,
,,,,,,,,,,,
,,,Java,JavaScript,,,PHP,,,SQL,
,,C#,,JavaScript,,,,,,,
,,C#,,JavaScript,,,,,,SQL,
,,,Java,JavaScript,,Objective-C,PHP,,,SQL,
,,C#,,JavaScript,,,,,,,
,,,,JavaScript,,,PHP,Python,,SQL,
,C++,,,,,Objective-C,,,,,
,,,Java,JavaScript,Node.js,,,Python,,SQL,
,,C#,,JavaScript,,,,,,SQL,
,,C#,Java,,Node.js,,,,,SQL,
,,,Java,JavaScript,,,,,,,
,,C#,,,,,,,,,
C,,,,JavaScript,,,PHP,,,SQL,
,,,Java,JavaScript,,,PHP,,,SQL,TCL
C,C++,,,,,,,,,,
,,C#,Java,JavaScript,,Objective-C,,Python,,SQL,
,,,Java,JavaScript,,,,,,SQL,
,C++,C#,Java,,,Objective-C,,,,,
C,,,Java,JavaScript,,Objective-C,PHP,,,SQL,"jQuery,html"
,,,,JavaScript,,,PHP,Python,,,
,,,,,,,,,,,
C,,,Java,,,Objective-C,,,,,
,,,,JavaScript,,,,,,,google maps api
,,,,,,,,,,SQL,VB.Net
,,,,,,,,,,SQL,CSS3 HTML5
,,,,,,,,,,,
C,,,Java,,,,,,,SQL,
,,,Java,,,,,,,,
,,C#,,JavaScript,,,,,,,Razor
,,,Java,,,,,,,,
,C++,,Java,,,,,Python,,SQL,
C,,,Java,JavaScript,,Objective-C,PHP,,,,
C,C++,,Java,,,Objective-C,,Python,,,
,,,Java,JavaScript,,Objective-C,,,,,
,,C#,,,,,,,,SQL,
,,,,,,,,Python,,,
,,,Java,JavaScript,,,,,,SQL,
,,,,,,,,,,,
,,,,JavaScript,Node.js,Objective-C,PHP,Python,Ruby,SQL,
C,,,,JavaScript,Node.js,,PHP,,,,Vala
,C++,,,,,,,Python,,,
,,C#,,JavaScript,,,,,,SQL,
,,,,JavaScript,,,,,,,
,C++,,Java,,,,,,,SQL,
,,,,JavaScript,,,,Python,,,matlab
C,,,,,,,,Python,Ruby,,
,,,,,,,,,,,
,C++,,,JavaScript,,,PHP,,,SQL,
,,C#,,,,,,,,,
,C++,,Java,JavaScript,,,,,,,
,C++,,Java,,,,,,,,
,,,,,,,,,,,
,,C#,Java,JavaScript,,,,Python,Ruby,SQL,Perl
,C++,,,JavaScript,,,PHP,,,SQL,I wrote an api server in LoLcode
,,C#,,JavaScript,,Objective-C,PHP,,,SQL,
C,,,,,,,,Python,,SQL,
C,C++,,,JavaScript,,,,Python,,,
,,,,,,,,,,,
,,C#,Java,JavaScript,,,,,,SQL,
C,C++,C#,,JavaScript,,,,,,SQL,
,,,,,,,,Python,,,OCaml
,,,,JavaScript,,,PHP,Python,,SQL,
,,,,,,,,,,,
,C++,,,,,Objective-C,,,,,
C,,,Java,,,,,Python,,,
,,,,,,,,,,,
,,,,,,,,,,,
,,,,JavaScript,,,,,,,
,,,,,,,,,,,
,C++,C#,,,Node.js,,,,,SQL,
,,,,JavaScript,,,,,,,"html,jquery,css,responsive web design,adobe cq5"
,,C#,Java,,,,,,,,
,,,Java,JavaScript,,,,,,SQL,
,,C#,Java,,,,,,,SQL,
,,,,JavaScript,,Objective-C,,,,,
,,,,,,,,,,,
,,,Java,JavaScript,,,,,,SQL,
,,,,,,,,,,SQL,scala
,C++,C#,,,,,,,,,Visual Basic
,,C#,,JavaScript,,,,,,SQL,KnockoutJS
C,,,Java,,,,,,,,groovy
,,,,,,,,,,,
,,,,,,,,,,,
,C++,,,,,,,Python,,,bash
,C++,C#,,,,,,Python,,,LabVIEW
C,C++,,Java,JavaScript,Node.js,,,,Ruby,SQL,
,,C#,,,,,,,,,
,,,,JavaScript,,Objective-C,PHP,,,SQL,
,,,,,,,,,,,
,,,Java,JavaScript,,,PHP,,,SQL,
,,C#,,JavaScript,,,,,,SQL,
,,,Java,,,,,,,,
,,,Java,,,,,,,SQL,
,,,,,,,,,,,R
,,C#,,JavaScript,,,,,,SQL,
,,,Java,JavaScript,Node.js,,PHP,,,SQL,
,,,,,,,,,,,
,C++,,Java,JavaScript,,,,Python,,SQL,
,,,,JavaScript,,,PHP,,,SQL,
,C++,,Java,JavaScript,,,PHP,,,SQL,
,,C#,,JavaScript,,,,,,SQL,
C,C++,C#,Java,,,,,,,SQL,
,,,,,,,PHP,Python,,SQL,
,,,Java,JavaScript,,,,,,,
,,,,,,,,Python,,,R
,,C#,,JavaScript,,,PHP,,,SQL,
,,,,JavaScript,,,,Python,,SQL,
,,,,JavaScript,,,PHP,,,SQL,
,,,,JavaScript,,,PHP,Python,,SQL,"TypeScript, Haxe"
,,,Java,JavaScript,,,,,,SQL,
,,,,,,,,,,,
,,C#,Java,,,Objective-C,,,,,
C,,,Java,JavaScript,,,,Python,,SQL,
C,C++,,Java,,,Objective-C,,,Ruby,,
,,,,,,,,,,,
,,,,JavaScript,Node.js,,PHP,,,SQL,
,,,,,,,,,,,
C,C++,,,,,Objective-C,,Python,,,
,,C#,Java,JavaScript,,Objective-C,,,,SQL,Android
,,,,,,,,,,,
,,,Java,JavaScript,,,,,,SQL,
,,,,,,Objective-C,,,,,
,,,,,,,,,,,VB.NET
,,,Java,,,,,,,,
,,C#,Java,,,,PHP,Python,,SQL,
,,,,JavaScript,,,,,,,R
,,,,JavaScript,,,PHP,,,SQL,
,,,Java,,,,,,,,
,,,Java,JavaScript,Node.js,,,,,SQL,
,,C#,Java,JavaScript,,,PHP,,,SQL,
,,,,,,,,,,,
,,,,,,,,,,,
C,,,Java,,,,,Python,,,Haskell
,,C#,,JavaScript,,,,,,SQL,powershell
C,C++,,,,,Objective-C,PHP,,,SQL,
,,,,JavaScript,,,PHP,Python,,SQL,
C,C++,,,,,,,Python,,,
,,C#,,JavaScript,,,,,,SQL,
C,,C#,,JavaScript,,Objective-C,PHP,,,SQL,
,,C#,,JavaScript,,,,,,,TypeScript
,,,,JavaScript,,,PHP,,,,
,,C#,,JavaScript,,,,,,SQL,
C,,,,,,,,,,,
,,C#,,,,,,,,,"NAnt, PowerShell"
,C++,,,,,,,,,,bash shell
C,C++,,Java,,,,,,,,"verilog, system-verilog"
,,C#,,,,,,,,,
,,C#,,JavaScript,,,,,,SQL,
,,C#,,JavaScript,Node.js,,,,,SQL,
,,,Java,JavaScript,,,,,Ruby,SQL,"Go, Dart"
,,C#,,JavaScript,,,,,Ruby,SQL,
,,,Java,,,,,,,,
,,,,,,,,,,,
,,,,,,,,,,,
C,C++,C#,,,,,,,,,
,,,,,,,,Python,,,
,,,,,,,,Python,,,
C,C++,C#,,,,,,,,,
,C++,C#,,JavaScript,,,,,,,F#
C,C++,,Java,,,,,,,,cuda
,C++,,,,,,,,,SQL,
,,C#,,,,,PHP,,,,
,C++,C#,Java,,,Objective-C,PHP,Python,,SQL,
,,C#,,JavaScript,,,,,,SQL,
,,C#,,JavaScript,,,,,,,
,,,,JavaScript,,,PHP,,,SQL,
,,,Java,,,Objective-C,,,,,
,,,,,,,,,,,
C,,,,JavaScript,Node.js,,PHP,Python,,SQL,Haskell
C,C++,C#,,,,,,,,,
,C++,C#,,JavaScript,,,,,,,
,,,,,,,,,,,
,C++,,,JavaScript,Node.js,,PHP,,,SQL,
,,C#,,JavaScript,Node.js,,,,,,
,,C#,,JavaScript,,,,,,,
,,,,JavaScript,,,PHP,,,SQL,
,,,,JavaScript,,,PHP,,,,
,,,Java,,,Objective-C,PHP,,,,
,,,Java,JavaScript,,,,Python,,,
,,,,JavaScript,,,PHP,,,SQL,MivaScript
,,C#,,JavaScript,,,PHP,,,SQL,
,,,Java,JavaScript,,,,,,SQL,ColdFusion
C,,,,,,Objective-C,,Python,,,
,,C#,,,,,PHP,,,SQL,
,,,,,,,,,,,
,,,,,,,,Python,,,
,,,Java,,,,PHP,,,SQL,
,,,Java,,,,,,,SQL,
,,,,JavaScript,Node.js,,PHP,,,SQL,
,C++,,,,,,,Python,,,
,,C#,,JavaScript,,,,,,,Scala
,C++,,Java,JavaScript,,,,,,,
,,,,JavaScript,,,,Python,,,
,,,,,,,,,,,
,,,Java,JavaScript,,,PHP,,,,"ActionScript, Flex"
C,,,Java,,,,,,,,scala
,,C#,,,,,,,Ruby,SQL,puppet
,,,,,,,,,,,
,,,,,,,,,,,
C,C++,,Java,,,,,,,,
,,,,JavaScript,Node.js,,,,,,
C,,,,JavaScript,Node.js,,PHP,,,SQL,
,,,,JavaScript,Node.js,,,,,,Perl
,,,,,,,,,,,
,,,,,,,,,,SQL,scripting
,,,Java,JavaScript,,Objective-C,PHP,Python,Ruby,SQL,
,,,,,,,,,,,
,,,Java,,,,,,,,
,C++,,Java,JavaScript,,,PHP,Python,,SQL,Google Apps Script
C,,,Java,,,,,,,,
,,C#,,,,,,,,SQL,"VB6, VB.NET"
,,,Java,JavaScript,Node.js,,,Python,,,
,,,Java,JavaScript,,Objective-C,,,,,
,,,Java,JavaScript,,,PHP,Python,,SQL,
,,C#,,JavaScript,,,PHP,,,SQL,Actionscript 2 and 3
,,C#,Java,,,,,Python,,SQL,
,,,Java,,,Objective-C,,,,,
C,C++,C#,Java,,,,PHP,,,SQL,
,,,,,,,,,,,
,C++,,Java,JavaScript,,,PHP,,,SQL,
,,C#,Java,JavaScript,Node.js,,,,,,
C,,,,,,,,,,,"Assembler, Lua"
,,C#,,JavaScript,,,,,,,
,,,,JavaScript,Node.js,,,,,,
,,,,JavaScript,,,,Python,,,
,,,Java,JavaScript,,,,Python,,,
,,,,,,,,,,,
,C++,,,,,,,,,,R
,,,,,,,,,,,
C,C++,,Java,,,,,,,SQL,
,,,,,,,,,,,
,,,,,,,,,,,
,,,,JavaScript,Node.js,,,,,,
,,C#,,,,,,,,,
,,,Java,,,,,,,SQL,
C,C++,C#,Java,JavaScript,,,PHP,Python,,SQL,
,,C#,Java,JavaScript,,Objective-C,PHP,,,SQL,
,,C#,,,,,,,,,
,,,Java,JavaScript,,,,Python,Ruby,SQL,
,C++,C#,Java,JavaScript,,Objective-C,PHP,Python,Ruby,SQL,
,,,,JavaScript,,,,,Ruby,,R
C,,,,JavaScript,Node.js,Objective-C,,,Ruby,SQL,
,,,,,Node.js,,,,,,
,,,Java,,,,,,,,Scala
,,,Java,JavaScript,,,,Python,Ruby,,
,,,,JavaScript,,,PHP,,,SQL,
,,C#,,JavaScript,,,,,,SQL,
,C++,,,,,,,Python,,,"bash, shell"
C,C++,C#,,JavaScript,,,,,,SQL,
,,,Java,,,,,,,,
,,C#,,JavaScript,Node.js,,,Python,,,
,C++,,Java,,,,PHP,Python,Ruby,,MATLAB
,,,,JavaScript,,,PHP,,Ruby,SQL,
C,C++,,,,,,,Python,,,
,,,Java,,,,,,,,
,,,,,,,,,,,Adobe
C,,,Java,JavaScript,,,PHP,,,SQL,
,C++,,Java,,,Objective-C,,Python,,,
,,C#,,,,,PHP,Python,,SQL,
,,C#,,JavaScript,,,,,,SQL,
,,C#,,JavaScript,,,,,,SQL,
,,,Java,JavaScript,Node.js,,,,,,
C,C++,C#,Java,,,,,,,,
C,C++,C#,Java,,,,,,,,
,,,Java,JavaScript,,,,,,,VB
,,,Java,JavaScript,,,,,,,
,C++,,,,,,,,,,
C,C++,,Java,JavaScript,,,PHP,,,SQL,
,,,Java,JavaScript,,,,,,SQL,
,,,,JavaScript,Node.js,,,,,SQL,
C,C++,,Java,JavaScript,,,PHP,,,SQL,
C,C++,,,,,,,Python,,,
,,,,JavaScript,,,,,Ruby,,
,C++,,Java,,,,,,,,
,C++,,Java,,,,,Python,,,
,,,,,,,,,,,
,,,Java,JavaScript,,,,,,SQL,BPM
C,C++,,Java,,,Objective-C,,,,,
C,,,,,,,,,,,
,,,,,,,,,,,
,,,,JavaScript,,Objective-C,,Python,,,
,,,,,,Objective-C,,,,,
,,,,JavaScript,,,,Python,,SQL,
,,C#,,JavaScript,,,,,,SQL,
,,,,,,,,,,,
,,,,JavaScript,Node.js,,PHP,,,SQL,
,,,Java,JavaScript,,Objective-C,,Python,,SQL,
,,C#,,,,,,,,,
C,C++,,,,,,,Python,,,
,,,,,,,,,,,
,C++,C#,,JavaScript,,,,,,SQL,
,,C#,,JavaScript,,,,,,SQL,
,,C#,,,,,,,,SQL,
,,,,JavaScript,,,PHP,,,SQL,
C,,,Java,JavaScript,Node.js,,,Python,Ruby,SQL,
,,,,JavaScript,,,PHP,,,,
C,,,,JavaScript,,,PHP,,,SQL,
,,,,,,,,,,,
C,C++,,Java,,,,,,,SQL,PL/1
,,,Java,JavaScript,,,,Python,Ruby,SQL,Scala
,,,Java,,,,,Python,Ruby,,
,,,,,,,,,,,R
C,C++,,Java,,,,,Python,,,Assembly
,,,,JavaScript,,Objective-C,PHP,,,SQL,
,,,,JavaScript,Node.js,,PHP,,,,
,,,,,,Objective-C,,,,,
,C++,C#,Java,JavaScript,,,PHP,Python,,SQL,
,,C#,,,,Objective-C,,,Ruby,,
,,,Java,,,,,,,,
C,,,,JavaScript,,,,,,,Dart
,,,,,,,,,,,
,C++,C#,,,,,,,,SQL,
,,,,,,,,,,,
C,C++,C#,Java,,,,,,,SQL,
,C++,,,,,,,,,,.ASP
C,C++,,,,,,,,,,
C,,,,,,,,Python,,,VHDL
C,,,Java,JavaScript,,,,Python,,,
,C++,C#,Java,JavaScript,,Objective-C,,,,,
,,,Java,JavaScript,,,,Python,Ruby,SQL,
,,,,,,,,,,,
,,C#,,JavaScript,,,,,,SQL,Delphi/Pascal
,,C#,,JavaScript,,,,,,SQL,
,,,,JavaScript,Node.js,,PHP,,,SQL,
,C++,,Java,,,,,Python,,,
,,,Java,JavaScript,,,PHP,,,SQL,
,,,,JavaScript,,,,,,SQL,Scala
,,,Java,,,,,,,,
,,,,,,,,,,SQL,
,,,Java,,,,,,,,Turing
,,,Java,JavaScript,,,PHP,,,,
,,,,,,,,,,,
,,,,JavaScript,,,PHP,,,SQL,"jQuery, CodeIgniter, Perl"
,,,,,,,,,,,VBA
,C++,,,,,,,,,,VB
,,,Java,JavaScript,,Objective-C,PHP,,,SQL,"ActionScript, JQuery"
,,C#,Java,JavaScript,,,PHP,,,,
,,,,JavaScript,,,PHP,,,SQL,"COBOL, REXX"
,C++,C#,Java,,,,,Python,,,
,,,,JavaScript,Node.js,,,,,,erlang
C,C++,,Java,JavaScript,,Objective-C,,,,,
,,C#,,JavaScript,,,,,,,TypeScript
,,,,,,,,,,,
,,,,JavaScript,,,PHP,Python,,SQL,
C,,,,,,Objective-C,,,,,
,,,,,,,,,,,
,,,,,,,,,,,"HTML, CSS, SCSS"
,C++,,Java,JavaScript,,,PHP,,,,
,,,Java,,,,,,,,
,,,Java,JavaScript,Node.js,,,,,,
C,C++,C#,,,,,,,,,
,,,Java,JavaScript,,Objective-C,,,,,Scala
,,,,,,,,,,,
,C++,,,,,Objective-C,PHP,Python,,SQL,
,,,,,,,,,,,
,,C#,,JavaScript,,,,,,SQL,
,,,,,,,,,,,
C,,,,,,,,,,,"Ada, SPARK"
C,C++,C#,Java,JavaScript,Node.js,Objective-C,PHP,Python,Ruby,SQL,
,,,Java,JavaScript,,,,Python,,,SWI-Prolog
,,,Java,,,,,Python,,,
,,,Java,,,,,Python,,,
,,C#,Java,,,,,,,SQL,
C,,,Java,,,,,Python,,,
,,C#,Java,JavaScript,,,,,,SQL,
,,,,JavaScript,Node.js,Objective-C,,,Ruby,,Scala
,,,,,,,,,,,
C,C++,C#,Java,JavaScript,,,,Python,,SQL,
,,,,,,,,,,,
,,,,,,,,,Ruby,SQL,PL/SQL
,,C#,,JavaScript,,,PHP,,,SQL,
,,,,JavaScript,,,PHP,,,SQL,
,C++,C#,Java,JavaScript,,,PHP,,,,
,C++,C#,,,,,,,,,
,,,,,,,,,,,
,,C#,Java,,,,,,,SQL,
C,,,,JavaScript,,,PHP,Python,,SQL,"Lua, Dart"
,,C#,,,,,,Python,,,
,,,,JavaScript,Node.js,,,Python,,SQL,
,C++,C#,,JavaScript,,,PHP,,,,
,,,Java,JavaScript,,,,,,SQL,
,,,,,,,,,,,
,C++,,Java,JavaScript,,,,,,,perl
C,C++,,,,,,,Python,,,LaTeX
,,,,,,,,,,,"Tcl, Bash"
,,,Java,,,,,,,,
,,,,,,,,,Ruby,,
,,,,,,,,,,,
,,,,JavaScript,,,,,,,perl
,C++,C#,,JavaScript,Node.js,,,,,,
,C++,,Java,JavaScript,,,,Python,,SQL,
,,C#,Java,JavaScript,,,,,,SQL,
C,C++,C#,,,,,,Python,,,
,,,,JavaScript,,,PHP,,,,
C,C++,C#,Java,JavaScript,,,,Python,,SQL,
C,,,Java,JavaScript,,,PHP,Python,,SQL,
,,C#,,JavaScript,,,,,,SQL,
,,,Java,,,,,Python,,SQL,
C,C++,,,,,,,Python,,,
,,,,,,,,,,,F#
,C++,C#,Java,JavaScript,,,,Python,Ruby,SQL,
,C++,,,,,,,,,,
,,,,,,,,Python,,SQL,shell
,,,,,,,,,,,
C,,,,JavaScript,,,,Python,,SQL,
,,,,JavaScript,,,,Python,,,
,,,Java,,,,,,,,
,,,,JavaScript,,,PHP,,,,
,,,Java,JavaScript,,,PHP,Python,Ruby,SQL,
,,,,,,,,,,,
,,,Java,,,,,,,,
,,C#,,,,,,,,SQL,
,,,,,,,,,,SQL,
,C++,,,,,,,Python,,,
,,,,,,,,,,,
C,C++,,,JavaScript,Node.js,,,,Ruby,,Haskell
C,,,,,,Objective-C,,,,,
,,,Java,,,,,,,,
,,,,,,,PHP,,,,
,,C#,Java,,,,,,,,
,,,Java,JavaScript,,,,,,,
,C++,,,,,,,,,,
,,,,,,,,,,,
,,C#,,JavaScript,,,,,,,
,C++,C#,Java,,,,,,,,
C,,,Java,,,,,Python,,,
,,,Java,JavaScript,,,,,,,Groovy Maven Spring
,,,,JavaScript,,,PHP,,,SQL,
,,C#,Java,,,,,,,SQL,
,C++,C#,,,,,,,,SQL,
,,C#,Java,JavaScript,,,PHP,,,,
,C++,,,,,,,Python,,,
,,,,,,Objective-C,,,,,
,,,Java,JavaScript,,,PHP,,,SQL,
,,C#,,JavaScript,,,,,,SQL,
,C++,,Java,JavaScript,,,,Python,,SQL,
,,,,,,,,,,,
,C++,C#,,,,,,,,,
,,,,,,,,,,,
,,,,,,,,,,,groovy
,,,,,,,,,,,
C,,C#,Java,JavaScript,,Objective-C,,,Ruby,,
,,C#,,JavaScript,,,,,,,
,,,Java,,,,,,,,
,,,,,,,,,,,
C,C++,,,,,,,Python,,,
C,C++,,,JavaScript,,,,,,,
C,C++,C#,,,,,,Python,,,Scala
,,,,,,,,,,,
,,,,,,,,,,,
C,C++,,Java,,,,,,,,
C,C++,C#,,JavaScript,Node.js,,PHP,,,SQL,
,,,,,,,,,,,
,,,Java,,,,,Python,,,
,,C#,,,,,,,,,
,,,,,,,,Python,,SQL,
,,,,,,,PHP,,,SQL,Kix
,,,Java,,,Objective-C,,,,,
,,,,,,,,,Ruby,,
,,,,,,,,,,,
C,,,,JavaScript,,,PHP,,,SQL,VBA (seriously!)
,,,,,,,,,,,
,,C#,,JavaScript,,,,,,SQL,
,,,Java,JavaScript,Node.js,,PHP,,,SQL,"Scala, Groovy, Zsh"
,,C#,,JavaScript,,,,,Ruby,SQL,
,,C#,,JavaScript,,,,,,SQL,
,,,Java,JavaScript,Node.js,,,,,,
,,,,,,,,,,,
,,,,JavaScript,Node.js,,,,,,
,,,,JavaScript,,,PHP,,Ruby,,
,,C#,,,,,,,Ruby,,Visual Basic
,,,Java,,,Objective-C,,,,,
,C++,,Java,,,,,Python,,,
,C++,,Java,JavaScript,,Objective-C,PHP,,,SQL,
,C++,,,,,,,,,SQL,
,,C#,Java,,,Objective-C,PHP,,,SQL,
,,,,JavaScript,,,PHP,,,SQL,HTML
,,,,,,Objective-C,,,Ruby,SQL,
,,C#,Java,JavaScript,,,,,,SQL,
,,,,,,,,,,,Delphi
,C++,,Java,,,,,Python,,,
,,,,,,,,,,,VB.NET
,,,,,,,,,,,
,,,,JavaScript,Node.js,,PHP,,,SQL,
,,C#,,JavaScript,,,,,,,
,,C#,,,,,,,,,
C,C++,C#,Java,,,,,,,SQL,
,,,Java,,,,PHP,,,SQL,
,,C#,,JavaScript,,,PHP,,,SQL,
,,,,,,,,,,,
,,C#,,,,,,,,,
,,,,,,,,,,,
,,,,,,,,,,,
C,C++,,,,Node.js,Objective-C,,,,,
,,,,JavaScript,,,PHP,,,SQL,
,,,,,,,,,,,
,,,Java,,,,,,,SQL,
,,,,,,,,,Ruby,,
,,,,,,,PHP,Python,,SQL,
,,,,,,,,,,,
,C++,,Java,,,,PHP,,,SQL,
,,C#,,JavaScript,,,,,Ruby,SQL,
,,,,,,,,,,,
C,,,,,,,,Python,Ruby,,
C,,,Java,JavaScript,,,,Python,,SQL,
,,,,,,,,,Ruby,SQL,
,,C#,,,,,,,,SQL,
,C++,C#,Java,,,Objective-C,PHP,,,SQL,
,,C#,Java,JavaScript,,,,,,SQL,
,C++,,,,,,,Python,,,
,C++,C#,,JavaScript,,,PHP,,,SQL,
C,,,,JavaScript,Node.js,,PHP,,,,"VBA, VBScript"
,,,Java,JavaScript,Node.js,,,Python,,,appengine
,,C#,,JavaScript,,,,,,,
C,,,,,,,,Python,,,shell scripts
,,,,JavaScript,Node.js,,PHP,Python,,SQL,erlang
,,C#,Java,JavaScript,,,PHP,,,SQL,
,,,Java,JavaScript,,,,,,,
,C++,,,,,,,,,,
C,,,Java,,,Objective-C,PHP,,,,"Android, Phonegap"
C,C++,C#,Java,JavaScript,,,PHP,,,SQL,
,,,,,,,,,,,
,,,,JavaScript,,Objective-C,,,,,ABAP
,C++,,Java,,,,PHP,,,SQL,
,,,Java,JavaScript,,,,,,SQL,
,,,Java,JavaScript,,,,,,,
,C++,C#,,,,,,Python,,,
,,C#,,JavaScript,,,,,,SQL,
,C++,,,JavaScript,,,,,,,
,,,,,,,,,,,
,,C#,,JavaScript,,,,,,SQL,
,,,,,,,,,,,
,,C#,Java,JavaScript,Node.js,,PHP,,Ruby,,
,,,,,,,,,,SQL,
,C++,C#,Java,,,,,,,,
,,,Java,,,,,Python,,,
,,C#,,JavaScript,,,,,,SQL,
,,,Java,,,,,,,,
C,,,,,,,,Python,,,
C,,,Java,JavaScript,,Objective-C,PHP,,,SQL,
,,C#,Java,JavaScript,,Objective-C,PHP,,Ruby,SQL,
,,,,,,,,,,SQL,Delphi
C,C++,,,JavaScript,,Objective-C,,,,,
,,,Java,,,,,,,,
,,,,,,,,,Ruby,,
,,C#,,JavaScript,,,,,,SQL,
C,,,,,,Objective-C,,,Ruby,,
,,,Java,JavaScript,,,,,,SQL,
,,,,JavaScript,Node.js,,,,Ruby,SQL,
,,,,,,,,,,,
,,,Java,,,,,,,,R
,,C#,,JavaScript,,,PHP,,,SQL,
,,,,,,,,Python,,,
,,,,,,,,,,,
C,C++,,,,,,,Python,Ruby,,
,,C#,,JavaScript,,,,,,SQL,
,,,,JavaScript,,,,Python,,SQL,
,,C#,,JavaScript,,,,,,SQL,SAS
C,,,Java,JavaScript,,,,Python,,,"Assembly, WebGL"
,,C#,Java,,,,,,,SQL,
,,,Java,,,Objective-C,,,,,
,,,,JavaScript,,,,,,SQL,Scala
,,,Java,JavaScript,,,,Python,,SQL,
C,,,Java,,,,,,,,
,,,Java,JavaScript,,,,,,,
,,,,JavaScript,,,PHP,Python,,,
C,C++,,,,,Objective-C,,,,,
,,,,,,,,,,,
,,C#,Java,,,,,,,SQL,
,,,Java,JavaScript,,Objective-C,,Python,Ruby,,
,,C#,,,,,,,,,Optics Raytracing with Breault's ASAP
,,,,,,,,,,,
C,C++,,,JavaScript,,,PHP,,,SQL,ANTLR
,,C#,,JavaScript,Node.js,Objective-C,,,Ruby,SQL,
,,C#,Java,JavaScript,,,,,,,OScript
,,C#,Java,JavaScript,,,,,,SQL,
,C++,,,JavaScript,Node.js,Objective-C,,,,,
,,C#,,JavaScript,,,,,,SQL,
,,,Java,,,,,Python,,,
,,,,,,,,,,,
,C++,,,,,,,,,,
,,,,JavaScript,,Objective-C,PHP,,,,
,C++,,Java,JavaScript,,,PHP,,,SQL,Arduino
,,,Java,,,,,Python,,,
,,,,,,Objective-C,,,,,
,,,,,,Objective-C,,,,,
,,,Java,,,,,,,SQL,Clojure
,,,,,,,,,,,
,,C#,,,,,,,,,
,,,Java,,,,PHP,,,SQL,
,,,Java,JavaScript,,,,,Ruby,SQL,
C,,,Java,,,,PHP,,,SQL,
,,,,JavaScript,,,,Python,,SQL,
C,C++,C#,Java,,,,,,,,
,,,,,,,,,Ruby,,
,,,,,,,,,,,
,,C#,,JavaScript,,,,,,SQL,
,,C#,,,,,,,,SQL,
C,C++,,Java,JavaScript,,,,Python,,SQL,
,,,,JavaScript,,,,Python,,,
C,,,Java,JavaScript,,,,,,SQL,
,,,Java,,,,PHP,,,SQL,Delphi
,C++,,Java,,,,,,,,
,,C#,,,,,,,,SQL,VB.Net
,,,,,,,,,,,
,,C#,,JavaScript,,,PHP,,,SQL,VB.NET
,,C#,,,,,,,,SQL,
,,,,,,,,Python,,,
,,,,JavaScript,,,,Python,,SQL,
,,,,,,,,,,,
,,C#,Java,,,,,Python,,SQL,
,,,Java,JavaScript,,,,Python,,SQL,
,,,,JavaScript,,,,,,SQL,ESQL
,,,Java,,,,,,Ruby,,
,,C#,,,,,PHP,,,SQL,
,C++,,Java,,,,,,,,
,,,,JavaScript,,,,Python,,,
,,,,,,,,,,,
,,,,JavaScript,,,,,,,
,,,,JavaScript,,,,Python,,SQL,AppleScript
,,C#,,JavaScript,,,,,,,Perl
,,,,,,,,,,,
,,,,,,,PHP,,,,
,,C#,,,,,,,,SQL,
,,,,JavaScript,,,PHP,,,SQL,
,,,Java,JavaScript,Node.js,,PHP,,,SQL,
,,,,,,,,,,,
,,,Java,,,,,,,SQL,plsql
C,,,Java,,,,,,,,
,,C#,,JavaScript,,,,,,SQL,
,,,,,,,,,,,
,,,,,,,PHP,,,,
,,,,JavaScript,,,PHP,,,SQL,
,,,Java,JavaScript,,,PHP,,,SQL,
,,C#,,,,,PHP,,,SQL,vb.net
,,,,JavaScript,,,PHP,,,SQL,
,,,Java,JavaScript,,,,,,,LotusScript XPages
,,C#,,JavaScript,,,,,,SQL,
,,C#,,JavaScript,,,,,,SQL,
,,,Java,JavaScript,,,,,,SQL,
,,,,,,,,,,,
,,,Java,JavaScript,,Objective-C,,,,SQL,
,,,Java,,,Objective-C,,,,SQL,
,C++,,Java,JavaScript,,,,,,SQL,
,,C#,Java,,,,,,,SQL,
,,,Java,JavaScript,,Objective-C,PHP,Python,,SQL,
,,,,,,,,,,,
,C++,C#,Java,JavaScript,,,PHP,,,,
,C++,,Java,JavaScript,,,PHP,,,SQL,CUDA
,,,,,,,,,,,
,,C#,,,,,,Python,,,
,,,,,,,PHP,Python,,,
,,C#,,,,,,Python,,SQL,
,,,Java,JavaScript,,,,,,,
,,C#,Java,JavaScript,,,PHP,,,SQL,groovy
,,,Java,JavaScript,,Objective-C,,Python,,SQL,
,,,,,,,,,,,
,,C#,,JavaScript,,,,,,SQL,
C,,,,JavaScript,,,PHP,,,SQL,
,,,,,,,PHP,,,SQL,"bash, PERL"
,,,,,,,,,,,
,,,,,,,,,,,
,,C#,,JavaScript,,,,,,SQL,backbone.js
,,C#,,,,,,,,,
C,,,,,,,,,,,
C,,C#,,JavaScript,,,PHP,,,SQL,
,,,,JavaScript,,,PHP,,,SQL,
,,C#,,JavaScript,Node.js,,PHP,,,SQL,
,,,Java,,,,,,,,
,,,Java,JavaScript,Node.js,,PHP,,,SQL,"ext.js,angular.js"
,,,,,,,,,,,
,,,,,,,,,,,
,,,Java,JavaScript,,,,,,SQL,
,,C#,,,,,,,,,powershell
,,,,,,,PHP,,,,
,,C#,,JavaScript,,,,,,,VB.NET
C,C++,,Java,JavaScript,,,PHP,,,SQL,
,,,,JavaScript,,,PHP,,,SQL,
,,C#,,JavaScript,,,,,,SQL,
,,,,JavaScript,,Objective-C,PHP,,,SQL,
,,,,JavaScript,,,PHP,,,SQL,
,,,,JavaScript,,,PHP,,,,
,,,,,,,,,,,
,,,,,,,,,,,
,,,,,,,,,,,
,,,,,,,,,,,
C,,,Java,JavaScript,,,,,,SQL,
,,,,,,,,,,,
,,,Java,JavaScript,,,,,,,
,,,Java,JavaScript,,,PHP,,,SQL,
,,,,JavaScript,,,PHP,,,SQL,
,,,Java,,,Objective-C,PHP,,,,
,,,,JavaScript,Node.js,,,,,,
,,,,,,,,,,,
,,,Java,,,Objective-C,,,,,
C,C++,,Java,,,,,,,,
C,C++,,Java,JavaScript,,,PHP,,,,
,,,,,,,,,,,
,,,,,,,,,,,
,,,Java,JavaScript,,,PHP,,,SQL,"YII, codeigniter"
,C++,C#,Java,JavaScript,,,,,,,
,,C#,,,,Objective-C,,,,,
,,C#,,JavaScript,Node.js,,PHP,,Ruby,SQL,
,,,,JavaScript,,,,,,,
,,,Java,,,,,,,,
,C++,C#,,,,Objective-C,,,,SQL,
C,,,Java,JavaScript,Node.js,,,Python,Ruby,SQL,CoffeeScript
,,,,,,,,,,,
,,C#,,JavaScript,,,,,,SQL,
,,,,JavaScript,,,,Python,,SQL,
,,,Java,,,,,,,,
,,C#,,,,,,,,SQL,"Delphi, Oxygene, Basic4Android"
,,C#,,JavaScript,,,PHP,,,,ASP.NET
,C++,,Java,,,,,Python,,,
,,,,,,,,,,,
,,,Java,JavaScript,,,,,Ruby,,
,,,,,,,,,,,
C,C++,,,JavaScript,,,,,,,Prolog
,,,,JavaScript,,,PHP,,,SQL,redis
,C++,C#,Java,,,,,,,,
,,C#,Java,,,,,,,SQL,
,,,,JavaScript,,,PHP,,,,
,,,,JavaScript,,,,,,SQL,
,,,,,,,,,,,
,,C#,,JavaScript,,,,,Ruby,SQL,
,,,,,,,,,,,
,,,,,,,,,,,
,,,,JavaScript,,,PHP,,,SQL,
,,,Java,,,,,Python,,SQL,
,,,Java,JavaScript,,,PHP,,,SQL,
C,,,,,,,PHP,,,,
,,,,,,,,,,,
,,,Java,JavaScript,,,PHP,,,SQL,
,C++,,Java,,,,,,,,
,,,Java,,,,,,,,J2EE techs
,,,,,,,,,,,
,,,,JavaScript,,,PHP,,,SQL,
C,,,Java,,,,,,,,Grails
,C++,C#,,,,,,,,,
,,,,,,,,,,,
,C++,,Java,JavaScript,,Objective-C,PHP,Python,,SQL,
C,,,,JavaScript,Node.js,,,,,,
,,C#,,,,,,,,,
C,C++,,,JavaScript,Node.js,,PHP,Python,,SQL,
,,,,JavaScript,Node.js,,,,,,
C,C++,,Java,,,Objective-C,PHP,,,SQL,
,,,,,,,,,,,
,,,,,,,,,,,
,,,,,,,,,,,
,,,Java,JavaScript,,,PHP,,,SQL,
,,C#,,JavaScript,,,,,,SQL,
,,C#,,JavaScript,,Objective-C,,,,SQL,
,,,,JavaScript,,,,Python,,SQL,
,,,Java,JavaScript,,,PHP,Python,Ruby,SQL,
,,,,,,,,,,,
,,,,,,,,,,,
C,C++,,,JavaScript,,,,,,,
,,C#,,JavaScript,,,,,,SQL,
C,C++,,,,,,,,,,
,,,,JavaScript,,,,,,,CSS
,,,Java,,,,,Python,,,
,,,,,,,,,,,
,,C#,,,,,,,,,
,C++,,Java,,,,,Python,,,
,,,,,,,,,,,
,,,,JavaScript,,,PHP,,,SQL,
,,C#,Java,JavaScript,,,,,Ruby,SQL,
,,,Java,JavaScript,,,,,,SQL,
,,C#,,,,,,,,,
,C++,,,,,,,,,,
,,C#,,JavaScript,,,,,,,
,,C#,,JavaScript,Node.js,,PHP,,,,"golang, c"
,,,,JavaScript,Node.js,,,,,,NSIS
C,,,Java,,,,,,,,
,,,,,,,,,,,
,,,,JavaScript,,,PHP,,,SQL,
C,C++,,Java,,,,,Python,,SQL,
,,,,,,,,,,,
,,,,,,,,,,,
,,,,,,,,,,,COBOL
,,,Java,JavaScript,,,,,,,
,,,,,,,,,,,
,,C#,,,,,,,,SQL,
,,,,,Node.js,Objective-C,,,,,
,,C#,,,,,,,,SQL,
,,,,,,,,,,,
,,,,,,,,,,,
,,,,JavaScript,,,PHP,,,,
,,,,,,,,Python,,,CSS & HTML
,,,,JavaScript,,,PHP,,,SQL,
C,,,Java,,,,,Python,,,Clojure
,,C#,,,,,,,,SQL,
,,C#,,JavaScript,,,,,,SQL,
,C++,C#,Java,JavaScript,,,,,,SQL,
,,C#,,,,,,,,,
,,,,JavaScript,,,PHP,,,SQL,
,,C#,,JavaScript,,,,,,SQL,
,,C#,,JavaScript,,,,,,SQL,
,,,Java,JavaScript,,,PHP,,,SQL,
,,C#,,JavaScript,,,,,,SQL,
C,C++,,,JavaScript,,Objective-C,,,,SQL,
,,C#,,JavaScript,,,,,,SQL,
,,,,,,Objective-C,,,,,
,,,,,,,,,,,
,,,,,,,,,,SQL,
,,,,JavaScript,,,PHP,,,,
,,,Java,,,,,Python,,,
C,C++,,Java,,,,,,,SQL,
,,C#,,,,,PHP,,,SQL,ASP.NET
,,,,,,,,Python,,,
,,,Java,JavaScript,,,,,Ruby,SQL,
,,,,,Node.js,,,,,SQL,"SAS, VB"
,,,,,,,,,,,
,,,Java,,,,PHP,,,SQL,
,C++,,,JavaScript,Node.js,,PHP,,,SQL,
,,,,,,,,,,,
C,C++,C#,,,,,,,,SQL,
,,,,,,,,,,,
,,,,JavaScript,Node.js,,,,,,
,,,Java,,,,,,,,Scala
,,,Java,,Node.js,,,,,,
,C++,,,,,,,,,,
,,,,JavaScript,,,PHP,Python,,SQL,
,C++,,Java,JavaScript,,,PHP,,,SQL,
C,C++,,Java,,,Objective-C,,,,,
,,,,JavaScript,,,PHP,,,SQL,
C,,,Java,,,,,Python,,,
,,,,JavaScript,,,PHP,,,SQL,HTML
,C++,,Java,,,,,,Ruby,,scala
,,,,,,,,,,,VBA
,,,,,,,,,,,
,,C#,,,,Objective-C,,,,,
,C++,,,JavaScript,,,,Python,,,
,,,,,,,,,,,
,,C#,,JavaScript,,,PHP,,,SQL,
,,,Java,,,,PHP,,,SQL,
,,,,,,,,,,SQL,VB.net
,,C#,,JavaScript,,,,,,SQL,JQUERY
C,C++,C#,Java,,,,,,,,OWL
,,,Java,JavaScript,,,PHP,,,,
,,,,,,,,Python,,,
,,C#,,JavaScript,,,,,,SQL,
C,,,,,,,,,,,
C,,,,,,,,,,,Lua
,,C#,Java,JavaScript,,,,,,SQL,
,,,,,,,,,,,
,,,,,,,,,,,
,,C#,,JavaScript,Node.js,,,,,SQL,
,,,,,,,,,,,
,,C#,,JavaScript,,,,,,SQL,
,,,,,,Objective-C,,,,,
,,,,,,,,,,,
,,,,,,,,,,,
,,,Java,,,Objective-C,,,,SQL,
,,,,JavaScript,,,PHP,,,,
,C++,,Java,,,,,Python,,,
,,,,JavaScript,,,,Python,,SQL,Google App Script
C,,,,JavaScript,,,PHP,,,SQL,
,,,,,,,,,,,
,C++,C#,Java,,,,,,,SQL,
C,C++,C#,Java,JavaScript,Node.js,Objective-C,PHP,Python,Ruby,SQL,
,,,,JavaScript,,,PHP,,,,
C,C++,,Java,JavaScript,,Objective-C,PHP,,,SQL,
C,C++,C#,Java,,,,,,,SQL,
,,,,,Node.js,,,,,,bash
,,,Java,JavaScript,,,,,,SQL,
,,,Java,JavaScript,,,,,,,
,,,Java,JavaScript,,,,Python,,,
,,,Java,JavaScript,,,,,,SQL,
,,,Java,,,,,,,,
,C++,C#,,JavaScript,,,,,,SQL,
,,,,,,,,,,,
,,,Java,,,,,,,,
,,,,,,,,,,,
,,C#,,JavaScript,,,,,,SQL,
,,,,,,,,,,,
,,,,,,,,,,,
,,,,JavaScript,,,PHP,,,SQL,
,,C#,,,,,,,,SQL,
C,C++,,,JavaScript,,,PHP,,,,
,,,,JavaScript,,,PHP,,,,
,,,,JavaScript,,,PHP,,,SQL,
,,,,,,,,,,,
,,,,JavaScript,,,PHP,,,SQL,Jquery
,,,,,,,,,,,
,,,,,,,,,,,"Haskell, Coq, Ocaml, LaTeX"
,,C#,Java,,,,PHP,Python,,SQL,
C,,,,JavaScript,,,PHP,,,SQL,
,,,,JavaScript,,,,,,,R
C,C++,,,,,,,,,,
,C++,,,JavaScript,,,,,,,
,,,,,,,,,,,
C,C++,C#,Java,JavaScript,,Objective-C,PHP,Python,,SQL,
,,,,,,,,,,,
,,C#,,JavaScript,,,,,,SQL,
,C++,,Java,,,,,,,,
,C++,,,,,,,,,,
C,,C#,Java,JavaScript,,,PHP,,,SQL,"shell, Perl"
,,C#,,,,,PHP,Python,Ruby,,
C,C++,C#,Java,JavaScript,,Objective-C,PHP,Python,Ruby,SQL,
,,,,,,,,,,,
,C++,,Java,,,,,,,,
,C++,,,JavaScript,,,PHP,,,,
,,,,,,,,,,,
,,,,,,,,,,,
,,,,,,,,,,,
,C++,C#,,JavaScript,,Objective-C,,Python,,SQL,
,,,,,,,,,,,
,,,Java,,,,,,,,
,,,,,,,,,,,
,,,,,,,,,,,
,C++,C#,,JavaScript,,,PHP,Python,,,
,,C#,Java,JavaScript,,,PHP,Python,,SQL,
,,,Java,JavaScript,,,,Python,,,
,,,Java,JavaScript,Node.js,Objective-C,,,,,
,,,,,,,,,,,
,,,,,,,,,,,Perl
,C++,,,,,,,,,,Haskell
,,,,JavaScript,,,,,Ruby,SQL,Excel + VBA; R
,,,,,,,,,,,
,,,,JavaScript,,,PHP,,,,Perl
,,,,,,,,,,,
,C++,C#,,,Node.js,,,Python,,,
,,,,,,,,,,,
,,C#,,JavaScript,,,,,Ruby,SQL,
,,,,,,,,,,,
,,,Java,JavaScript,,,,,,SQL,
,,C#,Java,JavaScript,,,,,,SQL,
C,C++,,Java,,,,,,,,assembly language
C,,,Java,JavaScript,,,PHP,Python,,SQL,
,,,Java,,,,PHP,Python,,SQL,Django
,,,,,,,,,,,
,,,Java,JavaScript,Node.js,,,,,,
,,,Java,JavaScript,,,PHP,,,,
,,,,,,,,,Ruby,,
,,C#,,JavaScript,,,,,,SQL,
C,C++,C#,,,,,,Python,,,
C,C++,,,JavaScript,,,,Python,,,
,,,Java,JavaScript,Node.js,,,Python,,,
,,C#,Java,JavaScript,,,PHP,,,SQL,
,C++,C#,Java,JavaScript,,,,,,SQL,
,,C#,,,,,,,,SQL,
,,C#,,,,,,,,SQL,
,,C#,,JavaScript,,,,,,SQL,
,,,,,,,,,,,
,,,,JavaScript,,Objective-C,PHP,,,SQL,
,,C#,,JavaScript,Node.js,,PHP,Python,,SQL,
C,,C#,Java,,,Objective-C,,,,,
,,,,,,,,Python,,,
,,C#,,JavaScript,,,,,,,
C,C++,,,,,,PHP,,,,
,,,,,,,,,,,
,C++,,Java,,,,PHP,,,,
,,C#,,JavaScript,,Objective-C,,,,SQL,
,,,,,,,,,,,
,,C#,,,,,,,,SQL,
,,,,,,,,,,SQL,Structured Query Reporting (SQR)
,,,,,,,,,,SQL,
,,,,,,,,,,,
,,,Java,JavaScript,Node.js,,,,,,
C,C++,C#,Java,JavaScript,,,PHP,,,SQL,Perl
,,C#,,JavaScript,,,,,,SQL,
,,C#,,JavaScript,,,,Python,,SQL,
,,,,JavaScript,,,PHP,,,SQL,
,,,,JavaScript,Node.js,,PHP,,,SQL,"CSS, HTML, MongoDB, Grunt, AngularJS, Compass, jQuery"
,,,Java,JavaScript,,,,,,,
,,,,,,,,,,,
,,C#,,JavaScript,,,,,,SQL,
,,,,,,,,,,,
,,,Java,,,,PHP,,,SQL,
,,,,,,,,,,,
,,,,,,,,,,,
,,C#,Java,JavaScript,,,,,,SQL,
,,,,,,,,,,,
,,C#,Java,,,,,,,SQL,
,,C#,,JavaScript,,,,,,SQL,
,,,Java,JavaScript,,,,,,SQL,
,,,,JavaScript,,,PHP,,,SQL,
,,,Java,,,,,,,SQL,
,,C#,Java,JavaScript,,,,,,SQL,
,,,Java,JavaScript,,Objective-C,,Python,,SQL,
,,C#,,JavaScript,,,,,,SQL,
,,,,JavaScript,,,PHP,,,SQL,
,,,,,,,,,,,
,,,,,,,,,,,
,,,,,,,,,,,
C,C++,C#,,JavaScript,,,PHP,,,SQL,
,,,,JavaScript,,,,,Ruby,SQL,
,C++,C#,Java,JavaScript,,,,,,SQL,Groovy
,,C#,,,,,,Python,,,
,,C#,,JavaScript,,,,,,SQL,
,,,,JavaScript,Node.js,,PHP,,,SQL,
C,,,Java,JavaScript,,,PHP,,Ruby,SQL,
,,C#,,,,,,,,SQL,
,,,,JavaScript,Node.js,,PHP,,,SQL,"mysql, openlayers, google maps"
,,,Java,JavaScript,,,,,,,
,,,,,,,,Python,,,bash
,,C#,Java,JavaScript,,,PHP,,,SQL,
,,,,JavaScript,,,PHP,,Ruby,SQL,
,,,Java,,,,,,,,
C,C++,C#,,,,,,,,,
,,C#,Java,JavaScript,,,,,Ruby,,
,C++,,,,,,PHP,,,,
,,,Java,JavaScript,,,PHP,,,,
,,C#,,JavaScript,,,,,,,
,C++,C#,Java,,,,PHP,,,SQL,ActionScript
,,,Java,,,Objective-C,,,,,
,,,,JavaScript,Node.js,,PHP,,,SQL,SCSS
,,,,,,,,,,,
,,C#,,JavaScript,,,PHP,,,SQL,F#
,,,,,,Objective-C,,,,SQL,
,,,,JavaScript,,,PHP,,,,
,,,,JavaScript,,,PHP,Python,,SQL,Angular.js
,,,Java,,,,,,,,
,,,Java,JavaScript,,,,,,,
,,,,,,,,,,,
,,C#,,JavaScript,,,,,,SQL,
,,,,,,,,,,,
,,,,,,,,,,,
,,C#,,JavaScript,,,,,,,
,C++,,Java,JavaScript,,Objective-C,,,,,"HTML, CSS"
C,,,,JavaScript,,,PHP,,,SQL,
C,C++,,,,,,,,,,
,,,,JavaScript,,,,Python,,SQL,Bash
,,,Java,JavaScript,,,PHP,,,,
,,,,,,,,,,,
C,C++,,,,,,,,,,
C,C++,,Java,,,,,Python,,,
,C++,,Java,,Node.js,,PHP,,,SQL,
,,,,,,,,,,,
,,,Java,JavaScript,,Objective-C,PHP,,,SQL,
,,,Java,,,,,,,,
,,C#,,,Node.js,,,,,,F#
C,C++,,,,,,,Python,,,
,,,,JavaScript,,,PHP,,,SQL,
,,,Java,,,,,,,SQL,
,,,,,,,PHP,,,SQL,
,,,,,,,,,,,
,,,,JavaScript,,,PHP,,,,
,,,Java,JavaScript,,,,,,,Android
,,,,,,,,,,,
C,C++,,,,,,,,,,Fortran
,,,,JavaScript,,,PHP,,,SQL,
,,,Java,,,,,,,,
,,,,JavaScript,,,,,,,
,,,,JavaScript,,,PHP,,,,
C,,,,,,,,,,,
,,C#,,JavaScript,,,PHP,Python,,,
,,,,,,,,,,,
,C++,,Java,JavaScript,,Objective-C,PHP,,,SQL,
,,,Java,,,,,,,,
C,C++,,Java,,,,PHP,,,SQL,CUDA
,,C#,,JavaScript,Node.js,,,,,SQL,
,,,,JavaScript,,,,Python,,SQL,
,C++,C#,,JavaScript,,,,,,SQL,
,,,,JavaScript,,,,Python,,,
C,C++,C#,Java,,,,,Python,,,
,,,,JavaScript,,,PHP,,,,Apex
,,C#,,,,Objective-C,,Python,,,
C,,C#,Java,,,,,Python,,SQL,
,,,,,,,,,,,
,,C#,,JavaScript,,,,,,SQL,
,,C#,,JavaScript,,,,,,SQL,
C,C++,,Java,JavaScript,,,PHP,,,SQL,
,,,Java,,,Objective-C,,,,,
,,,Java,,,,PHP,,,SQL,
C,,,,,,,,,,,
,,,,,,,,,,,
,C++,C#,Java,JavaScript,,,,,,SQL,
,,C#,Java,JavaScript,,,PHP,,,SQL,
,,C#,,JavaScript,,,,,,SQL,
,,C#,,JavaScript,Node.js,,,,,SQL,F#
,,,,JavaScript,Node.js,,,Python,,SQL,mongodb
,,,,JavaScript,,,,,,,ColdFusion
,,,,,,,,Python,,,
,,C#,,JavaScript,,,,,,SQL,"ASP.NET, CSS, HTML, XML, jQuery, REST"
,,,,,,,PHP,,,SQL,
,,,,,,,,,,,
,,,,JavaScript,,,PHP,,,SQL,
,,,,,,,,,,,
,,C#,Java,JavaScript,,,,,,SQL,
,,,,JavaScript,,,PHP,,,SQL,jquery
,,C#,,JavaScript,,,,,,SQL,
,,C#,,JavaScript,,,,,,,
,,,Java,JavaScript,,,PHP,,Ruby,SQL,
,,,,JavaScript,,,,,Ruby,,
C,,,Java,,Node.js,,PHP,,Ruby,,R
,,C#,Java,JavaScript,,,PHP,,,SQL,Smalltalk
,,C#,,JavaScript,,,,,,SQL,knockout.js
,C++,,Java,JavaScript,,,,,,,
,C++,,Java,JavaScript,,Objective-C,PHP,,,SQL,
,,C#,,JavaScript,Node.js,,,,,SQL,
,,,,,,,,,,,
,,,,,,,,,,,
C,,,,,,,,,,,MATLAB
,,,Java,,,,,Python,,,
,,C#,Java,,,Objective-C,,,,,
,,C#,Java,JavaScript,,,PHP,,,SQL,
,,C#,,,,,PHP,,,SQL,VBA
,,,,JavaScript,,,PHP,,Ruby,SQL,
C,C++,,,JavaScript,,,,,,SQL,Object Pascal
C,C++,,Java,,,,PHP,,Ruby,,
C,C++,,,,,,,,,,
,,,,JavaScript,,,,Python,Ruby,,
,,,,JavaScript,,,PHP,,,,
,,C#,Java,JavaScript,,,,Python,Ruby,SQL,
,,,Java,,,,,,,,
,,,,,,,,,,,
,,,,,,,,,,,
,C++,,,,,,,,Ruby,,
,,,,,,,,,,,
,,,,,,,,,,,
,,,,JavaScript,,,PHP,Python,,,
,,,,,,,,,,,
,,,,JavaScript,,,,,,,
,,C#,,JavaScript,Node.js,,,,,SQL,
,,C#,,JavaScript,,,,,,SQL,
C,C++,C#,,JavaScript,,,PHP,,,SQL,
,,,,,,,,,,,
,,,,,,,,,,SQL,"unix shell scripts, xml, xslt, proprietary"
,,,Java,,,Objective-C,,,,,
,,,,,,,,,,,
C,C++,C#,,JavaScript,,,,,,SQL,
,C++,C#,,,,,,,,,Delphi
,,,,,,Objective-C,,,,,
,,,,,,,PHP,Python,,SQL,
,C++,,,JavaScript,,,PHP,Python,,,
,C++,,,,,,,Python,,,PostScript
,,,,JavaScript,,,PHP,,,,
C,,C#,,,,,,,,,
C,C++,C#,Java,JavaScript,Node.js,,PHP,Python,Ruby,SQL,
,C++,,Java,JavaScript,,,,,,SQL,
,,,,,,,,,,,
,,C#,,JavaScript,,,PHP,,,SQL,
,C++,,,,,,,,,,
C,C++,,Java,,,,,Python,,SQL,Prolog
,,,,,,,,,,,
,,,,,,,,,,,
,,,,,,,,,,,
,,,Java,JavaScript,,,,,,SQL,
,,,Java,JavaScript,,,,,,SQL,
C,C++,C#,,,,,,,,SQL,
,C++,,,,,,,Python,,,
,,,Java,JavaScript,Node.js,Objective-C,PHP,,,SQL,
C,C++,,,,,Objective-C,,,,SQL,
,,C#,,,,,,,,SQL,
,,,,JavaScript,,,,Python,,,CoffeeScript
,,,,,,,,,,,
C,C++,,,JavaScript,,Objective-C,PHP,Python,,SQL,Scala
,C++,C#,,,,,,,,,
,,,,,,,,,,,
,,,,,,,,,,,
,,C#,,JavaScript,,,,,,SQL,
,,,Java,,,,,,,SQL,Scala
,,,,,,,,,,,
C,,,,,,,,Python,,,"MATLAB, Mathematica, VHDL"
C,,,,JavaScript,,Objective-C,,,,SQL,matlab
C,C++,,Java,,,,,,,,
C,C++,C#,,JavaScript,,,PHP,Python,,SQL,
,,,,JavaScript,,,PHP,,,SQL,
,,,,,,,,,,,
C,C++,,,,,,,Python,,,
,,,,,,,,Python,,,
,,,Java,JavaScript,,,,,,SQL,
,,C#,,JavaScript,,,,,,SQL,
,,C#,,,,,,,,SQL,
,,C#,Java,JavaScript,,,,,,SQL,
,,C#,,JavaScript,,,,,,,
,,,Java,,,,,,,,
C,,,,,,Objective-C,PHP,,,SQL,
,,,,,,,,,,,
,,,,,,,,,,SQL,Matlab
,,,,JavaScript,,,,,,,
,,,,,,,,,,,
,,,,,,,,,,,none of above
,,,Java,,,,,,,SQL,
C,C++,,Java,,,,,,,,Perl
C,,,,JavaScript,,,,,,SQL,Scala
C,C++,,,,,,,,,,
,,,,,,,,,,,
,,C#,,JavaScript,,,PHP,,,SQL,
,C++,,,,,,,,Ruby,,
,,,,JavaScript,,,PHP,,,,
,,,,,,,,,Ruby,SQL,
,,C#,,JavaScript,Node.js,,PHP,,,SQL,
,C++,,,,,,,,,,Actionscript 3.0
,,C#,,JavaScript,Node.js,,PHP,,,,
C,,,,JavaScript,,,PHP,,,SQL,
,,,Java,JavaScript,,,,Python,,SQL,
,,,,,,,,,,,
,,,,JavaScript,,,PHP,,,SQL,
,,,,,,,,Python,,,Scala
,,,,,,,,,,,
,,,,JavaScript,,,,,Ruby,,
,,C#,,,,,PHP,,,SQL,
,,,,,,,,,,,
,,,,,,,,,,,
,,,,JavaScript,,,PHP,,,SQL,
,,,,,,,,,,,
,,C#,,JavaScript,Node.js,,,,,,Haskell
,C++,,,,,,,Python,,,
,C++,,,,,Objective-C,PHP,,,SQL,
,,C#,,,,,,,,SQL,
C,C++,,,,,,,,,SQL,
,,,,JavaScript,,,,Python,,SQL,
,,C#,,,,,,,,SQL,
C,C++,C#,,JavaScript,,,PHP,,,SQL,
,,C#,,,,,,,,SQL,
,,,Java,JavaScript,,,PHP,,,SQL,
C,C++,,,,,,PHP,,,,
,,,,,,,,,,,
,,C#,,JavaScript,,,,,,SQL,
,,,,,,,,,,,
,,,Java,,,,,,,,
C,C++,C#,Java,,,,,,,,
,,,,,,,,,,,
,,C#,,JavaScript,,,PHP,,,SQL,sass
,,,,JavaScript,,,PHP,,Ruby,,
,,,,,,,,,,,
,,,Java,,,,PHP,,,SQL,
,,,,JavaScript,Node.js,,PHP,,,,
,,,,JavaScript,,,PHP,,,,
,,,Java,,,,,,,,
C,C++,,Java,,,,,,Ruby,SQL,
,,C#,,JavaScript,,,PHP,,,SQL,
C,C++,C#,Java,JavaScript,Node.js,Objective-C,,Python,Ruby,SQL,
,,,Java,,,,,,,SQL,
,C++,,Java,,,,,Python,,,Scala
,,C#,Java,,,,,,,,
,,,Java,,,,,,,SQL,
,C++,,,,,,,,,,
,C++,,,,,,,Python,,,
,,,,,,,,,,,
C,,,Java,,,,,,,SQL,Hadoop
,,,,JavaScript,,,PHP,,Ruby,SQL,
,,,,,,,,,,,
,,C#,,JavaScript,,,PHP,Python,Ruby,SQL,
,,C#,,JavaScript,,,,,,SQL,
,,C#,Java,JavaScript,,Objective-C,PHP,,,SQL,
,,C#,,JavaScript,,,,,,SQL,
C,C++,,Java,JavaScript,Node.js,,PHP,Python,Ruby,SQL,
,,,,JavaScript,,,PHP,Python,,SQL,
,C++,,Java,,,,PHP,,,SQL,
,,,,JavaScript,,,PHP,,,SQL,
,,,Java,JavaScript,Node.js,,,Python,,,
,C++,,Java,JavaScript,,,,,,,
,,,,,,,,,,,erlang
C,C++,,Java,,,Objective-C,,,,,
,C++,C#,,,,,,,,SQL,Delphi
C,C++,,Java,JavaScript,,,PHP,,,SQL,
,,,,,,,,,,,
C,,,Java,,,,,,,SQL,
,,,Java,,,,,,,,
,,,,,,,,,,,
,,,Java,JavaScript,,Objective-C,PHP,,Ruby,SQL,
C,C++,C#,Java,,,,,,,SQL,
C,,,,JavaScript,,Objective-C,,,Ruby,SQL,
C,,C#,Java,,,,,,,,
,,C#,,JavaScript,,,,,,SQL,VB6
,,C#,,JavaScript,,,PHP,,,SQL,
,,,Java,,,,,,,SQL,
,C++,,,JavaScript,,,PHP,Python,,SQL,
,,C#,,,,,,,,,Flash
,,,,JavaScript,,,,Python,,,
,,,Java,JavaScript,,,PHP,,,SQL,
,,,Java,JavaScript,,,,,,SQL,Perl
,C++,,,,,,PHP,,,SQL,
,,,,,,,,,,,
,,C#,Java,JavaScript,,,,,,SQL,
,C++,C#,,JavaScript,,,,,,SQL,
,,C#,,JavaScript,,,,,,,
,,,,JavaScript,,,PHP,,,,
,,C#,Java,,,,,,,SQL,
,,,,,,,,,,,
,,,,JavaScript,,,,Python,,,
C,,,Java,JavaScript,,,,Python,,SQL,Go
,,C#,,,,,,Python,,,
C,C++,,Java,,,,,,,,
,,C#,,,,,,,,SQL,
C,,,,,,,,,,,
,,,Java,,,,,Python,,,Scala
,,C#,,,,,,,,,F#
C,,,,,,,PHP,Python,,,R
,,,,,,,,,,,Groovy
,,,,,,,PHP,,,SQL,
,C++,,,JavaScript,,,,,,,Scala
,,,,,,,,,,,
,,,,,,,,,,,
,,,Java,JavaScript,,,,,,SQL,
C,,,,JavaScript,,,PHP,Python,,SQL,"mksh, make, Assembly"
,,,,,,,,,,,"Scala, Akka, MongoDB"
,,C#,,JavaScript,,,,,,SQL,
,,C#,,JavaScript,,,,Python,,,
C,C++,C#,,,Node.js,,PHP,,,,
,,,,,,,,,,,
C,,,Java,JavaScript,,Objective-C,PHP,Python,,,
,,,,,,,,,,,
,,C#,,,,,,,,SQL,
,,,,JavaScript,,,,Python,Ruby,,
,,,Java,,,,,,Ruby,SQL,
,,,Java,JavaScript,,,PHP,Python,,SQL,
,,,,,,,,,,,
C,C++,,,,,,,Python,,,
,,,,JavaScript,Node.js,,PHP,,,SQL,
,,C#,,JavaScript,,,,,,SQL,
,,,Java,,,,,,,SQL,
,,,,,,,,,,,
C,C++,,Java,,,,,,,SQL,MATLAB
,,,,,,,,,,,
,,,,,,,,,,,
,,C#,,JavaScript,,,,,,SQL,MVC
,,,,JavaScript,,,PHP,Python,,,Torquescript
C,,,,,,Objective-C,,,Ruby,,Rails
,,,,,,,,,,,
,,,,,,,,,,,
,,,,,,,,,,,Groovy
C,C++,,,,,Objective-C,,,,,
,,,Java,,,Objective-C,,,,,
C,C++,,,,,,,Python,,SQL,
,,,,,,,,,,,
,C++,,Java,JavaScript,,,,,,SQL,Perl
,,,,,,,,,,,
,,,Java,JavaScript,,,PHP,,,SQL,"Android/Dalvik, HTML5, CSS3, jQuery"
,,,Java,JavaScript,,,,,,,
,,,,JavaScript,,,PHP,,,,"HTML,CSS,PHP,MySQL..."
C,C++,,Java,JavaScript,,,,,,,
,,,,JavaScript,,,,Python,,SQL,MATLAB
C,C++,C#,,JavaScript,,,,,,SQL,
,,,,,,,,,,,
,,,Java,,,Objective-C,,,,,
,,,,,,,,Python,,,bash
,,,Java,JavaScript,,,,,,,Groovy
,,C#,,JavaScript,Node.js,,,,,,
,,C#,,JavaScript,,,,,,,ActionScript 3
,,,Java,,,,,,,,
,,,,,,,,,,,
,,,Java,,,,,Python,,,
C,,,Java,,,Objective-C,,,,,
,,,,JavaScript,,,PHP,,,,
,C++,,Java,,,,,,,,
,,,,JavaScript,,,,,,,"Coldfusion, XSLT, ActionScript, VBA"
,,,,,,,,,,,
C,C++,,,,,,,,,,
C,C++,C#,,,,,,Python,,,
,,,,,Node.js,,PHP,Python,,,
,,,Java,,,,,,,SQL,
,,,,,,,,,,,
,C++,,,JavaScript,Node.js,,PHP,,,SQL,
,,,,,,,,,,,
C,,,,JavaScript,,,PHP,,,SQL,
,,,,,,Objective-C,,,,SQL,Delphi
,,C#,,JavaScript,,,,,,SQL,
,C++,C#,Java,JavaScript,,Objective-C,PHP,Python,Ruby,,
,,,,,,,,,,,
,,,,,,,,Python,,,
C,,,Java,,,,,Python,,,
,C++,,Java,,,,,,,,Lua
,,,Java,JavaScript,Node.js,,,,,SQL,
,,C#,Java,JavaScript,Node.js,Objective-C,PHP,Python,,SQL,
,,,Java,JavaScript,,,,Python,,,
,,,,,,,,,,,
C,,,,,,,,Python,,,assembler
C,C++,,,JavaScript,,,PHP,,,SQL,
,,C#,,JavaScript,,,PHP,,,SQL,
,,,Java,,,,,,,,
,,,Java,JavaScript,,Objective-C,,,,SQL,
,,,,,,,,,,,
,C++,C#,,JavaScript,,,,,,SQL,
,,,,JavaScript,Node.js,,,Python,,,
,,C#,Java,JavaScript,,,PHP,Python,,SQL,
,C++,C#,Java,,,,,,,,
,,,,JavaScript,Node.js,,,,,,
,,,Java,JavaScript,Node.js,,PHP,,,,Groovy
C,C++,,Java,,,,,,,SQL,haskell
,,,,,,,,,,,
,,,,,,,,,,,
C,C++,,Java,JavaScript,,,,,,SQL,
,,C#,Java,JavaScript,,,,,,,
,,C#,,,,,,Python,,,
,,,,,,,,,,SQL,Perl
,,,,JavaScript,Node.js,,PHP,,,SQL,
C,C++,C#,,,,Objective-C,,Python,,SQL,
,,C#,Java,JavaScript,,,,,Ruby,SQL,Visual Basic
,,,,JavaScript,,,PHP,,,SQL,
,,,,JavaScript,,,PHP,,,,
,,,Java,,,,,,,,
,,,Java,,,,,,,SQL,
,,,Java,JavaScript,,,,,,,Flex / ActionScript
,,,Java,,Node.js,,,,,SQL,
,,C#,,JavaScript,Node.js,,PHP,Python,,SQL,
,,C#,,JavaScript,,,,,,SQL,
,,,,,,Objective-C,PHP,,,,
,,,,,,,,Python,,SQL,
,,,,,,,,,,,
,,C#,,JavaScript,,,,,,SQL,
,,,Java,JavaScript,,,,,Ruby,,
,,,,,,,,,,,
C,C++,,,,,,,Python,,,
C,,C#,,JavaScript,,,,,,SQL,ASP.NET
,,,,,,,,,,,
,,,,JavaScript,,,PHP,Python,,,
,,C#,,JavaScript,,,,,,SQL,
,C++,,,JavaScript,,,PHP,,,SQL,
,,,Java,JavaScript,,,,,,SQL,
,,,Java,,,,PHP,,,SQL,
,,C#,,,,,,,,,
,,C#,,,,,,,,,
,C++,,Java,JavaScript,,,,,,,
C,C++,,,,,,,,,,
C,C++,,Java,JavaScript,,Objective-C,PHP,Python,,,
,,,Java,JavaScript,,,,,,,xslt xquery
,,,,JavaScript,,,PHP,,,SQL,
,C++,,,,,,,,,,
,C++,,Java,,,,,,,,
,,C#,Java,JavaScript,,,PHP,,,SQL,
,,,,,,,,,,,
,,,,,,,,,Ruby,SQL,
,,,,JavaScript,Node.js,,PHP,,,SQL,
,,,,,,,,,,,
,,,,JavaScript,,,PHP,,,SQL,
,,,,,,,,,,,
C,,,,JavaScript,,,PHP,Python,,SQL,
,C++,,,,,,PHP,Python,,,
,C++,C#,,,,,,,,SQL,MATLAB
,,C#,,JavaScript,Node.js,,,Python,,SQL,
C,C++,,Java,JavaScript,Node.js,,PHP,Python,,SQL,
,,,Java,,,,,Python,,SQL,
C,C++,,,,,,,Python,,,
C,C++,,Java,,,Objective-C,,,,,
,,,Java,JavaScript,,,PHP,,,SQL,
,,,Java,JavaScript,,,,,,SQL,
,,C#,,,,,,,,,
C,C++,C#,Java,JavaScript,Node.js,,,,,SQL,
C,C++,C#,,JavaScript,,,PHP,Python,,SQL,Matlab
,,,Java,JavaScript,,,,,,SQL,
,,C#,,JavaScript,Node.js,,PHP,,,SQL,
C,,,,,,,PHP,,,,
C,C++,C#,Java,,,,PHP,Python,,SQL,
,,C#,,JavaScript,,Objective-C,PHP,,,SQL,
,,,,JavaScript,,,PHP,,,,
,,,,JavaScript,Node.js,,PHP,Python,,,
,,,Java,JavaScript,,,PHP,,,SQL,
,,,Java,,,,PHP,,,SQL,
,,,Java,JavaScript,,,,Python,,SQL,bash
C,C++,C#,Java,JavaScript,,Objective-C,PHP,,,SQL,prolog
,,,Java,JavaScript,,,,Python,,,Haskell
,,C#,,,Node.js,,,,,SQL,
,,,,,,,,,,,
,,,Java,JavaScript,,,,,,SQL,
C,,,,,,Objective-C,,,,,
,,,Java,JavaScript,,,PHP,,,SQL,
,,,,JavaScript,Node.js,,,Python,Ruby,,
,,,,,,,PHP,,,,
,C++,,Java,,,,,Python,,,"Scala, Pig"
,,,,,,,,,,,
C,,,,,,,,Python,,,Erlang
C,,,Java,JavaScript,,,PHP,Python,,SQL,
C,,,Java,,,,,,,,
C,C++,,,,,,,Python,,,VHDL
,,C#,,JavaScript,,,,,,SQL,
C,,,,,,,,Python,,,R
,,,,,,,,,,,
,,,,,,,,,,,
,,,,JavaScript,,,PHP,,,SQL,
,C++,C#,,,,,,,,SQL,
,,C#,,JavaScript,,,,,,SQL,
,,C#,,JavaScript,,,,,,,
C,C++,C#,Java,,,,,,,SQL,
C,C++,,,JavaScript,,Objective-C,,Python,,SQL,bourne shell
,,,,,,,,,,,
C,C++,,Java,JavaScript,,,,,,SQL,
,,,Java,,,Objective-C,,,Ruby,,
,C++,,Java,JavaScript,,,,Python,,,
,,,,,,,,,,,
,,,,,,,,,,,
,,,,,,,,,,,
,,C#,Java,,Node.js,,,,,,
C,,,,,,,PHP,,,SQL,
,,,,,,,,,,,
,,,Java,,,,,,,,
,,,Java,JavaScript,,Objective-C,PHP,Python,,SQL,
,,,,,,,,,,,
,,,,,,,,,,,
C,,,Java,,,,,Python,,SQL,
,,,,,,Objective-C,,,,,golang
,,,,,,,,,,,
,C++,,Java,,,,,,,,
,,,,,,,,,,,
C,,,Java,JavaScript,,,,,Ruby,,Scala
,,,,,,,PHP,,,,
,,,,,,,,Python,,SQL,PL/SQL
C,,,,,,,PHP,Python,,,
,,C#,,JavaScript,,,,,,SQL,"ASP.NET MVC, AngularJS, Bootstrap"
,,,,JavaScript,,,PHP,,,,
,,,Java,,,,PHP,Python,,,
,C++,,,,,,PHP,Python,,SQL,
C,C++,,,JavaScript,,,PHP,,,,
,,,Java,,,,,,,,
,,,,,,,,,,,
,,,,,,,,,,,
,,,,JavaScript,,,PHP,,,SQL,
,,,,JavaScript,,,PHP,,,,
C,C++,,,,,,,,,,
C,C++,,Java,,,,,,,,
C,C++,,,,,,,Python,,,
,,,,JavaScript,,Objective-C,PHP,Python,,SQL,
C,C++,,Java,JavaScript,,,,Python,,,
,,C#,,JavaScript,,,,,,SQL,
,,,Java,,,,,Python,,SQL,
,,,Java,,,,PHP,,,SQL,
,,,,,,Objective-C,PHP,,Ruby,,
C,C++,C#,Java,,,,PHP,,,SQL,delphi
,,C#,Java,JavaScript,,,,,,,Ocaml
C,C++,,Java,,,,,Python,,SQL,
,,,,,,,,,,,
,,,,,,Objective-C,,Python,Ruby,,
,,,,,,,,,,,
,,,Java,JavaScript,Node.js,,PHP,Python,Ruby,SQL,"scala, erlang"
,C++,,,JavaScript,,,,Python,,SQL,ColdFusion
,,C#,,JavaScript,,,,,,,
C,C++,,Java,JavaScript,,,PHP,Python,,SQL,"Lua, MIPS assembly language, Intel AT&T assembly language, Bash"
C,,,,,,Objective-C,,,,,
,C++,,,,,,,,,,Haskell
C,C++,,,,,,,,,,
,,,Java,,,,,Python,,,
C,C++,,Java,,,,,,,,
,,C#,,,,Objective-C,PHP,,,SQL,
,,,Java,,,,,,,SQL,
,,,Java,,,,,,,,
,,,Java,JavaScript,,,,,,,
,,,,JavaScript,Node.js,,PHP,,,,
,,,,,,,,,,,
,,C#,Java,JavaScript,,,,,,SQL,
,,C#,Java,JavaScript,,,,,,SQL,Delphi
,,C#,,JavaScript,,,,,,SQL,
,,C#,,,,,,,,,
,,,,JavaScript,,,PHP,,,SQL,
,,,,,,,,,,,
,,,,,,,,,,SQL,Perl
C,,,,,,,,,,,
,,,Java,,,,,,Ruby,SQL,
C,C++,C#,Java,,,,,,,,Android SDK
,,,Java,JavaScript,,,,,Ruby,SQL,
,,C#,,JavaScript,,,,,,SQL,"SQLScript, ABAP"
,,,Java,JavaScript,,,PHP,,Ruby,SQL,
,,,Java,JavaScript,,,,,,SQL,
C,C++,C#,,,,,,,,,
,,,,,,,,,,,
,C++,,,,,,,,,SQL,R
,,C#,,JavaScript,,,,,,SQL,
,,C#,,JavaScript,Node.js,,,,,SQL,
,,,Java,JavaScript,,Objective-C,,,,,
,,C#,,,,,,,,,
,,,Java,JavaScript,Node.js,,PHP,,,SQL,
,C++,,,JavaScript,,,,,Ruby,,
C,C++,C#,,,,,,,,SQL,VB.Net
,,C#,Java,,,Objective-C,PHP,,,SQL,
,C++,C#,Java,,,,,Python,,,Prolog
,,C#,,,,,,,,,VBA
,,,,JavaScript,,,,,,,
,,,,,,,,,,SQL,VB.NET
,,,,JavaScript,,,PHP,,,,"MySQL, HTML, CSS, jQuery"
C,C++,,,JavaScript,,Objective-C,,Python,,,
,,,,JavaScript,,Objective-C,PHP,Python,,SQL,
,C++,C#,,JavaScript,,,PHP,,,SQL,"x86 Assembler, Typescript"
,,,,,,,,,,,
C,,,,,,Objective-C,,,,,Perl
,,,,JavaScript,,,PHP,,,SQL,
,,C#,,,,,,,,SQL,
C,C++,C#,,,,,,,,,VB.NET
,,,,,,,,,,,
,,,,,,,,,,,
,,,,,,,,Python,,,lua
C,,,Java,,,,,,,,
,,,Java,JavaScript,Node.js,,,,Ruby,SQL,
,,,,JavaScript,,,,Python,,,
,,,Java,JavaScript,,,,,,,
,C++,C#,,,,,,Python,,,
,,,,JavaScript,Node.js,,PHP,Python,Ruby,SQL,
C,C++,,Java,,,Objective-C,,,,,
C,,,Java,JavaScript,,,,Python,,SQL,
,,,Java,,,,,,,,
C,C++,,,,,,PHP,,,,
,,,Java,JavaScript,,,PHP,,,SQL,
,,,,JavaScript,,,PHP,,,SQL,
,,,,,,,,,,,
C,C++,,,,,Objective-C,,Python,,SQL,
,,,,JavaScript,,,PHP,Python,,SQL,
,,,,,,,,,,,
,,,,,,,,,,,
,,,,,,,,,,,
,,,Java,,,,,,,,
C,C++,,Java,,,,,Python,,,
,,,Java,JavaScript,,,,Python,,,
,,,Java,,,,,Python,,,bash
C,C++,C#,,JavaScript,Node.js,,,,,SQL,
,,,,,,,,Python,,,FORTRAN matlab sh
,C++,,Java,JavaScript,,,,Python,,,
,,,Java,JavaScript,Node.js,,,Python,,SQL,
C,,,Java,,,,,Python,,,
,,,,,,,,,,,
,,C#,Java,JavaScript,,,,,,,
,,,,,,,,,,,
C,C++,C#,Java,JavaScript,Node.js,,PHP,,,SQL,
C,,C#,,JavaScript,,Objective-C,,,,SQL,
,,,Java,JavaScript,,,PHP,Python,,SQL,
,,,,,,,,,,,Perl
,,,,,,,,,,,
,C++,,,JavaScript,,Objective-C,,Python,,,
C,C++,,Java,JavaScript,,,PHP,Python,,SQL,Visual Basic
,,,,,,,,,,,
C,,C#,Java,JavaScript,,Objective-C,,,,SQL,
,C++,,Java,,,,,Python,,SQL,
C,,C#,,JavaScript,Node.js,,,,,,
,C++,C#,Java,JavaScript,Node.js,Objective-C,PHP,Python,,SQL,
,,,,,,,,,,,shell script
C,C++,C#,Java,,,Objective-C,,,,SQL,
,,,Java,JavaScript,,,,,,SQL,
,,C#,,JavaScript,,,,,,SQL,
,,,,JavaScript,,,PHP,,,SQL,
C,,C#,,,,,PHP,,,SQL,
,,C#,Java,JavaScript,,,,,,SQL,
,,,,,,,,,,,
,,,,,,,,Python,,SQL,R
,,C#,,JavaScript,,,,,,SQL,
,,C#,,JavaScript,,,,,,SQL,VB.NET
,,,,JavaScript,,,PHP,,,,
,,C#,,JavaScript,,,,,,SQL,
,,,,JavaScript,,,,,,,Salesforce
C,C++,C#,Java,JavaScript,Node.js,Objective-C,PHP,Python,Ruby,SQL,
,,,,JavaScript,,,PHP,,,SQL,
,,C#,Java,JavaScript,,,,,,SQL,
,,,,JavaScript,Node.js,,,,,SQL,
,,,Java,JavaScript,,,,,,,
,,C#,,JavaScript,,,,,,SQL,
,C++,C#,Java,JavaScript,,,,,,SQL,
,,C#,,JavaScript,,,,,,SQL,
,,,,,,,,,,,
,C++,,Java,,,,,,,SQL,
C,,C#,Java,JavaScript,,,,,,SQL,
,,,Java,,,,,,,,
,,C#,,JavaScript,,,,,,SQL,
,,,,JavaScript,,,,Python,,,
,,C#,,JavaScript,,,,,,,
C,,,,,,,,,,,
,,,,,,,,,,,
,,,Java,,,,,,,,
,,,Java,JavaScript,Node.js,,,,Ruby,SQL,
,,,,,,,,,,,
,,,Java,,,,,Python,,,Haskell
,,,,JavaScript,,,PHP,,,SQL,
,,,,,,,,,,,
,,,Java,,,Objective-C,PHP,,,,
C,C++,C#,Java,JavaScript,,,PHP,,,SQL,
,,,,JavaScript,Node.js,,PHP,,,SQL,
,,C#,,JavaScript,,,PHP,,,SQL,VB.Net
C,C++,C#,,,,Objective-C,,,,SQL,
,,,,,,,,,,,
,,,Java,,,,,Python,,,
C,,,Java,,,,,,,,
C,C++,C#,Java,JavaScript,Node.js,Objective-C,,Python,,SQL,
,,,,JavaScript,Node.js,,PHP,,,SQL,
,,,,,,,,,,,
,,,,,,,,,,,
,,,,,,,,,,,
,,,,,,,,,,,
,,,,JavaScript,,,,,Ruby,,
,,,,JavaScript,,,,Python,,,
,,,,,,,,Python,,SQL,
,,,Java,,,Objective-C,,,,SQL,scala clojure
C,C++,,,,,,,,,,VB.NET Perl
,,,,,,,,,,,
,,,,,Node.js,,,Python,,,
C,C++,C#,,,,Objective-C,,,Ruby,,
,,,Java,JavaScript,Node.js,,PHP,Python,,SQL,
,,,Java,,,,PHP,,,,
,,,,JavaScript,,,,Python,Ruby,SQL,
,,C#,Java,JavaScript,,,PHP,,,SQL,
,,,Java,,,,,,,SQL,
,,,,JavaScript,,,,Python,,SQL,"MATLAB, VBA"
,,C#,,JavaScript,,,,,,SQL,VB
,,,Java,JavaScript,,Objective-C,,,,SQL,
,,,,,,,,,,SQL,
C,C++,C#,,JavaScript,,,,,,,"vb-classic,vb-script,vb.net,C++/CLR,C++/CX,Postscript"
,,,,JavaScript,Node.js,,,Python,,SQL,
,,,Java,,,,,,,,
,,C#,,,,,,,,,
,,,,JavaScript,,,,Python,Ruby,,
,,,,,,,,,,,
,,C#,,,,,,,,,
,,C#,,JavaScript,,,,,,SQL,Visual Basic.NET
,,,,,,,,,,,
,,,Java,,,,PHP,Python,,SQL,
,,,,JavaScript,,,PHP,,,SQL,
,,C#,,,,,,Python,,,
,,C#,,JavaScript,,,,,,SQL,
,,C#,,JavaScript,,,,,,,
,,,Java,JavaScript,,,PHP,,,,
,,C#,Java,JavaScript,Node.js,,PHP,,,SQL,
,C++,C#,Java,JavaScript,,,,,,,
,,,Java,JavaScript,,,,,,SQL,"jQuery, Adobe CQ5"
,C++,,Java,,,,,Python,,SQL,Scala
C,,,,JavaScript,,,,Python,,,
,,,,,,,,,,,
,,C#,Java,JavaScript,,,,,,SQL,
,C++,C#,,JavaScript,,,,Python,,SQL,
C,,,Java,JavaScript,,,,Python,,,
,,,,JavaScript,,,PHP,,,,
C,,C#,,,,,,,,,
,,C#,,JavaScript,,Objective-C,,,,SQL,ColdFusion
C,C++,C#,Java,JavaScript,,,PHP,Python,Ruby,SQL,scala
,,,,,,,,,,,
,,,,,,,,,,,
,,C#,Java,,,,,,,SQL,
,,C#,,JavaScript,,,,,,SQL,
C,,,,JavaScript,Node.js,,PHP,Python,,SQL,
C,C++,C#,Java,JavaScript,Node.js,,PHP,,Ruby,SQL,
,,,,JavaScript,Node.js,,PHP,,,SQL,
,,,,,,Objective-C,,,Ruby,,
,,,,,,,,,,,
,,,,,,,,,,,
,,,,,,,,Python,,,
,,,Java,JavaScript,,,,,Ruby,,
,,,,JavaScript,Node.js,,PHP,,,,
,,,,,,,,,,,
,,C#,,,,,,,,SQL,
,,C#,,JavaScript,,,PHP,,,SQL,
,,,,JavaScript,Node.js,,,,,,
,,C#,,JavaScript,Node.js,,,,,,CoffeeScript
,,,,,,,,,Ruby,SQL,
,,C#,,JavaScript,,,,,,SQL,
,,C#,Java,JavaScript,,,,,,SQL,
,,,,,,,,,,,
C,,C#,Java,,,,,,,SQL,
,,,,,,,,,,,
,,,,,,,,,,,
,,C#,,,,,,,,,
,,,,JavaScript,,,PHP,,,,
,,,,,,Objective-C,PHP,,,,
,,,Java,JavaScript,,,,Python,,,
,,,,,,,,,,,
,,C#,,,,,,,,SQL,SharePoint
,,,,,,,,,,,
,,,,,,,,,,,
,,,,JavaScript,,,PHP,,,SQL,
,,,,,,,,,,,
,,,Java,,,,,,,,
,,C#,Java,JavaScript,,,,,,,
,,,,,,,,,,SQL,IDL
,,,Java,JavaScript,,,,,,SQL,VB
,,,,,,,,,,,"Scala, Cassandra, Redis, MongoDB, Storm, Spark, Hadoop"
,,,,JavaScript,,,PHP,,,,Delphi
C,C++,,,,,,,,,SQL,
,,C#,,JavaScript,,,,,,SQL,
,C++,,,JavaScript,,,PHP,,,SQL,
,,,,JavaScript,,,PHP,,,,
,,C#,Java,JavaScript,,Objective-C,PHP,Python,Ruby,SQL,
,,,Java,,,,,,,,
C,C++,C#,Java,JavaScript,,Objective-C,,,Ruby,,
C,C++,C#,,JavaScript,,,,,,,
C,C++,C#,Java,JavaScript,Node.js,Objective-C,,Python,,,
,C++,,,,,,,,,,
,C++,,,JavaScript,,,,Python,,SQL,
,,,,JavaScript,Node.js,,,,,,
,,,,JavaScript,,,PHP,,,,Haskell
,,,,,,,,,Ruby,,
,C++,,Java,JavaScript,,,,,,SQL,Perl
,C++,,Java,JavaScript,,,PHP,,,SQL,
,,,,,,,,,Ruby,SQL,
,,C#,Java,JavaScript,,,PHP,Python,,SQL,Groovy
C,,,Java,,,,,,,,
,,,,,,Objective-C,,,,,
,,,,,,,,,,,
,,,Java,,,,,Python,,,
,C++,,,JavaScript,,,,,Ruby,,
C,,,,,,,,Python,Ruby,SQL,
C,C++,,Java,JavaScript,,,PHP,,,SQL,
C,C++,C#,Java,JavaScript,,Objective-C,PHP,Python,,SQL,Object-Pascal
,,C#,,JavaScript,,,PHP,,,SQL,
,,C#,Java,JavaScript,,,,Python,,,
,,,,,,,,,,,
,,,Java,,,,,Python,,,Haskell
,C++,,,JavaScript,,,,,,,
,,,,,,,,Python,,,
,,C#,,JavaScript,,Objective-C,PHP,Python,Ruby,SQL,
,,,,JavaScript,,,PHP,,,SQL,
,,C#,,,,,,,,,
,,,,JavaScript,,,PHP,,,SQL,
,C++,,,,,,,,,,Scala
,,C#,,JavaScript,,,,,,SQL,
,,C#,Java,JavaScript,,,,,,,
,,,,,,Objective-C,PHP,,,SQL,
,,,,,,,,Python,,SQL,
,,,Java,,,,,,,SQL,Groovy
,,,,,,,,,Ruby,,
,C++,C#,,,,,,,,,
C,C++,,Java,JavaScript,,Objective-C,,,,,
,,,,,,Objective-C,,,,,
,,,Java,JavaScript,,,,Python,,SQL,ASP (sadly)
,,C#,Java,,,,PHP,,,SQL,
,,,,,,Objective-C,,,,SQL,
,,C#,,JavaScript,,,,,,,
,,,Java,,,,,,,,
C,C++,C#,,,,Objective-C,,,,,
,C++,,,JavaScript,,Objective-C,,Python,Ruby,,
,,C#,,JavaScript,,,,,,SQL,
,,C#,,JavaScript,,,,,,,phonegap
,,C#,,JavaScript,,,PHP,,,SQL,
,,C#,,JavaScript,,,,,,SQL,
,,C#,,JavaScript,,,,,,SQL,
,,,Java,,,,,Python,,,
C,,,Java,,,,,Python,,,
,C++,,,,,Objective-C,,,,,
,,C#,,JavaScript,,,,,,SQL,
,,,,,,,PHP,,,SQL,
,,C#,,,,Objective-C,,,,,
,,C#,,JavaScript,,,,,,,
,,,Java,,,,,,,,
C,C++,,,,,Objective-C,,,,SQL,
,,,Java,JavaScript,,,,,,SQL,"groovy, perl, bash"
,,,,JavaScript,,,,,,,.net
,,,Java,JavaScript,,,,,,SQL,
,,C#,,JavaScript,,,,,,SQL,"VB.NET, TypeScript"
,,,,JavaScript,,,PHP,,,SQL,
,,,,JavaScript,,,,,,SQL,vb.net
,,C#,,,,,,,Ruby,,Delphi
,,C#,Java,JavaScript,Node.js,,,Python,,SQL,
C,C++,,Java,JavaScript,,,,,,,
,,,,JavaScript,,,PHP,,,SQL,
,C++,C#,Java,JavaScript,,,,,,,
,C++,C#,,,,,,Python,,,Delphi
,C++,,,,,,,,,,
,,,Java,JavaScript,,,PHP,,,SQL,
C,C++,,Java,,,,PHP,,,SQL,
C,,,Java,,,,,,,SQL,
,,C#,Java,JavaScript,,,,,,,
,,C#,,,,,,,,,wpf
,,,,JavaScript,Node.js,,,,,,
,,C#,,JavaScript,Node.js,,PHP,,,SQL,VBA
,,,,JavaScript,Node.js,,PHP,,,SQL,
,,,,,,,,,,,
,C++,,,JavaScript,,,PHP,Python,Ruby,SQL,
,C++,,,JavaScript,,,,Python,,SQL,Prolog
,,,,JavaScript,Node.js,,,,,,
,,,Java,JavaScript,,Objective-C,,,,,
,C++,C#,Java,JavaScript,,Objective-C,,,,,
,,,,JavaScript,,,,,,,Perl
,,,,,,,,,,,
,C++,,,,,,,,Ruby,,
,,C#,,,,,,,,,VB.NET
,,,,,,,,,,,
,,C#,,,,,,,,,C/AL (Microsoft Dynamics NAV)
,,,,,,,,,,,
,,,,JavaScript,,,,,,SQL,
,C++,,,,,,,Python,,,Perl
,,,,,,,,,,,
,,C#,Java,JavaScript,,,,,,SQL,
,,C#,,JavaScript,,,,,,,
,,,Java,,,,,,,,
,C++,,,JavaScript,,,,,,,
,,C#,,JavaScript,,,,,,SQL,
,,,,,,,,,,,
,C++,C#,,JavaScript,,,,,,SQL,
,,,Java,JavaScript,,,,,,SQL,
C,C++,,,JavaScript,,,PHP,Python,,SQL,
C,C++,,Java,,,,,,,,
C,,,Java,JavaScript,,,,,,,
,C++,C#,Java,JavaScript,,,,,,SQL,Scala
,C++,C#,,JavaScript,,,,,,,
,,C#,,,,Objective-C,,Python,,SQL,
,,,,,,,,,,,MATLAB
,,,,,,,,Python,,,
,,C#,Java,JavaScript,,,PHP,,,,
,,,Java,JavaScript,Node.js,,,Python,,SQL,
C,C++,,,JavaScript,,,,Python,,,
C,,,Java,,,,PHP,Python,Ruby,SQL,
,C++,C#,Java,,,,,,,,
,,,,,,,,,,,
,,,Java,JavaScript,,,,,,SQL,
,,,Java,,,,,,,,
,,,,,,,,,,SQL,"VB6, VB.NET"
,,,Java,,,,,Python,,,
,,,,,,,,,,,
,,,,,,,,,,,
,,,,JavaScript,,,PHP,Python,,,
,,,,JavaScript,,,PHP,,,SQL,
,,C#,,JavaScript,Node.js,,,,,,Visual Basic
,,,,,,,,,,,
,,,,,,,,,,SQL,
,,,,JavaScript,,,PHP,,,SQL,Groovy
,,,Java,,,,,Python,,SQL,Mathematica
,,,,,,,,Python,,,PowerShell
,,,,,,,,,,,
C,,C#,,,,,PHP,,,SQL,
,,,,,,,,,,,HTML5
,,,,JavaScript,,,PHP,,,SQL,
C,,,,JavaScript,,,,Python,,,
,,,,,,,,,,,
,,,,,,,,,,,
C,C++,C#,,,,,,,,,
,,C#,,JavaScript,,,,,,,
,,C#,,JavaScript,,,,,,SQL,
C,C++,,,,,,PHP,Python,,SQL,"Bash, Awk"
,,,Java,,,,,,,,
,,,Java,,,,,,,,
C,C++,,,JavaScript,,,,Python,,,
,,,,,,,,,,,
,,,,,,,,,,SQL,mdx
,,,,JavaScript,,,PHP,,,SQL,
,C++,,Java,,,,PHP,Python,,,
,,,,,,,,,,,
,,C#,,JavaScript,,,,,,SQL,
,C++,C#,Java,JavaScript,,,,Python,,,
,,C#,,,,,,,,SQL,
,,C#,,JavaScript,,,,,,SQL,VB
,,C#,,JavaScript,,,,,,SQL,
C,C++,,,JavaScript,,,PHP,Python,,SQL,
,,,,,,,,,,,
,,,,JavaScript,,,,,,SQL,ColdFusion
,,,Java,JavaScript,,,PHP,,,SQL,
,,C#,Java,JavaScript,,,,,,SQL,
,,C#,,JavaScript,,,,,,SQL,
,C++,,,JavaScript,,,,,,,Delphi
C,C++,C#,,,,,,Python,,,
,,C#,,,,,,,,,
,C++,,,,,,,,,SQL,vhdl
,,C#,,JavaScript,,,PHP,,,,Coffeescript
,,,Java,,,,,,,SQL,
,,,,JavaScript,,,,,,SQL,Perl
,C++,C#,Java,JavaScript,,,PHP,Python,,SQL,
,,,Java,,,Objective-C,,,,,
,,C#,,JavaScript,,,,,,SQL,
,,C#,,JavaScript,,,,Python,,SQL,
,,,Java,,,,,,,,Scala
,,C#,,,,,,,,SQL,
,,,,JavaScript,,,PHP,Python,Ruby,SQL,
,,,Java,JavaScript,,,,Python,,SQL,
,,C#,,JavaScript,Node.js,,,,,SQL,
,,,Java,,,,,,,,
,,,,JavaScript,,,PHP,,,SQL,ASP.NET MVC4
,,,,JavaScript,,,,,Ruby,SQL,
,,,,JavaScript,,,PHP,,,SQL,
C,,,,JavaScript,,,PHP,,,SQL,
C,C++,C#,Java,JavaScript,,Objective-C,,Python,Ruby,,
,,C#,Java,,,,,,,,
,,,,,,,,,,SQL,Informatica PowerCenter
,,,Java,JavaScript,,,,,,,
,,C#,,JavaScript,,,,,,,
,,,,,,,,Python,,SQL,SAS
,,,Java,,,,,,,SQL,
,,,,,,,,,,,
,,C#,,JavaScript,,,,,,SQL,
,,,Java,JavaScript,,,PHP,,,SQL,
,,C#,,JavaScript,,,,,,SQL,
,,C#,,JavaScript,,,,Python,,SQL,VB.NET
,,,,JavaScript,Node.js,,PHP,,,SQL,
,,,Java,JavaScript,,,,,,,scala
,,,Java,JavaScript,,,,Python,,SQL,
,,,,JavaScript,Node.js,,PHP,,,SQL,
,,C#,,JavaScript,Node.js,,,,,SQL,
,,,,,,,,,,,
,C++,C#,Java,,,,,Python,,,
,,,,JavaScript,,,PHP,,,,
,,,,,,,,,,,
,,C#,,,,,,,,SQL,
C,,C#,Java,JavaScript,,,PHP,,,SQL,Matlab
,,,,JavaScript,,,,Python,,,
,,,Java,JavaScript,Node.js,,,,,SQL,"ColdFusion, Adobe Flex"
,,,,,,,,,,,
,,,,,,,,,,,
,,,Java,JavaScript,,,,Python,,SQL,
,,,,,,,,,,,
,,,,JavaScript,,,PHP,,,,Dart
,,,Java,JavaScript,,,,,,,
,,C#,,JavaScript,,,,,,,
,,,,JavaScript,,,,Python,,SQL,
C,C++,,,,,,,,,,
,,,,,,,,,Ruby,,
,,,Java,,,,,Python,,,
,C++,C#,Java,,,,PHP,Python,,,VBA
,,,Java,,,,PHP,,,,
,,,Java,JavaScript,Node.js,Objective-C,,,,SQL,
,C++,C#,,JavaScript,,,PHP,,,,
C,C++,,Java,JavaScript,,,,Python,,SQL,
,,,,,Node.js,,PHP,,,,
C,C++,C#,Java,JavaScript,,,,,Ruby,SQL,
,,,,,,,,,,,
,,,Java,,,,,,,,Clojure
,,,,,,,,,,,
,,C#,,,,,,,,,
,,C#,Java,JavaScript,,,PHP,,,SQL,
,C++,C#,Java,,,,PHP,,Ruby,SQL,
C,C++,,,,,,,,,,
,,C#,,JavaScript,,,,Python,,,Haxe
,,C#,,JavaScript,,,,,,SQL,
,,,,,,,,Python,,,
,,,,,,,,,,,
,,C#,,JavaScript,,,,,Ruby,SQL,
,C++,,,JavaScript,,,PHP,Python,,SQL,Coldfusion
C,C++,C#,,,,,,,,SQL,XAML
,,,Java,,,,,,,SQL,Matlab
,,C#,,JavaScript,,,,,Ruby,,
,,C#,,,,,,,,,
,,,,JavaScript,,,,,Ruby,,
,,,,,,,,,,SQL,
,,,,JavaScript,,,,,Ruby,,
,,,,JavaScript,,,,,Ruby,SQL,
,,,Java,JavaScript,Node.js,,,,,SQL,
,C++,,,,,,,,,,
,,,Java,JavaScript,,,,Python,,SQL,
,,C#,Java,JavaScript,,,,,,SQL,
,C++,,,,,,,,,,OpenGL 3.3 Core
,,,Java,,,,,,,,
,,,,,,,,,,,
,,,,,,,,,,,
,,,,JavaScript,,,PHP,Python,,,
,,,,,,,,,,,
C,C++,C#,,,Node.js,,,,,SQL,
,,,Java,,,,,,,SQL,
,,,,,,,,,,,
,,,,,,,,,,,
,,,,JavaScript,,,,,,SQL,
,,C#,,JavaScript,,,,,,SQL,
,,,,,,,,,,,
,C++,,Java,,,,,Python,,SQL,
,,,,JavaScript,Node.js,,PHP,,,SQL,
,,,Java,,,,PHP,,,SQL,
,,C#,,JavaScript,,,,Python,,,
,,C#,Java,,,,,,,,PL/SQL
,,,,,,,PHP,,,SQL,
,C++,,Java,,,Objective-C,,,,,
,,C#,,JavaScript,,,,Python,,,
,,,Java,JavaScript,,,,,,SQL,
,,,,,,,,,,,
,,,Java,JavaScript,,,,,,SQL,
,,,Java,,,,,Python,,,"R, Lisp"
,,,,,,,,,,,R
,C++,,Java,,,Objective-C,PHP,,,,
,,,,JavaScript,Node.js,,,,,SQL,VB.Net
,,C#,,JavaScript,,,PHP,Python,,SQL,
,,C#,,JavaScript,,,PHP,,,,
,,,,JavaScript,Node.js,,PHP,,,SQL,
,C++,,,JavaScript,,,PHP,,,,
,C++,,,JavaScript,,,,Python,Ruby,,Pike
,,,Java,,,,PHP,,,,
,C++,C#,Java,JavaScript,,,,Python,,SQL,
C,,,,,,,,,,,Matlab
,,,Java,JavaScript,,Objective-C,PHP,,,SQL,
,,,Java,,,,,Python,,SQL,
C,,,,JavaScript,,,PHP,,,,
,,,,,,Objective-C,,Python,,,"Scala, Haskell, Julia, Matlab"
C,C++,,,,,,,Python,,,Django
,,C#,,JavaScript,Node.js,,,,,SQL,
,,,,,,,,,,,
,C++,,Java,,,,,,,,XQuery
,,C#,,,,,,,,,
,,,,,,,,,,,
,,,,JavaScript,,,,,Ruby,,
,,,,,,,,,,,
C,C++,C#,,,,,,Python,,,
,,C#,,JavaScript,,,,,,SQL,
C,C++,,Java,,,,,Python,,,
C,,,,,,,PHP,,,SQL,Bash Scripting
,,C#,,JavaScript,Node.js,,,Python,,,Haskell
,,C#,,,,,,,,SQL,
C,,,Java,JavaScript,,,PHP,,,,
,,C#,,JavaScript,,,,,,SQL,
,,,Java,,,,,Python,,,
,,C#,Java,JavaScript,,,PHP,,,SQL,"HTML, CSS, Cakephp, Visual Basic"
,,,Java,,,,,,,,
C,C++,C#,Java,JavaScript,Node.js,,PHP,Python,Ruby,SQL,"lots of these, to be honest, Perl, for example"
,,C#,,JavaScript,Node.js,,,,,SQL,
,,,,,,,PHP,,,,
,,,,,,,,,,,
,,,Java,JavaScript,,,PHP,,,SQL,DELPHI
,,,Java,JavaScript,Node.js,,,,,SQL,
,,,,,,,,,,,
C,,,,JavaScript,,Objective-C,PHP,,Ruby,SQL,
,,,,,,,,,,,
,,,,,,,,,,,
,,C#,,JavaScript,,,,,,,
,,C#,,JavaScript,,,,,,SQL,
,,,Java,,,,,Python,,SQL,"R, Pig, shell scripting (Bash, Powershell)"
,,,,,,,,,,,
,,,,,,,,,,,
,,,,JavaScript,,,PHP,,,SQL,
C,,,Java,JavaScript,,Objective-C,,,,SQL,
,,C#,,JavaScript,,,PHP,,,SQL,
,,,Java,JavaScript,,,,,,,
,C++,C#,Java,,,,,,,SQL,
,,,Java,JavaScript,Node.js,,,Python,,SQL,
,C++,C#,,JavaScript,,,,,,SQL,
,,,,,,,,,,,
C,C++,,Java,,,,PHP,Python,,,
,,C#,Java,,,,,,,,"Android, Flex, AS3, AIR"
,,,Java,JavaScript,,,,,,SQL,ColdFusion
C,,,Java,,,,,,,SQL,
,,C#,,,,,,,,SQL,Delphi
,,,Java,JavaScript,,,PHP,,,SQL,
,,,,,,,,,,,
,,C#,Java,,,,,,,,VB
C,,C#,,JavaScript,,,,,,SQL,
,,,,JavaScript,Node.js,Objective-C,,,,,AngularJS
,,,Java,,,,,,,SQL,
,,,Java,JavaScript,,,,Python,,,Scala
,,,Java,JavaScript,,,,,,SQL,
,,,,,,,,,,,
,,,,JavaScript,,,PHP,,,SQL,
C,C++,,,JavaScript,,,,,,,
,,C#,,,,,PHP,,,SQL,
,,C#,,JavaScript,,Objective-C,PHP,,,SQL,
,,,,,,,,,Ruby,SQL,
,,,,,,,,Python,,,
,,,Java,,,,,,,,
,,,,JavaScript,Node.js,,PHP,,,SQL,mongodb
,C++,C#,,,,,,,,,
,,C#,Java,JavaScript,,,,,,,
,,,Java,,,,,,,SQL,
,,C#,,JavaScript,,,,,,SQL,
,,,,,,,,,,,
,C++,,,,,,,,,,
,,C#,,JavaScript,,,,,,SQL,
,,C#,Java,JavaScript,Node.js,,PHP,,Ruby,SQL,
,,,,,,,,Python,,,
,,,,,,,,,,,
C,C++,C#,Java,JavaScript,,Objective-C,,,,SQL,
,,,Java,,,Objective-C,,,,,
,,C#,Java,,,,PHP,,,,
C,C++,,,,,,,,,,
,,C#,,JavaScript,,,,Python,Ruby,,
,C++,,,,,,,Python,,,
C,,C#,Java,JavaScript,,,PHP,Python,,SQL,
,,,,,,,,,,,
,,,,JavaScript,,Objective-C,,,Ruby,,
,,C#,,,,,,,,SQL,
C,C++,,Java,,,,,,,,
,,,,JavaScript,,,,,Ruby,,Clojure
,,,,,,,,,,,
,,,,,,,,,,,
,,C#,,,,,,,,SQL,
,,C#,,JavaScript,,,,,,,
,C++,,,,,Objective-C,,,,,
C,,,,,,,,,Ruby,,
,,,,JavaScript,,,PHP,,,SQL,
,,C#,Java,,,,,,,SQL,SPARQL
,,C#,,,,,,,,,
,,,,JavaScript,,,PHP,Python,,,
,,C#,,JavaScript,,,,,,SQL,
,,,Java,JavaScript,,,,,,SQL,
,,,Java,,,,,,,,
,,,,,,,,,,,
,,C#,,JavaScript,,,,,,SQL,
,,,,,,,,,,,
,,,Java,,,,,,,,
C,C++,,,JavaScript,,Objective-C,PHP,,,SQL,x86 Assembly
,C++,,,,,,,,,,
,,,Java,,,,,,,SQL,
,,C#,Java,JavaScript,,Objective-C,,,Ruby,,Scala
,,,,,,Objective-C,,,,,Igor Pro
,,C#,,,,,,,,SQL,TCL
C,C++,,Java,,,,,,Ruby,,
,,,,,,,,,,,
,C++,,Java,JavaScript,Node.js,,,Python,,,
,,C#,Java,,,,,,,SQL,
,,,,JavaScript,,,,,Ruby,,
C,C++,,Java,,,,,,,,
,C++,,,JavaScript,,,,Python,,,Rust
,,C#,Java,JavaScript,,,,,,,
,,C#,,JavaScript,,,,,,SQL,
,,,,,,,,,,,
,,,,,,,,,,,
C,C++,C#,,JavaScript,,,,,,,
,,,,,,,PHP,,,SQL,
,,,Java,,,,,,,SQL,
,C++,,Java,JavaScript,,,,Python,,,
,,,,,,,,Python,,,
,,,Java,,,,,Python,,,IDL
,,,,,,,PHP,,,SQL,ActionScript 3.0
C,C++,,,,,Objective-C,,,,SQL,
,,,Java,,,,,,,SQL,
,,,,JavaScript,,,,,,SQL,"Lua, ASP"
,,,,JavaScript,,,,,,,Coldfusion
,,,,JavaScript,,,PHP,,,SQL,
,,C#,,JavaScript,Node.js,,PHP,,,,
,,C#,Java,,,,,,,,Guys you forget scala in exciting techno. shame on you
,,,,,,,,,,,
C,C++,C#,,,,,,Python,,,
,,C#,,JavaScript,,,,,,,
,,,,,,Objective-C,,,,,
,,,Java,,,,,,Ruby,,
C,,,,,,Objective-C,,,,,
,,C#,,JavaScript,,,,,,SQL,
C,,,Java,JavaScript,Node.js,,PHP,Python,Ruby,SQL,
,,C#,Java,JavaScript,Node.js,,,,,SQL,
,,,,JavaScript,,,PHP,,,SQL,
,,,,,,,,,,,
,,C#,,JavaScript,,,,,,SQL,
,,,,,,Objective-C,,,,,
,,,Java,JavaScript,,,,,,SQL,
C,,,Java,,,Objective-C,,Python,,,
,,C#,,JavaScript,,,,,,,
,,,,,,,,Python,,,
,,,,,,,,,,,
,,C#,,JavaScript,,Objective-C,PHP,,,SQL,Visual Basic
,,,,JavaScript,,,,,Ruby,SQL,
,C++,C#,,JavaScript,,,,,,SQL,
,,C#,,JavaScript,,,,,,SQL,
,,,,JavaScript,,,PHP,,,SQL,
,,,Java,,,,,,,,
,,,Java,,,Objective-C,PHP,Python,,,
,,,Java,JavaScript,,,,,,SQL,
,,,Java,,,Objective-C,,,,SQL,"VBA, MatLab"
,,,,,,,,,,,
,,,,,,,,,,,PowerShell
,,,,JavaScript,,,,,Ruby,,Coldfusion
,,C#,,,,,,,,,
,,,,JavaScript,Node.js,,PHP,,,SQL,
,,,Java,,,,,,,,
,,,Java,,,,,,,,
,,,,,,,,,,,
,,C#,Java,,,,,,,,
,,C#,Java,JavaScript,,,,Python,,,
,,,,,,,,,,,
,,C#,,,,,,,,,
,,C#,,,,,,,,SQL,
,,,,JavaScript,,,PHP,,,,
,C++,,,JavaScript,,,PHP,,,SQL,
,C++,C#,,JavaScript,,,PHP,,,SQL,
,C++,C#,,JavaScript,,,,Python,,,
,,,,,,,,,,SQL,
,C++,,,,,,,,,,
,,,Java,JavaScript,Node.js,,PHP,,,SQL,
,,C#,,JavaScript,,,PHP,,,SQL,
C,,,,,,Objective-C,,,,,
,C++,,,,,,,,,,
,,C#,Java,JavaScript,Node.js,,PHP,,Ruby,SQL,
,,,,,,,,,,,
,,C#,,JavaScript,,,,,,SQL,VBScript
C,,,,JavaScript,,,PHP,,,SQL,
,,C#,,JavaScript,,,,,,SQL,
,,C#,Java,,,Objective-C,PHP,Python,,,
,,,,JavaScript,Node.js,,PHP,,,,
,,,,,,,PHP,,,,
,,,Java,JavaScript,Node.js,Objective-C,PHP,,,SQL,
,,,,,,Objective-C,,,,,lua
C,C++,,Java,JavaScript,,,,,,,
,C++,C#,,,,,,,,,
,,,Java,JavaScript,,,PHP,,,SQL,
,,,,,,Objective-C,,,,,
,,C#,,,,,,Python,,,"VBA, Perl"
C,C++,,,,,,,,,,
,,,,JavaScript,,,,Python,,,
,,,,,,,PHP,Python,,,
,,,,,,,,,,,
,,C#,,JavaScript,,,,,,SQL,"Asp.NET, HTML, CSS"
,,,,JavaScript,,,PHP,,,SQL,
,,,Java,,,,PHP,,,SQL,
,,,,,,,,,,,
,,,Java,JavaScript,,,PHP,Python,,SQL,
,,,,,,,,,,,
,,,,JavaScript,,,PHP,,,SQL,
C,,,,,,,,,,,
,,C#,Java,JavaScript,,,,,,SQL,
,,,,,,,,Python,,,
C,,,Java,,,,,,,,
C,,,Java,,,,,,,SQL,
,,,,,,,,,,,
,,,,JavaScript,,,PHP,,,SQL,
,,,,JavaScript,,,PHP,,Ruby,SQL,
,,,Java,,,,,Python,,SQL,
,,,,,,,,,,,
,,,,JavaScript,,,PHP,,,SQL,
,,,,,,,PHP,,,,
,,,Java,,,,,,,,"Groovy, Gradle, Ant, Powershell"
,,C#,,,,,,,,,VB.NET
,,,,,,,,,,,
,,,Java,JavaScript,,,,,,SQL,
,,,Java,,,,,,,SQL,
,,,Java,,,,,,,SQL,
,,,Java,JavaScript,Node.js,,,,,,
,C++,,,JavaScript,Node.js,,,Python,,SQL,
,,,,JavaScript,,,PHP,Python,,SQL,
,,,Java,JavaScript,,,PHP,,,SQL,"HTML, CSS"
,,C#,,JavaScript,,,,,Ruby,SQL,
,,C#,Java,JavaScript,,,,Python,,SQL,Lisp
C,C++,C#,,,,Objective-C,,Python,,SQL,
,,,Java,,,,,,,SQL,
,,,Java,,,,,,,,
,,,,JavaScript,Node.js,,,,Ruby,SQL,
,,C#,,,,,,,,,
,,,Java,JavaScript,Node.js,,PHP,,,SQL,
C,C++,C#,,,,,PHP,Python,,SQL,labview
,,,,,,,,,,,
,,C#,,JavaScript,,,,,,,
,,,,JavaScript,,,,Python,,,
,,,,JavaScript,,,PHP,,,SQL,
,,,,,,,,Python,,,
,,,,,,Objective-C,,,,,
,,,,JavaScript,,,PHP,,,,
,,,,,,,PHP,,,SQL,
,,C#,,JavaScript,,,,,,SQL,
,,C#,Java,,,,,,,,
,,,,JavaScript,,,PHP,,,SQL,
,,,Java,JavaScript,,,PHP,,,SQL,
C,C++,,,JavaScript,Node.js,,,Python,,,
C,C++,,,JavaScript,Node.js,,,,Ruby,SQL,
,,,,,,,,Python,,,VHDL
,,,Java,,,,,,,,
C,,C#,,,,,,,,,
,C++,,Java,,,,,,,,
,,C#,Java,,,,,,,,
,,,Java,JavaScript,,,,Python,,SQL,
,,,,,,,,,,,
,,,Java,,,,,,,,Visual Basic
,,C#,Java,JavaScript,,,PHP,,,SQL,ExtJS
,,,,,,,,,,,
,,C#,,JavaScript,Node.js,,,Python,,,
,,,,,,,,,,,R
,C++,,,JavaScript,,,PHP,,,,MongoDB
C,C++,C#,Java,JavaScript,,,,,,SQL,unix shells
,,C#,Java,JavaScript,,,PHP,,,SQL,
,,C#,,JavaScript,,,,,,SQL,VB.Net
,,C#,,,,,,,,SQL,
C,,,,,,,,Python,,,
,,,,,,,,,,,
,,,,JavaScript,,,PHP,,,SQL,
,,,Java,JavaScript,Node.js,,,,,,
,,,Java,,,,PHP,,,SQL,
,,,Java,JavaScript,Node.js,,,Python,,SQL,"Erlang, R"
,,C#,,JavaScript,,,PHP,Python,,SQL,Golang
,,,Java,,,,,,Ruby,,
,,,Java,JavaScript,Node.js,,PHP,,,SQL,
,,,Java,JavaScript,,,,,,,
,C++,C#,,,,,,,,SQL,Vb.net
,,C#,Java,,,,,,,,
,,,Java,JavaScript,,,PHP,,,SQL,
C,C++,,,,,,,,,,
,,,,,,,,,,,
,C++,,Java,JavaScript,Node.js,,,Python,,SQL,
,C++,C#,Java,,,,,,,SQL,
,C++,,,JavaScript,,,,,,SQL,VBScript
,,C#,,,,Objective-C,,,,SQL,VB.Net
,C++,,Java,,,,,Python,,,
,,,,,,,,,,,
,,,Java,,Node.js,Objective-C,PHP,,,SQL,
,,,Java,JavaScript,Node.js,Objective-C,PHP,Python,,SQL,AngularJS
,,,Java,JavaScript,,,,,,,Alloy
,,C#,Java,JavaScript,,,,,,SQL,
,,C#,,JavaScript,,,,,,SQL,"signalr, redis, mongodb, xhtml, css, rest"
,,,Java,JavaScript,,,,,,SQL,
C,,,Java,,,,,Python,,,
,,,,,,,,Python,,,Clojure
,,,Java,JavaScript,,,PHP,,Ruby,SQL,
,,C#,,JavaScript,,,PHP,,,SQL,VB.Net
,,,Java,,,,,,,SQL,
,,C#,,JavaScript,Node.js,,,,,SQL,
,,C#,,JavaScript,,,,,,,
,,C#,Java,,,,,,,,
,,,,JavaScript,Node.js,,PHP,,,SQL,
,,C#,,JavaScript,Node.js,,,,Ruby,SQL,
C,C++,,,,,,,,,,Lua
,,,Java,JavaScript,Node.js,,PHP,,,SQL,
,,,,,,,,,,,
,C++,C#,Java,JavaScript,,,,,,SQL,
,,,Java,,,,,Python,,,
,,C#,,,,,,,,SQL,
,,C#,,,,,,,,,"VB.NET, Delphi, PLC"
,,,,JavaScript,,,PHP,Python,,SQL,
,,C#,Java,,,,,,,,
,,,Java,JavaScript,,,,,,,
,,,Java,,,Objective-C,,,,,
C,C++,,Java,JavaScript,,Objective-C,PHP,,,SQL,
,,,,,,,,,,,
,,,,JavaScript,,Objective-C,PHP,,Ruby,SQL,
,,,,,,,,,,,
C,C++,,Java,,,,PHP,,,,
C,,C#,Java,JavaScript,,Objective-C,PHP,Python,,,Eiffel
,,,,,,,,,,,
,,,,,,,,,,,.net
,,,Java,JavaScript,,,,Python,,,
,,,Java,,,Objective-C,,Python,,,
,,C#,,JavaScript,,,,,,SQL,
,,C#,,,,,,,,,
C,C++,,Java,,,Objective-C,PHP,,,SQL,
,,C#,,JavaScript,,Objective-C,PHP,,Ruby,SQL,
,,,Java,JavaScript,,,,Python,Ruby,SQL,
,C++,,,JavaScript,Node.js,,,Python,,,
,,C#,,,,,,,,SQL,VBA
,,,Java,JavaScript,,,PHP,,,SQL,
,,C#,,,,,,,,SQL,silverlight
C,,,,,,,PHP,Python,,,
,C++,,Java,JavaScript,,,PHP,,,,"QML, AS3"
,,,Java,JavaScript,,,,,,,
,,C#,Java,JavaScript,,,PHP,,,,
,,,,,,,,,,,
C,C++,,Java,JavaScript,,Objective-C,PHP,Python,,SQL,jQuery
,,,Java,JavaScript,,,,,,,
,C++,,Java,,,,,,,,
C,C++,,,JavaScript,,,,Python,,,
,,,,JavaScript,,Objective-C,PHP,Python,,SQL,Pascal
,,C#,,,,,,,,SQL,Delphi
C,C++,,Java,,,,,,,SQL,
,,,,,,,,,,,
,,C#,,JavaScript,,,,,,SQL,
,,,,,,,,Python,,,
,,C#,,,,,,,,,
,,,,,,,,,,,
C,,C#,Java,JavaScript,,,PHP,,,SQL,
C,C++,,,,,,,Python,,,
,,,,,,,,,,,
,,C#,,JavaScript,,,,,,SQL,
,,C#,,JavaScript,,,,,,,
,,C#,Java,JavaScript,,Objective-C,,Python,,SQL,
,,,Java,JavaScript,,,,,,,
,,C#,,JavaScript,,,,,,SQL,PowerShell
,,,,,,,,,,,
,C++,,Java,JavaScript,,Objective-C,,,Ruby,,
C,C++,C#,,JavaScript,,,PHP,,,SQL,
,,,Java,JavaScript,,,,,,,
,,,,JavaScript,,,PHP,Python,,,
,C++,,Java,,,,,,,SQL,
,,,,,,,,,,SQL,classic asp
,,,Java,,,,,,Ruby,,
,,,Java,,,,,,,SQL,
,,,Java,,,,,Python,,SQL,
,,,Java,,,,,,,SQL,
,,,Java,JavaScript,Node.js,,PHP,,,SQL,
,,,,JavaScript,,,PHP,,,,
,,,,,,,,,,,
,C++,C#,,,,,,Python,,,
,,,Java,JavaScript,,,PHP,Python,,SQL,
,,C#,,,,,PHP,,,,vbscript
,,C#,Java,JavaScript,,,PHP,,Ruby,SQL,
,,C#,,JavaScript,Node.js,,,,,,
,,,,,,,,,,,
,,,,,Node.js,,PHP,,,,
,,,Java,,,,,,,,
,,,,JavaScript,,,PHP,,Ruby,,haskell
,,C#,Java,,,,,,,SQL,
,,,,JavaScript,,,,,,,
,,,,,Node.js,,PHP,,Ruby,,
,,,,,,,,Python,,SQL,
,,,,,,,PHP,,,SQL,
C,,,,JavaScript,,,PHP,Python,,SQL,"Harbour, xBase"
,,,,,,,,Python,,,
,,C#,,JavaScript,Node.js,,,Python,Ruby,SQL,
C,,C#,Java,,,,,Python,,,
,,,,,,,,,,,
,,C#,,,,,,,,,
,,,Java,JavaScript,,,PHP,Python,,SQL,
C,C++,C#,,,,,,,,,
C,C++,C#,Java,JavaScript,,Objective-C,PHP,,,SQL,
,,,Java,,,,,,,,
,C++,,,JavaScript,,,PHP,,,,
,,,Java,,,,,,,,
,C++,,,,,,,Python,,,"cmake, lua, make, bash"
C,,C#,,,,,,,,,
,,C#,,JavaScript,,,,,,SQL,
,,,Java,JavaScript,,,PHP,Python,,SQL,
,,C#,,,,,,,,SQL,
C,C++,,,,,,,,,,
,,C#,,,,,,,,,
,,,,JavaScript,,,PHP,,,SQL,
C,C++,C#,,,,,,,,,
,,,Java,,,,,,,,
,,,Java,JavaScript,,,,,,SQL,
,,,,,,,,,,SQL,
,,,,,,,,,,,
,C++,C#,Java,JavaScript,,,PHP,,,SQL,
,,,Java,,,,,,,,scala
,,C#,,,,,,,,SQL,
C,C++,,,,,,,Python,,,"Haskell, OCaml"
,,,,,,,,,,,
C,,,Java,JavaScript,,,PHP,,,SQL,Lua
C,C++,C#,,,,,,,,,
,,C#,Java,JavaScript,,,,Python,,,
C,,,Java,JavaScript,,,PHP,,Ruby,SQL,
,,C#,,JavaScript,,,,,,SQL,"ASP, ASP.NET, JQuery"
,,C#,,,,,,,,SQL,
C,,,Java,,,,PHP,,,,
,,,,,,,,,,,
,,,Java,,,,,,,,
,,,Java,JavaScript,,,PHP,,,SQL,
,,,,JavaScript,Node.js,,PHP,,,SQL,
C,C++,,Java,,,,,,,,VHDL
C,C++,,Java,,,,,Python,,,
,,,,,,,,,,,
C,C++,,,,,,,,,,
,,,Java,,,,,,,,
,C++,C#,,,,,,,,,
C,,,Java,,,,,,,,
C,,C#,Java,,,,,,,SQL,
,,,Java,JavaScript,,,PHP,,,SQL,
,,,,,,,,,,,Mathematica
,,,,JavaScript,,,PHP,,,SQL,
,,,,JavaScript,,,PHP,,,SQL,
,,,,,,,PHP,,,,mysql
,,,Java,JavaScript,,,,Python,,SQL,
C,C++,C#,,JavaScript,Node.js,,,Python,,SQL,
,C++,,Java,,,Objective-C,PHP,,,SQL,
,,,Java,,,,PHP,,,,
,,,,,,,,,,,
,,,,,,,,,,,
,,C#,,,,,,,,SQL,
C,C++,C#,,JavaScript,,,,,,SQL,AS3
C,,C#,Java,,,,,,,,
,,,,,,,,Python,,,
,,,,,,,,,,,R
,,,,,,,,,,,
,,C#,,JavaScript,,,,,,,
,C++,,,,,,,Python,,,"MATLAB, Assembly"
,,C#,,JavaScript,,,PHP,,,SQL,
,,C#,Java,JavaScript,Node.js,,,,,SQL,
C,C++,C#,Java,JavaScript,,,,,Ruby,SQL,
,,,Java,JavaScript,,,PHP,,,SQL,
,,C#,,,,,,,,,vba
,,,,,,,,,,,
,,,,JavaScript,,,,,,SQL,
,,,Java,JavaScript,,,,,,SQL,
,,,Java,JavaScript,,,,Python,,,"Grails, Groovy"
,,,,JavaScript,,,,Python,,SQL,
C,C++,C#,,,,Objective-C,,,,,
,,C#,,JavaScript,,,,,,SQL,
C,,,,,,,,,Ruby,SQL,
C,C++,,,,,,,Python,,,
,,C#,Java,JavaScript,,,,,,SQL,
C,,,Java,,,Objective-C,PHP,,,SQL,
,,C#,,,,,,,,,
C,C++,C#,,JavaScript,,,,,,SQL,
,,,,JavaScript,,,PHP,,,SQL,
C,C++,,Java,,,,,Python,,,
,,,,,,,,,,,
,C++,,Java,JavaScript,,Objective-C,PHP,,,SQL,ActionScript 3
,,,,JavaScript,,,PHP,,,SQL,
,C++,,Java,JavaScript,,,,Python,,SQL,
,,C#,,,,,,,,,
,,C#,,JavaScript,,,,,,SQL,Scala
,,,,,,,,,,,
,,,Java,JavaScript,,,,,,SQL,
,,C#,,JavaScript,,,,,,,
,,,,,,,,,,,
C,,,Java,,,,,Python,,SQL,Proprietary
,,,Java,JavaScript,,,,,,SQL,
,,,Java,JavaScript,,,PHP,,Ruby,SQL,
,,C#,,JavaScript,,,,,,,VBA
C,C++,C#,,,,,,,,,
,,C#,,JavaScript,,,,,,SQL,
,,,,,,,,,,,
,,,,JavaScript,Node.js,,PHP,,,,
,,,Java,JavaScript,,,,,,,
,,,,,,,,,,,
,C++,,,,,,,Python,,,Matlab
,,,,,,,,,,,
,,,Java,JavaScript,,,,,,SQL,
,,C#,Java,,,,PHP,,,,
,,,Java,JavaScript,,,PHP,,,SQL,
,,C#,,JavaScript,,,,,,,
,,C#,,JavaScript,,Objective-C,PHP,,,SQL,
,,,,,,,,,,,
,,C#,,JavaScript,,,,,,SQL,
,,C#,,JavaScript,,,PHP,,,,
C,C++,C#,Java,,,,,,,,
,,,,,,,,,,,
,,,Java,,,,,,,,Perl
,,C#,Java,JavaScript,,,,,,SQL,
,,,,,,,,Python,,SQL,R
,,,Java,,,,,,,,
,,,Java,JavaScript,,,PHP,,,SQL,
,,C#,,,,,,,,SQL,
,,C#,,JavaScript,,Objective-C,PHP,,,SQL,"css2, css3, html5, TypoScript"
,,,,,,,,,,,
C,C++,,,JavaScript,,,,,,,
,,,,,,,,,,,
,,C#,Java,,,,,,,SQL,
,,,,,,,,,,,
,C++,,,,,,,,Ruby,,
,,,,,,,,,,,
C,,,Java,,,,PHP,,,,
,,C#,Java,,,,,,,,
C,C++,C#,,JavaScript,,,,Python,,SQL,
,,,,JavaScript,,,PHP,,,SQL,
,,,Java,,,,,,Ruby,,
,,C#,,JavaScript,,,PHP,,,SQL,
,,,Java,JavaScript,,,PHP,,,SQL,
,,C#,Java,,,,,,,SQL,
,,,,,,,,,,,
,,C#,Java,,,,,,,,
C,C++,C#,Java,,,,,,,SQL,
,,,,JavaScript,,,PHP,,,SQL,
,,,,JavaScript,,,PHP,,,SQL,
,,,Java,,,Objective-C,PHP,,,,
,C++,,,,,,,,,SQL,
,,C#,,JavaScript,,,,,,,
,,,,,,,,,,,
,,C#,,,,,,,,SQL,
,,,Java,JavaScript,,,,,,,
,,,Java,,,,,,,SQL,
,C++,C#,Java,JavaScript,,,,,,SQL,"Silverlight, MFC,"
,,,Java,JavaScript,Node.js,Objective-C,,,,SQL,
,,C#,,JavaScript,,,,,,SQL,"bootstarap, Knockout.js, Extension.js, Jquery, MVC, MVP"
,,C#,Java,JavaScript,,,,,,,
,,,Java,JavaScript,,,,,,SQL,
,,,Java,JavaScript,,,,Python,,,"Groovy, Scala"
C,C++,C#,,,,,,,,SQL,
C,C++,C#,,,,,,,,,
,,,Java,,,,,,,SQL,
,,,,,,,,,,,
C,C++,,Java,,,,,,,,Liferay
,,C#,Java,JavaScript,,,PHP,Python,,SQL,VB.NET
C,,,,JavaScript,,,,,,,
C,,C#,Java,JavaScript,,,,,,SQL,
C,C++,,Java,JavaScript,,,PHP,,,,
,,,,,,,,,,,
,,,,,,,,,,,"HTML, CSS, RDF"
,,C#,,,,,,,,SQL,
C,,,Java,JavaScript,,,PHP,Python,,SQL,
,,C#,,JavaScript,,,,,,,
,,,Java,JavaScript,Node.js,,,,,SQL,
,,,,,,,PHP,Python,,SQL,
C,,C#,Java,JavaScript,,,,,,SQL,
,,,Java,JavaScript,Node.js,,PHP,,,SQL,
,,,Java,JavaScript,,,,,Ruby,SQL,Scala
,,C#,,JavaScript,,,,,,SQL,
,,C#,,JavaScript,,,,,,SQL,
,,,,,,,,,,,
,,C#,Java,JavaScript,,,PHP,,,SQL,
,,C#,,,,,,,,,VB.Net
,,C#,Java,,,Objective-C,,,,SQL,
,,C#,,JavaScript,,,,,,SQL,
,,,,JavaScript,,,PHP,,,SQL,vb.net
C,C++,C#,Java,JavaScript,,,PHP,,,SQL,
,,C#,,,,,,,Ruby,,
,,,Java,JavaScript,,,PHP,,,SQL,
,C++,,Java,,,,,,,,Haskell
C,C++,,Java,JavaScript,,,PHP,,,SQL,
,,C#,,JavaScript,,,,,,,
C,C++,C#,Java,JavaScript,,,PHP,Python,,SQL,
,C++,,,,,,,Python,,,
,,C#,,JavaScript,,Objective-C,,,,SQL,Flash
,,C#,,JavaScript,,,,,,SQL,
,,,Java,,,,,,,,Scala
,,,,JavaScript,,,PHP,,,SQL,
,,C#,,,,,,,,SQL,VBA
,,,,,,,,,,,
C,C++,C#,,JavaScript,,Objective-C,PHP,,,SQL,COBOL
,,,,,,,,,,,
,C++,C#,Java,,,,,,,SQL,
,,C#,Java,,,,,,,,
,,C#,,JavaScript,,,,,,SQL,
,,C#,Java,JavaScript,,,,,,SQL,
,,,,,,,,,,,
C,,,,JavaScript,,,,Python,,,
,,C#,,JavaScript,,,PHP,,,,
,,,,,,,,,,,
,,C#,,JavaScript,,,,,,,
,,C#,,JavaScript,,,,,,,jquery
,,C#,,JavaScript,,,,,,SQL,
,C++,C#,,,,,,,,,
,,,,,,,,,,,
,,,,JavaScript,,,PHP,,,,
,,,,JavaScript,,,,,Ruby,,
,,C#,,JavaScript,,,,,,SQL,
,,,Java,JavaScript,Node.js,,,,,SQL,
C,C++,,,JavaScript,,Objective-C,PHP,,,,
C,C++,,,,,,,Python,,,ESDL
,,C#,,,,,,,,SQL,
,,C#,,JavaScript,,,PHP,Python,,SQL,
,,,,JavaScript,Node.js,,,,,,
,,C#,Java,JavaScript,,,PHP,,,SQL,
,C++,C#,,,,,,Python,,,
,,,,,,,,,,,
,,,,,,,,,,,
,,C#,,,,,,,,,
,,,,,,,,,,,
,,,,,,,,,,,
,,,,,,,,,,,
C,C++,,,,,,,Python,,,
,,C#,,JavaScript,,Objective-C,,,,SQL,
,,,,JavaScript,,,PHP,,,SQL,
C,,,,,,,,Python,,,"CFEngine, Perl"
,,,,JavaScript,,,,,Ruby,SQL,
C,,,Java,,,,,,,,
,,,Java,,,,,Python,,SQL,
,C++,,,JavaScript,Node.js,,PHP,Python,Ruby,SQL,
,,,,,,,,,,,
,,,Java,,,,,,,,
,,C#,Java,JavaScript,,,PHP,,,SQL,
,,,,,,,,,,,VB.NET
,,C#,,,,,,,,,
,,C#,,JavaScript,,,,,,SQL,
,,,,,,,,,,,
,,,,JavaScript,,,PHP,,,,
,,,,JavaScript,Node.js,,,Python,Ruby,SQL,
,,,,,,,,,,,
,,C#,,,,,,,,,
,,,,,,,,,,,
,,,Java,JavaScript,Node.js,,,,,SQL,Jquery mobile
,,,,JavaScript,,,PHP,Python,,SQL,
,,C#,,JavaScript,,,,,,,
,,,Java,JavaScript,,,,,,SQL,"Clojure, Scala, Elasticsearch"
,C++,C#,,,,,,,,,BASIC / D3
,,C#,,,,,,,,SQL,
C,,,Java,JavaScript,,,PHP,,,SQL,
,,,,,,,,,,,
,,,,,,,,,,,
,C++,,Java,,,Objective-C,,,,,
,,,,,,,PHP,Python,,SQL,
,,,,,,,PHP,,,,
,,,Java,JavaScript,,,,,,,
,,C#,,,,,,,,,
,,,,JavaScript,,,PHP,,,SQL,
,,C#,,JavaScript,,,,,,SQL,
,,,,,,,PHP,Python,,,
,,,,JavaScript,,,,,,,"HTML5, CSS3"
,C++,C#,,JavaScript,,,,,,SQL,
,,C#,,,,,,,,,
,C++,C#,Java,,,,,,,,
,,,Java,,,Objective-C,,,,,
,C++,,Java,,,Objective-C,PHP,Python,,SQL,
,,C#,,JavaScript,,,,,,SQL,
,,C#,Java,JavaScript,,,PHP,,,SQL,HTML/CSS
C,C++,,Java,JavaScript,Node.js,,PHP,Python,,SQL,
,C++,C#,,JavaScript,,,,,,SQL,
,,,,JavaScript,Node.js,,,,Ruby,SQL,
,,,,,,,,,,SQL,VB.Net
,,C#,,,,,,,,SQL,VB.NET
C,C++,,,,,,,,,,Matlab / Simulink
,,,,,,,,,,,
C,C++,C#,,JavaScript,,,,,,SQL,
,,,Java,,,,,Python,,SQL,
,,C#,,,,,,,,SQL,
,,C#,,JavaScript,,,,,,SQL,
C,C++,,,,,Objective-C,,,,SQL,Assembly
C,C++,,Java,JavaScript,Node.js,Objective-C,,,,,
,,C#,,,,,,,,SQL,
,,,,,Node.js,,,,Ruby,SQL,
,,,Java,JavaScript,Node.js,,,,,,
,,,,,,,,,,,
,,,,,,,,,,,
,,,Java,JavaScript,,,PHP,,,SQL,
,,C#,,JavaScript,,,,,,SQL,
,,,,,,,,Python,,,
C,C++,C#,,,,,,,Ruby,,
,,,,,,,,,,,R
,,C#,,JavaScript,,,,,,SQL,
,,,,,,,,,,,
,,,,,,,,Python,,SQL,mongodb
,,,,JavaScript,,,,,,SQL,.NET
,,,Java,,,,,,,SQL,
,C++,,Java,JavaScript,,,,,,SQL,Scala
,C++,,,,,,,Python,Ruby,SQL,
,,C#,,,,,,,,SQL,
C,,,,,,,,Python,,,Fortrain
,,,Java,JavaScript,,,PHP,,Ruby,,
,,,Java,JavaScript,Node.js,,PHP,Python,Ruby,SQL,
C,C++,,,,,,,Python,,SQL,
C,C++,C#,Java,JavaScript,,,PHP,,,SQL,
,,C#,,JavaScript,,,,,,SQL,
,,C#,,JavaScript,,,,,,,
C,,,,JavaScript,,Objective-C,PHP,,,SQL,
C,C++,C#,Java,JavaScript,,Objective-C,,,,SQL,
,,C#,,JavaScript,,Objective-C,PHP,,,,
,,,,,,,,,,SQL,"PL/SQL, BASH"
,C++,,,,,,,,,,
C,,,Java,JavaScript,,,PHP,,,SQL,
,,C#,,JavaScript,,,PHP,,,,
,,C#,,JavaScript,,,,,,,"VB.Net,Jquery"
,,,Java,JavaScript,,,,Python,,SQL,
C,C++,,,JavaScript,,,PHP,,,SQL,
C,,,Java,JavaScript,,,,,,SQL,
,,,Java,,,,,,,SQL,
,,,,JavaScript,,,PHP,,,SQL,
,,,,JavaScript,Node.js,,,,,,scala
,,,,,,Objective-C,,,Ruby,,Haskell
,,C#,,JavaScript,,,,,,SQL,Visual Basic
,C++,,Java,JavaScript,,,,,,,
,C++,C#,,JavaScript,,,,,,,
,,,Java,JavaScript,,,PHP,Python,,,
,,,Java,JavaScript,,,,,,,XQuery
,,,,,,,,,,,
C,C++,,Java,,,,,,,,
,,,Java,JavaScript,,,,,Ruby,SQL,
,,,,,,,,Python,,SQL,R
C,C++,,,JavaScript,,,,Python,,,"Tcl, Lisp"
,,,,,,,,,,,
,,C#,,,,,,,,,
C,C++,,Java,,Node.js,,PHP,Python,,SQL,
,,C#,,,,,,,,SQL,
,,,,,,Objective-C,,,,,
,,C#,,JavaScript,,,,Python,,SQL,
,C++,,,JavaScript,,,PHP,,,SQL,
,,,,JavaScript,,Objective-C,PHP,,,SQL,
,,,Java,JavaScript,Node.js,,,Python,,,
,,C#,,JavaScript,,,,,,,
,,,,,,,,,,,
,,,,,,,,,,,
,,,Java,JavaScript,,Objective-C,PHP,,,,
,,C#,,JavaScript,,,,,,SQL,
,,,,,,,,,,,
C,C++,C#,Java,JavaScript,,,,,,,
,,,,,,,,,,,Visual DataFlex
,,,Java,JavaScript,Node.js,,PHP,,,,Scala
C,,,Java,JavaScript,,,,,Ruby,SQL,
,,C#,,JavaScript,,Objective-C,,,,SQL,
,,,,,,,,,,,
,,C#,,JavaScript,,,,,,SQL,
,,,Java,,,,PHP,,,SQL,
,,C#,,JavaScript,,,,,,SQL,
,,C#,,JavaScript,,,,,,SQL,
,,C#,,JavaScript,,,,,,SQL,
C,C++,C#,,,,,,,,,
,,C#,,JavaScript,,,,,,SQL,
,C++,C#,Java,,,,,,,,
,,C#,,JavaScript,,,,,,,
,,,,,,,,,,SQL,
,C++,C#,,,,Objective-C,,,,,R
,C++,C#,,,,,,,,,R
,,,,JavaScript,,,PHP,,,SQL,
,,,,JavaScript,,,,Python,,SQL,
,,C#,,,,,,,,SQL,
C,C++,,,,,,,,,,CUDA
,,,Java,JavaScript,,,,,,,
,C++,,,,,,,,,,
,,,,JavaScript,,,PHP,,,SQL,
,,,,JavaScript,,,PHP,,,SQL,
,,,,JavaScript,,,PHP,,,SQL,
C,C++,,,,,,,,,,SystemVerilog
,,,,,,,,Python,,SQL,
,,,,,,,,,,,ActionScript
,,,,,,,,,,,
,,,,JavaScript,Node.js,,PHP,,,SQL,
C,,,Java,JavaScript,,Objective-C,,,,SQL,
,,,,,,,,,,,
,,C#,,,,,,,,,
,,,Java,,,,,Python,,,
C,,C#,,,,Objective-C,,,,,
,,C#,Java,JavaScript,,,PHP,,,SQL,
,,,,,,,PHP,Python,,SQL,
,,,,,,,,Python,,,
,,,,JavaScript,,,PHP,,,,
,,,,JavaScript,Node.js,,,,,,
,C++,C#,,,,,,,Ruby,,Powershell
,,,,,,,,Python,,,R
,,,Java,,,,,,,,
,,,,,,,,,,,
,,,,JavaScript,,,,,,,
,,,,,,,,,,,
,,,,,,,,,,,
,,C#,,JavaScript,,,,,,SQL,
,,,Java,JavaScript,,,,,,SQL,
C,C++,,,JavaScript,,,PHP,Python,,SQL,
,,,Java,,,,,,,,
,,,,JavaScript,Node.js,,,,,,
,,,Java,,,,,,,,
,,C#,Java,JavaScript,,,,,,SQL,"SDL Tridion, WCF, Alfresco, Spring MVC"
,,C#,,JavaScript,,,,,,SQL,
,,,,,,,,,,,
,,C#,,JavaScript,,,,,Ruby,SQL,
,,,,,,,,Python,,,
,,C#,Java,JavaScript,,,,,,SQL,
,C++,C#,,,,,,,,,Vb.net
,C++,C#,,,,,,Python,Ruby,,
C,C++,,,,,,,Python,,SQL,
,,,,,,,,,,,
,,,Java,JavaScript,,,,,,SQL,"JSF, RichFces, Primefaces, EJB, JPA, JQuery"
,,,,,,,PHP,,,,
,C++,,,,,,,,,,Perl
,,,Java,,,,,,,,android SDK
,,,,JavaScript,,,PHP,,,SQL,
,,,,,,,,,,,
C,C++,,,,,,,,,,
,,,,,,,,,,,
,,,,JavaScript,,,PHP,Python,,,
,,,,,,,,,,,
,,,,,,,,Python,,,
C,C++,,,,,,,,,,"perl, bash"
,,,,JavaScript,,,PHP,,,,
C,C++,,,JavaScript,,,PHP,Python,,,
C,,,Java,JavaScript,,,,Python,,,
C,C++,,Java,,,,,,,,
,C++,,,,,,,,,,"MELT, Ocaml"
,,,,,,,,,,,
,C++,,,JavaScript,,,,,,,
,,C#,,JavaScript,,,,,,,"XML, XSL, VBScript"
,,,Java,JavaScript,,,,,Ruby,,
,C++,C#,,JavaScript,,,PHP,,,SQL,
,C++,,Java,,,,,,,,
,,,Java,,,,,Python,,,Clojure
,,,Java,,,,,,,,
,,,,JavaScript,,,PHP,,,SQL,
C,,,Java,JavaScript,,,PHP,,,SQL,
,,,Java,JavaScript,,,PHP,,,SQL,
C,C++,C#,Java,JavaScript,,,,Python,,,
C,C++,,Java,JavaScript,,,,,,SQL,
,C++,C#,,JavaScript,,,PHP,,,,HTML5
,,,Java,JavaScript,,,,,,SQL,flex
,,C#,,,,,,,,SQL,VB.NET
,,,,JavaScript,,,PHP,,,SQL,
,C++,C#,,JavaScript,Node.js,Objective-C,,,Ruby,,
,,,,,,,,,,,
,,,Java,JavaScript,,,,,,SQL,
,,,,JavaScript,Node.js,,PHP,Python,,SQL,
,,,Java,,,Objective-C,,,,SQL,
C,,,,,,Objective-C,,,,,
,C++,,,,,,,Python,,,
,,,Java,JavaScript,,,,,,SQL,
C,C++,,Java,,,,,,,,Perl
,,,,JavaScript,,,PHP,Python,,SQL,
,,,,JavaScript,,,PHP,,,SQL,Perl
,,C#,,JavaScript,,,,,,SQL,
,,,,,,,,,,,
,,C#,,JavaScript,,,,,,,XAML
,,,,JavaScript,,,PHP,,,,
,,,,,,,,,,,
,,C#,Java,JavaScript,,,,,,SQL,
,,,,JavaScript,,,PHP,,,SQL,
,C++,,Java,JavaScript,,,PHP,,,SQL,Delphi
,,,Java,JavaScript,,,,,Ruby,SQL,
,,,Java,JavaScript,,,PHP,,,SQL,
,,,Java,,,,,,,,"Android, Flash"
,,,,,,,,,,,
,,,,,,,,,,,
,,C#,,JavaScript,,,,,,SQL,
C,C++,,,,,,,,,,perl
,,,,,,,,,,,
,,,,,,,,,,,
,,,,,,,,,,SQL,VBA
,,,,JavaScript,,,,,,,
,,C#,,,,Objective-C,,,,SQL,
,,,,,,,PHP,,,SQL,
C,,,,,,,,Python,,,
,,C#,,,,,,,,SQL,
,,,,JavaScript,Node.js,,PHP,,,,
,,,,,,,,,,,
,,,,JavaScript,,,PHP,,,SQL,
,,,Java,JavaScript,,Objective-C,,,,,
,,C#,,JavaScript,,Objective-C,PHP,,,SQL,
,,,Java,JavaScript,Node.js,,,,,SQL,
,,,,JavaScript,,,,Python,Ruby,,
,,C#,,JavaScript,,,PHP,,,SQL,
,,,,,,,,,,,
C,C++,,Java,,,Objective-C,,,,,
,,C#,,,,,,,,SQL,
,,,,JavaScript,,,PHP,,,SQL,
,,C#,,,,,,,Ruby,SQL,T-SQL
,,,Java,,,,,,,,
C,C++,,Java,,,,,,,,
,,,,JavaScript,Node.js,,,,,,
,,,,,,,,,,,
,,,,,,,,,,,
,,,,,,,,,,,
,,,Java,,,,,Python,,,
C,,,,JavaScript,,,,,,,Perl
,,,,JavaScript,,,,,,,
,,,,JavaScript,,,PHP,,,,
,,,,,,,,,,,
,,,,,,,,Python,,SQL,
,,,,JavaScript,Node.js,,PHP,,,,"bash,"
,,,,,,,,,,,
,,C#,,JavaScript,,,PHP,Python,,SQL,
,,C#,,JavaScript,,,,,,SQL,
,,,Java,,,,,,,,
,,C#,,JavaScript,,,PHP,,,SQL,
,,,,JavaScript,Node.js,,PHP,,,,"MongoDB, AngularJS, Bash Shell"
,,,,,,Objective-C,,,,,
C,,,,,,,,,,,tcl
C,C++,,,,,,,,,,
C,,,,,,Objective-C,,,,,
,,,Java,JavaScript,,,,,,SQL,
,C++,,,,,,,,,,
,,C#,,,Node.js,,PHP,,,SQL,
,,,,,,,,,,,
,,,Java,,,,,,,SQL,
,,,,JavaScript,,,PHP,,,,
C,C++,,Java,JavaScript,,,PHP,,,SQL,
,,,,,,,,Python,,SQL,
,,C#,Java,JavaScript,,,,,,,
,,C#,,,,Objective-C,,,,,
C,,,,,,Objective-C,,,,SQL,
,C++,C#,,,,,PHP,,,SQL,"Visual Basic, PeopleCode, Haskell"
,,,,JavaScript,,,,,,,
,,C#,,JavaScript,,,,,,SQL,
C,,,Java,JavaScript,,,PHP,,,SQL,
,,C#,,JavaScript,,,,,,,
,,,,,,,,,,,
,C++,,Java,JavaScript,,Objective-C,,,Ruby,,
C,,,Java,JavaScript,Node.js,Objective-C,,Python,Ruby,SQL,"MongoDB, Rails, Chef, Bash, Redis, AWS"
C,C++,C#,Java,JavaScript,,,,,,SQL,
,,,,,,,,,,,
,,,,JavaScript,,,,,Ruby,,
,,,,JavaScript,,,,,,,
,,,Java,,,,,,,SQL,
,,,,,,Objective-C,,,,,
C,C++,,,,,,,Python,,,
,,,Java,JavaScript,,,,,,,"Groovy, CoffeeScript"
,,C#,,JavaScript,Node.js,Objective-C,,,,SQL,
,C++,C#,Java,,,,,Python,,,Go
,,,Java,JavaScript,Node.js,,PHP,,,SQL,
C,C++,,Java,,,,,,,,
,,,,,,Objective-C,PHP,,,SQL,
,,,,,,,,,,,
,,C#,,,,,,,,SQL,F#
,,C#,,JavaScript,,,,,,SQL,VB.NET
C,C++,,,JavaScript,,,,Python,Ruby,,
,,,Java,,,,,,,SQL,
,,,,,,,,,,,
,,C#,,JavaScript,,,PHP,,,,
,,,,,,,PHP,,,,
,,,,JavaScript,,,PHP,,,SQL,
C,C++,,,,,,,Python,,,
,,,,JavaScript,,,,Python,,,
,C++,,,JavaScript,,,,Python,,,
,,,Java,,,,,,,SQL,"Android,Servlet"
,,C#,,JavaScript,,,,Python,,SQL,glsl
,,,Java,JavaScript,,,,,,SQL,
,,,,,,,,,,,
,,C#,,JavaScript,,,PHP,,,SQL,
,,,,,,,,,,SQL,
C,,,,,,,,,,,
,,,,JavaScript,,,PHP,,,,
C,,,Java,JavaScript,,,,,,,
,,,,,,Objective-C,,,,,
C,C++,,,,,Objective-C,,Python,,,Perl
C,C++,,Java,,,Objective-C,,,,,
C,,C#,Java,,,,,,,SQL,
C,,,,JavaScript,Node.js,Objective-C,PHP,,,,
,,,Java,JavaScript,,,,Python,,SQL,
,,,,,,,,,,,
,,,,JavaScript,,,PHP,,,,"HTML,CSS,JQuery"
,,C#,,JavaScript,,,PHP,,,SQL,
C,,,Java,JavaScript,,,,,,SQL,
,,C#,,JavaScript,,,,,,SQL,"asp.net,mysql"
,,,,JavaScript,Node.js,,,,,,
C,C++,C#,Java,,,,,Python,,,
,,C#,,JavaScript,,,,,,SQL,
,,,Java,JavaScript,Node.js,,,,,,
,C++,,Java,JavaScript,,,,,,,
,,,Java,JavaScript,,,PHP,,,SQL,
,,C#,,JavaScript,,,,,Ruby,SQL,
C,,,Java,,,,,,,,
,,,,,,,PHP,,,,
C,,,,JavaScript,Node.js,,,Python,,,
C,,C#,Java,JavaScript,,,,,,SQL,
C,C++,C#,Java,JavaScript,,,,Python,,,MATLAB
C,C++,,Java,,,,,,,,
,,,,,,,,,,,
,,,,JavaScript,,,PHP,,,,
,,C#,,JavaScript,,,PHP,,,SQL,
,,C#,Java,JavaScript,,Objective-C,,,,,
,,,Java,,,Objective-C,,,,,
,,,,JavaScript,Node.js,,PHP,,,SQL,
C,,,,,,,,Python,,,x86
,,C#,,,,,,,,,
,C++,,,,,,,,,,
C,C++,,,,,Objective-C,,,,,
C,C++,,Java,,,Objective-C,,,,SQL,
,,C#,,JavaScript,,,,,,SQL,
,C++,,,,,,,,,,
,,,,JavaScript,,,PHP,,Ruby,SQL,
C,,,,,,,,Python,,,"Perl, MATLAB/Simulink"
,,,,,,,,,,,
,,,Java,JavaScript,,,,,,SQL,
,,,,,,,,,,,
,,,,,,,,,,,R
,,,,,,,,,,,
,,,Java,JavaScript,,,,,,SQL,
,,,,,,,,,,,
C,C++,,,,,Objective-C,,,,,
,,,Java,JavaScript,,,,,,SQL,
,,C#,Java,JavaScript,,,,,Ruby,,
,,,,,,,,,,,
,,,Java,JavaScript,Node.js,Objective-C,PHP,,,SQL,
,,,,,,,,,,,
,C++,,,,,,,,,,
,,,,,,,PHP,,,SQL,
,,C#,,JavaScript,,,,,,SQL,
,,,,JavaScript,,,PHP,,,SQL,
,,C#,,JavaScript,,,,,,SQL,
,,,Java,JavaScript,,,,,,,Scala
,C++,,Java,JavaScript,,,,Python,,SQL,
,,C#,,JavaScript,,,,,,SQL,
C,C++,,,,,,PHP,,,,
,C++,,,,,Objective-C,PHP,,,SQL,
C,,C#,,,,,,,,,"VBA, FORTRAN"
,,,,,,,,,,,
,C++,C#,,JavaScript,,,PHP,,,SQL,
,,,,JavaScript,,,PHP,,,SQL,
,,C#,,JavaScript,,,,,,SQL,
,,,,JavaScript,,,,,,SQL,
,,C#,,JavaScript,,,,,,,"ActionScript 3.0, Haxe"
,,C#,,JavaScript,,,PHP,,,SQL,
,,,,,,,,,,,livecode
,,,,,,,,,,,fortran
,,,,,Node.js,Objective-C,PHP,,,,
,,,,JavaScript,Node.js,,,Python,,,
,,,Java,,,,,,,,
,,C#,,JavaScript,,,,,,SQL,
C,,C#,Java,JavaScript,,Objective-C,PHP,Python,Ruby,SQL,
,,,,JavaScript,,,PHP,,,,
C,,,Java,JavaScript,,,PHP,,,SQL,CodeIgniter
,,,,JavaScript,,,,,Ruby,,
,,,,JavaScript,Node.js,,PHP,Python,,SQL,
,C++,,,JavaScript,,Objective-C,PHP,Python,,,
,,,Java,JavaScript,,,,,Ruby,,
,,,Java,,,,,Python,Ruby,,
,,,,JavaScript,,,,,Ruby,,
,C++,C#,Java,,,,,,,,
,C++,,,JavaScript,Node.js,,PHP,,,,
,,,Java,JavaScript,,,PHP,,,SQL,
C,C++,C#,Java,JavaScript,Node.js,Objective-C,PHP,Python,Ruby,SQL,
,,C#,,JavaScript,Node.js,,,,,SQL,
,,,Java,,,,,Python,,,
C,C++,,,JavaScript,,Objective-C,,Python,,,
,C++,,,JavaScript,Node.js,,PHP,Python,,SQL,
,,,Java,JavaScript,,,PHP,,,SQL,
,,,,,,,,,,,
,,,,,,,,,,,
,,C#,,JavaScript,Node.js,,PHP,,,SQL,
,,,Java,JavaScript,Node.js,,,Python,Ruby,SQL,
C,C++,,,,,,,Python,,,
,,,,,,,,,,,
,,,,,,,,,,SQL,Erlang
,,,Java,JavaScript,,,,,,SQL,
,,C#,,JavaScript,,,,,,SQL,F#
,C++,,Java,JavaScript,,,,,,,
,,,Java,JavaScript,,,,Python,,SQL,Go
,,C#,,JavaScript,,,,,,SQL,
,C++,C#,Java,JavaScript,,,PHP,Python,Ruby,,"LUA, Visual Basic"
,,C#,,JavaScript,,,,Python,Ruby,,
,,,,JavaScript,Node.js,,PHP,,,,
,,,,JavaScript,,,PHP,,,SQL,
C,C++,C#,Java,,,,,Python,,SQL,
,,,,JavaScript,,,,,Ruby,SQL,
,,,Java,JavaScript,,,,,,,Progress 4GL
,,,,,,,,,,,
,,,,,,,,Python,,,glsl
,,,,,,,,,,,
,,,,,,Objective-C,,,,,
,,,,,,,,,,,
,,,,,,,,,,,
,,C#,,JavaScript,Node.js,,PHP,,,,
C,C++,,,JavaScript,Node.js,Objective-C,,,,,
,,,,,,,,,,,
,,C#,,JavaScript,,,PHP,,,SQL,
,,,Java,JavaScript,,Objective-C,,Python,,,
,,,,JavaScript,,,,,Ruby,SQL,ColdFusion
,C++,,,JavaScript,Node.js,Objective-C,PHP,,Ruby,SQL,
,,C#,Java,JavaScript,,Objective-C,,,,SQL,Delphi
,,,,JavaScript,,,PHP,,,,
,,,,JavaScript,,,,,,,
,,,Java,,,,,,,SQL,
,,,,,,,,,,,
C,,C#,,JavaScript,,,,,Ruby,SQL,
,,C#,,JavaScript,,,PHP,,,SQL,
C,,,Java,,,,,,,,"Groovy, Spark"
,,,,,,,,,,,
,,,,,,,,,,,
,,C#,,JavaScript,,,,,,SQL,
,C++,C#,Java,JavaScript,,,,,,,
,,C#,,JavaScript,,,,,,SQL,
,,,,JavaScript,,,,,Ruby,SQL,
,,,,JavaScript,,,,,,SQL,vb.net
,,,,JavaScript,,,PHP,,,SQL,
,,,Java,JavaScript,,,PHP,,,SQL,
C,,C#,,JavaScript,,,,,,SQL,
,,,,JavaScript,,,,,,,
C,,,Java,JavaScript,,,,,Ruby,SQL,scala
,,,,,,,,,,,
,,,,,,,,Python,,SQL,
,C++,,,JavaScript,,,,Python,,,
,,C#,,JavaScript,,,PHP,,,SQL,
,,,,JavaScript,,,PHP,Python,,SQL,
,,C#,,JavaScript,,,,,,SQL,
C,C++,,Java,,,Objective-C,,,,,
,,,,,,,,,,,
,,,Java,JavaScript,,,,,,SQL,
,,,,,,,PHP,,,SQL,
,,C#,,JavaScript,,,,,,SQL,
,C++,,Java,,,,,,,,
,,,,JavaScript,,,,,,,
,,,Java,,,,,,,,Game Maker
,,C#,Java,JavaScript,,,PHP,,,SQL,
C,,,,JavaScript,,Objective-C,,,Ruby,SQL,
,C++,,Java,JavaScript,,,,Python,,,
,C++,,,JavaScript,,,PHP,,,SQL,
,,,Java,JavaScript,,,,,,SQL,Scala
,,,Java,,,,,,,,
,,C#,,JavaScript,,,,,,SQL,
C,C++,,,,,,,Python,,,Haskell
,,,Java,JavaScript,Node.js,,,Python,,,
,,C#,Java,JavaScript,Node.js,,PHP,Python,Ruby,SQL,
,,C#,Java,JavaScript,,,PHP,,,SQL,
,,C#,Java,,,,,,,,
,,,,JavaScript,,,,,,,
,,,,,,,,Python,,,
,,C#,,JavaScript,,,PHP,Python,,,
,,,,JavaScript,Node.js,,PHP,,,SQL,
,,,,,,Objective-C,,,,,
,,,,JavaScript,,,PHP,,,,
,,,,,,,,,,,
,,,,,,,,,,,
C,,C#,,JavaScript,Node.js,,PHP,,,SQL,
,,,,,,,,,,,
,,,Java,,,,,,,SQL,
,,,,,,,,,,,
,,,,,,Objective-C,,Python,,,
,,,,,,,,,,,�������Brending
,C++,C#,,JavaScript,Node.js,Objective-C,,,,,
,,,Java,JavaScript,Node.js,,,Python,,SQL,
C,,,Java,,,,PHP,Python,,SQL,
,,,,,,,,,,,
,,,Java,JavaScript,,,,,,SQL,
,,,,JavaScript,,,PHP,Python,,SQL,
,,,,,,,,,,,
,,,,JavaScript,,,,,,SQL,ColdFusion
,,,,,,,PHP,,,SQL,perl
,,,,JavaScript,Node.js,,,,,,Meteor
,,,,JavaScript,,,,Python,Ruby,,bash
,,,,,,,,,,,
,,C#,Java,,,Objective-C,PHP,Python,,,
,,,,,,,,,,,VBA
,,,,,,,,,,,
,,,,,,,,,,,
,,,Java,JavaScript,,Objective-C,PHP,,,,
,,,,,,,,,,,
,,C#,Java,JavaScript,,,,Python,,,
,,,,,,,,,,,
C,C++,,,,,Objective-C,,,,,"Lisp, SML"
,,,,JavaScript,,,PHP,,,,
C,,,Java,,,,PHP,Python,,SQL,"web2py, worpress, lisp, FP,"
,,,,,,Objective-C,,,,,
C,C++,,Java,JavaScript,,,,,,,
,,,,,,,,,,,
,,,,JavaScript,,,PHP,,,,"HTML, CSS, R"
,,,,JavaScript,,,,Python,,,
,,C#,,,,,,Python,,SQL,
C,,,Java,,,,,Python,,,
,,C#,,,,,,,,SQL,
,,,Java,JavaScript,,,,,,,
,,,,,,,,,,,
,,,,JavaScript,Node.js,,PHP,,,SQL,
,,,,JavaScript,Node.js,,PHP,,Ruby,,
,C++,,Java,,,,,,,,
,,,,,,,,,,,
,C++,,,,,,,,,,
,,,Java,,,,,,,,
,,,,,,Objective-C,,,,,
,,C#,,,,,,,,,
,,C#,Java,,,,,,,,Python
,C++,C#,,,,Objective-C,,,,SQL,COM
,,,,JavaScript,,,,Python,,,
C,,,,,,,,,,,autoit
,C++,,,,,,,,,,
,,,,JavaScript,,,,,Ruby,,
C,,,,,,Objective-C,PHP,,,SQL,
,,,Java,JavaScript,,,,,,,
C,,,Java,JavaScript,Node.js,,,,,,"Bash, Awk"
,,,,,,,PHP,Python,,,
,,,,,,,,,,,
,,C#,,JavaScript,,,,,,SQL,"CoffeeScript, AngularJS, GruntJS"
,,,Java,JavaScript,,,,,,,Scala
,,C#,Java,,,,PHP,Python,,SQL,
,,,Java,JavaScript,,,,,,,"ADF, BPEL"
,,,,,,,,,,,
,,C#,,JavaScript,,,,,,SQL,
,,C#,,JavaScript,,,,,,SQL,
,,,,,,,,,,,
,,,,,,,,,,,
,,,Java,,,,,Python,,,
C,C++,,,,,,,Python,,SQL,
,C++,C#,,,,,,Python,,,
,,C#,,JavaScript,Node.js,,PHP,,,SQL,
,,,,JavaScript,Node.js,,,,Ruby,SQL,
,,,,,,,,,,,
,,C#,,JavaScript,,,PHP,,,SQL,Perl
,,,Java,JavaScript,,,,,Ruby,SQL,
,,,Java,,,,,,,,Scala
,,,,,,,,,,,
C,C++,,,,,,,Python,,,
,,C#,Java,JavaScript,Node.js,,,Python,,SQL,
,,,,JavaScript,Node.js,Objective-C,,Python,,SQL,
,,,,JavaScript,,Objective-C,,,Ruby,,
,,,,,,,,,,,Perl
,,,Java,,,,,,Ruby,SQL,
,,,,JavaScript,,,,,,SQL,ColdFusion
,,,Java,,,,,,,,
,,,,,,,,Python,,,
C,C++,,Java,JavaScript,Node.js,Objective-C,PHP,,,,
,,,,,,,,,,,
,,,,,,,,Python,,,
,,,Java,JavaScript,,,,,,SQL,
,,,,JavaScript,,,,Python,,SQL,
C,,C#,Java,JavaScript,,,,Python,,,
,,,,,,,,,,,
,,,,,,,,,,,
,,C#,Java,JavaScript,,,,Python,,SQL,dojo
,,C#,,JavaScript,,,,,,,
,,,,JavaScript,,,PHP,,,,
,,,Java,JavaScript,,,PHP,,,SQL,
,,,Java,,,,,,,,
,,C#,,JavaScript,,,PHP,,,SQL,
,,,,,,,,,,,
,,,,JavaScript,,,,,,SQL,Coldfusion
,,C#,Java,JavaScript,,,,,,SQL,
,,,,JavaScript,,,,,,,"asp.net, html, css"
,,,,JavaScript,,,,,,,"CSS, HTML"
,,,,JavaScript,,,,,,,Groovy
,,C#,Java,,,,,,,SQL,Basic
,,C#,Java,JavaScript,,,,,,SQL,VisualBASIC.NET
,,C#,,,,,,,,SQL,
,,,,,,,,Python,,SQL,
,,,,JavaScript,Node.js,,PHP,,,,
,,C#,,JavaScript,,,,,,SQL,
C,,C#,Java,,Node.js,,,Python,,SQL,
,,,,JavaScript,,,PHP,,,SQL,
,,,,,,,,Python,,,MySQL
,C++,,Java,,,,,,,,
,,,,,,,,Python,,,Matlab
,,,,,,,,,,,
,C++,,,,,,,,,SQL,"Perl, Erlang"
,,,,,,,,,,,
,C++,,,,,,,,,,
,,,,JavaScript,Node.js,,PHP,Python,,,node.js is JavaScript ;)
,,C#,,JavaScript,,,,,,SQL,F#
,,,,,,,,,,SQL,VBA
,,,,,,,,,,,vba
,,C#,,JavaScript,,,,,,SQL,
,,C#,,JavaScript,Node.js,,,Python,Ruby,SQL,
,,C#,,JavaScript,,,,,,SQL,
,,C#,,JavaScript,,,,,,SQL,
,,,,,,,,Python,,,"Fortran, MPI"
,C++,C#,,,,,,,,,
,,,,,,,,Python,,,
C,C++,C#,,,,,,,,,
,,,,,,,,,,,
,C++,C#,,JavaScript,,,,,,,
,,C#,Java,,,Objective-C,,,,,
,,C#,,JavaScript,,,,Python,,,
,,,,JavaScript,Node.js,,PHP,Python,Ruby,SQL,Bash
,,,,,,,,,,SQL,
,,,,JavaScript,,Objective-C,PHP,,,SQL,
,,,,,,,,,,,VBA for Excel
,,,Java,JavaScript,,,,,,SQL,
,,C#,,JavaScript,,,,,,SQL,
C,,,,,,,,,,,Matlab
,,C#,,JavaScript,,,,,,SQL,
,,C#,Java,JavaScript,,,PHP,,,SQL,
,,C#,,JavaScript,,,,,,SQL,
,,,Java,JavaScript,,,PHP,,,,
,,,,,,,,,,,
,,,,,,,,,,,
,,,Java,,,Objective-C,,,,SQL,
,,,,,,,,,,,
,,,,JavaScript,,,PHP,,,SQL,VBA
,,,,JavaScript,,,PHP,,,SQL,
C,,,,,,,,Python,,,
,,,Java,,,,,,,,scala
,,,,,,,,,,,"neo4j, xml"
,,C#,,JavaScript,,,,,,SQL,
,,C#,,JavaScript,,,,,,SQL,
,,C#,,JavaScript,,,,,,,
,,,,JavaScript,,,PHP,,,SQL,
,C++,C#,,JavaScript,,,PHP,,,SQL,
,C++,,,JavaScript,,,PHP,Python,,,
,,C#,,JavaScript,,,,,,SQL,
,,,,,,,,,,,
,,C#,,JavaScript,,,PHP,,,SQL,
,,,,JavaScript,,,PHP,,,SQL,VB6
C,C++,C#,,JavaScript,,,,Python,,SQL,
,,C#,,JavaScript,,,,,,,
,,,Java,,,,,,Ruby,,
,,,Java,JavaScript,Node.js,,,Python,,,Clojure
,,,,JavaScript,,,,,Ruby,SQL,
,C++,,,,,,,,,,
,,,,,,,,,,,
,,,,,,,,,,,
C,C++,,,,,,,Python,,,
,C++,,,JavaScript,,,PHP,Python,,SQL,
,,,,JavaScript,,,PHP,,,SQL,
,,,,,,,,,,,"R, Matlab, Mathematica"
C,,,Java,JavaScript,,,,Python,,,
,,,Java,,,,,,Ruby,,
,,,,,,,,,,,R
,,,Java,JavaScript,Node.js,,PHP,Python,,SQL,
,,,Java,,,,,,,SQL,Scala
,,C#,Java,JavaScript,,Objective-C,,,,,
,C++,,Java,JavaScript,,,,Python,,,
,,,,,,,,,,,
,,,,,,,,,,,
,,,,,,,,,,,
C,,C#,,,,,,,,,
,,,,JavaScript,,,,,,SQL,"VB.NET, Knockout"
,,,,,,,,,,,
C,C++,C#,Java,JavaScript,,,,Python,,SQL,
,,C#,,JavaScript,,Objective-C,,,,SQL,
,,C#,,JavaScript,,,,,,SQL,
,,,,,,,,,,,VB.Net
C,C++,C#,Java,JavaScript,Node.js,,PHP,,,SQL,
,,C#,Java,JavaScript,,Objective-C,,,,SQL,
,,,,,,,,Python,,,
,,,Java,JavaScript,,,,Python,,SQL,
,,,,,,,,,,,
,,,Java,,,,,,,SQL,
,,,Java,JavaScript,,,,Python,,SQL,
C,,,,,,,,Python,,,Simulink
,,,Java,JavaScript,,,,Python,,SQL,
C,C++,C#,,,,,,,,,
,,C#,,,,,,Python,,SQL,
,,,,,,,,,,,
,,C#,,JavaScript,,,,Python,,SQL,
,,C#,Java,JavaScript,,,,,,,
,,,Java,,,,,,,,
,,C#,,JavaScript,,,,Python,,SQL,
C,C++,,,JavaScript,Node.js,Objective-C,PHP,,Ruby,,
,,,,,,,,Python,,SQL,
,,C#,,JavaScript,,,PHP,,,SQL,
,,,,JavaScript,,,PHP,,,,
,,,Java,JavaScript,Node.js,,,,,,Scala
,,,,JavaScript,,,,Python,,,
,,,Java,JavaScript,,,,,,,
,,C#,,JavaScript,,,,,,SQL,
,,,,,,,,,,,Go
C,C++,C#,Java,JavaScript,Node.js,,,,,SQL,
,,,,,,,,,,,
,,C#,,,,,,,,SQL,
,,C#,,JavaScript,,,,,,SQL,
,,,,JavaScript,Node.js,,,,,,
,C++,,Java,,,,,,,,
,,,Java,JavaScript,,,PHP,,,SQL,
,,,,,,,,,,,
,,,,,,,,,,,
,,C#,,JavaScript,,,,,,SQL,
C,,C#,Java,JavaScript,,Objective-C,,,,SQL,
C,C++,C#,Java,,,,,,,,
,,C#,,,,Objective-C,,,,SQL,
,,,,,,,,,,,
,,,,JavaScript,,,,,,,
,C++,,Java,,,,,Python,,,
,C++,C#,,JavaScript,,,,Python,,,
,,,,,,,,,,,
C,C++,,Java,,,,,,,,
,,,Java,JavaScript,,Objective-C,,,Ruby,SQL,
,,,Java,JavaScript,,,,,,SQL,
,,,Java,JavaScript,,,,,,,VB.NET
,,,Java,,,,,,Ruby,,Scala
C,,,,,Node.js,,PHP,Python,Ruby,,Perl
,,C#,,JavaScript,Node.js,,PHP,,Ruby,,
,,,Java,JavaScript,,,,,,,R
,,C#,,JavaScript,,,,,,SQL,Coffeescript
C,,,,JavaScript,,,PHP,Python,Ruby,SQL,
,C++,,Java,JavaScript,,,PHP,,,SQL,Go
C,,C#,Java,JavaScript,Node.js,Objective-C,PHP,Python,Ruby,SQL,
C,,,,JavaScript,,,,Python,,SQL,
,,,,,,,,,,,
,,,,JavaScript,,,,Python,,,Go
,,C#,,JavaScript,,Objective-C,PHP,,,SQL,
,,C#,Java,JavaScript,,Objective-C,,,,SQL,
,C++,C#,Java,,,,,Python,,SQL,
C,C++,,,,,,,Python,,,CUDA
,,,,,,,,Python,,,
,,,Java,JavaScript,,,,,,SQL,
,,C#,,JavaScript,,,PHP,,,SQL,
,,C#,,JavaScript,,,,,,SQL,
,,,,,,,,,,SQL,SAS
,,C#,,,,,,,,,Matlab
C,,,Java,JavaScript,,,,,,SQL,
,C++,C#,,,,,,Python,,,
,,,,,,,,,,,
,,C#,,JavaScript,,,,,,SQL,
,,,Java,JavaScript,,,,,,,
,,,,,,,,,,,
,,,,,,,,,,,
,,,Java,JavaScript,,Objective-C,,Python,,SQL,
,,C#,,,,,,,,,VB.NET
,C++,,,JavaScript,,,,Python,,,
,,,,,,,,,,,
C,C++,C#,,JavaScript,Node.js,,,,,SQL,
C,C++,C#,Java,JavaScript,,Objective-C,,Python,,,Perl
,C++,,,,,,,,,SQL,csh
,,C#,Java,JavaScript,,,,,,SQL,
,,,Java,,,,,,,SQL,
,,,,JavaScript,Node.js,,,,,,Haskell
,,,Java,JavaScript,,Objective-C,PHP,,,SQL,
C,C++,C#,Java,JavaScript,,,PHP,,,SQL,
,,,Java,JavaScript,Node.js,,PHP,Python,,,"CSS, HTML5"
,,,Java,JavaScript,,,PHP,,,SQL,
C,C++,,,,,Objective-C,,,,SQL,
C,C++,C#,,,,,,Python,,,
,,,,,,,,,,,
C,C++,,,,,,,,,,Bash
,,C#,,,,,,,,,Tibco
C,C++,,,,,Objective-C,,,,,OpenGL ES
,,,,,,,,,,,
,,,,JavaScript,,,PHP,,,SQL,
,,,,JavaScript,Node.js,,,,,,
,,,Java,JavaScript,,,,Python,,,
,,,Java,JavaScript,,,,,,,Grails
,,,,,,,,,,,
,,,Java,JavaScript,,,,Python,,SQL,bash
,,,,,,,,,,,
,,C#,Java,JavaScript,Node.js,,,,,SQL,
,,,,JavaScript,Node.js,,,Python,,SQL,
,,,Java,JavaScript,,,,Python,,SQL,plsql
,,,,,,,,,,,
,,,,,,,,,,,
,,,,,,,,Python,,,
C,,,Java,JavaScript,Node.js,,,Python,,,
,,,,JavaScript,Node.js,,,,Ruby,SQL,
,C++,,Java,,,,,,,SQL,
,,,,,,,,,,SQL,
,,C#,,JavaScript,,,,,,SQL,
,,,,,,,,,,,None
,,,Java,,,,,,,,clojure
,,,Java,,,,,Python,,,
,,C#,,JavaScript,,,,,,SQL,
,,C#,,JavaScript,,Objective-C,PHP,,,,
,,C#,,JavaScript,,,,,,SQL,
C,,,Java,JavaScript,,Objective-C,,Python,,,Scheme
,,C#,,JavaScript,,,,,,,
,,,,JavaScript,,,,Python,,,
,,,,,,,,,,,
,,,,,,,,,,,
,,,,,,,,Python,,,
C,,,,,,,,,,,Haskell
,,C#,Java,,,,,,,SQL,VB.net
,,,Java,JavaScript,Node.js,,,,,,Scala
,,,,JavaScript,,,,,,SQL,
,,C#,,JavaScript,,,,,,SQL,
,,,,JavaScript,,,,,,,Coffeescript
,,,,,,,,,,,
C,C++,,,,,,,,,,
,,,Java,,,,PHP,,,SQL,
C,,,,JavaScript,,,,Python,,,
,,,,JavaScript,,,PHP,,,SQL,
,,,,,,,,,,SQL,
,,C#,,JavaScript,,,,,,SQL,
,,C#,,,,,,,,SQL,
,C++,C#,,,,,,,,,
C,,,,,,,,Python,,,
C,C++,,Java,JavaScript,,,,,,SQL,
,,,,,,Objective-C,,,,,
,,,Java,JavaScript,Node.js,Objective-C,PHP,,,SQL,
,C++,C#,Java,,,,,Python,,,
C,C++,,,,,Objective-C,,,,,
,,,,JavaScript,,,,Python,,SQL,
,,,,JavaScript,,,PHP,,,SQL,
,,,,JavaScript,,,PHP,,Ruby,,
,,,Java,JavaScript,Node.js,,,Python,,,Groovy
,,,Java,,,,,,,,
,C++,,,JavaScript,,,,,,,
,C++,,,,,,,Python,,,
,C++,,Java,,Node.js,,,Python,,,
,,,,,,,,,,,
,C++,C#,,,,,,,,,
,,,,,,,,,,,
,,,Java,JavaScript,,,,,,,"Visual Basic, HTML/CSS"
,,,,JavaScript,,,PHP,,,,MySQL
,,,Java,,,,,,,SQL,Android
,,,,JavaScript,,,,,,,
,,,Java,,,,,,,,Groovy
,,C#,,JavaScript,,,PHP,,,SQL,
,,C#,,JavaScript,,,,,,SQL,
C,C++,,,,,,,Python,,SQL,
,,C#,Java,,,,,,,SQL,
,,C#,,JavaScript,,,,,,,
C,,C#,,,,,,,,SQL,
,,C#,Java,JavaScript,Node.js,,PHP,,,SQL,
,C++,,,,,,,Python,,SQL,
,,C#,,JavaScript,,,PHP,,,SQL,
C,,,Java,JavaScript,,,PHP,,,SQL,
,,,,JavaScript,,,PHP,,,SQL,
,,,,,,,,Python,,,
,C++,,,JavaScript,,,PHP,,,SQL,HTML CSS
,,,,JavaScript,,,PHP,,,SQL,
,C++,,,JavaScript,,,,,,,"XML, perl"
,,,,,,,PHP,,,,bash
,,,,,,,,,,,
C,,,,JavaScript,,,PHP,,,SQL,MySQL
C,C++,,,,,,PHP,,,SQL,
,,,Java,,,Objective-C,,,,,
,,,,JavaScript,Node.js,,,Python,,,
,,C#,Java,JavaScript,,,,Python,,SQL,
,,C#,,,,,,,,,
,,,,,,,,,,,
,,,,,,,,,,,
,,C#,,,,,,,,SQL,
,,C#,,,,,,Python,,,
,,,,,,,,,,,
,,C#,,JavaScript,Node.js,,,,,,"CSS, HTML"
,,,Java,,,,,,,,
,C++,C#,,,,,,,,,
,,,Java,JavaScript,,,,,,SQL,
,,,Java,,,,,,,,
C,,,Java,,,,PHP,,,SQL,
,,,,JavaScript,Node.js,,PHP,,,SQL,
,,,Java,,,,,,,SQL,
,,C#,,JavaScript,,,,,,SQL,
,,C#,,JavaScript,Node.js,,,,,SQL,
C,,C#,,,,,,,,,
,C++,C#,,JavaScript,,Objective-C,,,,,
,,C#,,JavaScript,,,,,,SQL,
,,C#,Java,JavaScript,,,,,,SQL,
,,,,JavaScript,,,,,,,VB.NET
,,,,,,,,,,,
,,,,JavaScript,,,,Python,Ruby,SQL,
,C++,C#,,,,,,,,,Fortran
C,,,,JavaScript,,,PHP,,Ruby,,Go
,C++,,,JavaScript,Node.js,,,,,,asm.js
,,,Java,,,,,,,,
,,,Java,JavaScript,,,,,,SQL,
,,C#,,JavaScript,,,,,,SQL,
,,,Java,,,,,Python,,,
,,,,JavaScript,Node.js,,,,Ruby,,
,,,,JavaScript,,,PHP,,,,
,,,Java,JavaScript,,,,,,,
,,,,JavaScript,Node.js,,PHP,,Ruby,SQL,
,,C#,,JavaScript,,,,,,SQL,
,C++,C#,,,,,,,,,
,,C#,,JavaScript,,,,,,SQL,
C,C++,,,,,,,Python,,SQL,
C,,,Java,JavaScript,,,PHP,,,SQL,
,C++,C#,,,,,,,,SQL,
,,,,,,,,,Ruby,SQL,
,,C#,,JavaScript,,,PHP,Python,,SQL,
,,,Java,JavaScript,,,,Python,,SQL,
,,,,JavaScript,Node.js,Objective-C,,Python,Ruby,SQL,
C,,,,JavaScript,Node.js,Objective-C,PHP,,,,
,,,,JavaScript,,,PHP,Python,,SQL,
,,,Java,JavaScript,Node.js,Objective-C,,,,,
,,C#,,JavaScript,,,,,,SQL,
,,C#,,JavaScript,,,PHP,,,SQL,
C,C++,C#,,,,,,,,,
C,,,Java,,,Objective-C,,,,,
,,,,,,,,,,,
,,,,JavaScript,Node.js,,PHP,Python,,SQL,
,,,,JavaScript,,,,,,SQL,ColdFusion
,C++,C#,,JavaScript,,,,,,SQL,
,,,,,,,,,,,VB
,,C#,Java,,,,,,,,
,,,,,,,,,,,R
,,,,JavaScript,,,,,,,VB.NET
,,C#,,,,,,,,SQL,Delphi
,,C#,,,,,,,,,Powershell
,,C#,,JavaScript,,,,,Ruby,SQL,
,,,Java,JavaScript,Node.js,,,Python,,SQL,
,,,Java,JavaScript,,,,,,SQL,
,,C#,,JavaScript,,,,Python,,SQL,
,C++,,,JavaScript,,,PHP,,,SQL,
C,C++,,,,,,,,,,
,,C#,,JavaScript,,,PHP,,,SQL,
,,,Java,JavaScript,,,PHP,Python,,SQL,
,C++,,Java,JavaScript,,,,,,SQL,
C,,,,JavaScript,,Objective-C,PHP,Python,Ruby,SQL,
,,,,,,,,,,SQL,
C,C++,C#,Java,,,,,Python,,SQL,
,,C#,,JavaScript,,,,,,SQL,
C,C++,,,,,,,,,,
,,,,,,Objective-C,,,,,
,,C#,Java,JavaScript,,Objective-C,,,,,
,,C#,,,,,,,,,
C,C++,,,,,,,Python,,,matlab
,,C#,,JavaScript,Node.js,,PHP,Python,,SQL,
,,C#,,JavaScript,,,,,Ruby,SQL,VB
,,,,,,,,,,,
,,,,JavaScript,,,PHP,Python,,SQL,
,,,,,,,,Python,,,
,,C#,,,,,,,,,
C,C++,C#,,,,,,,,SQL,Delphi
,,,Java,JavaScript,,,,,,,
,,C#,,JavaScript,,,,,,SQL,
,,C#,,JavaScript,,,,Python,,SQL,
,,,,,,,,,,,
,,,,JavaScript,Node.js,Objective-C,PHP,,,SQL,"AngularJS, Cordova"
,,,,,,,,,,,
,,,,,,,,Python,,,LabVIEW
,,,,JavaScript,,,,,,SQL,"VB.NET, ASP.NET"
,,C#,Java,,,,PHP,,,,
,,,,,,,,,,,
,,,,JavaScript,,,PHP,Python,,SQL,
,,,,,,,,,,,
,,,Java,JavaScript,,,,,,,
,,,Java,JavaScript,,,,Python,,,Haskell
,,,Java,JavaScript,Node.js,,,Python,,,
,,,,JavaScript,,,PHP,,,,
,,C#,,JavaScript,Node.js,,,Python,,SQL,
,,,,JavaScript,,,PHP,,,SQL,
,,C#,,,,,,,,SQL,
,,,Java,,,,,,,SQL,
,,C#,Java,JavaScript,,,,,,SQL,
,,,,,,,,,,,
C,,,Java,JavaScript,,Objective-C,PHP,Python,,,
,,,,JavaScript,,,PHP,,,,
,,C#,Java,JavaScript,Node.js,,,Python,,SQL,
,,,Java,,,,,,,,
,,,,,,,,Python,Ruby,,R
,,,Java,,Node.js,,,,,SQL,Scala
,,C#,,JavaScript,,,,Python,,SQL,
,,,,,,,,,,SQL,
,,C#,,,,,,,,,Vb.net
,,,Java,,,,PHP,,,SQL,
,,,,JavaScript,,,PHP,,,,
,,,Java,JavaScript,,,,,,,Lisp & Scala
,,,Java,JavaScript,,,,,,SQL,
,,C#,,JavaScript,,,,,,SQL,
C,C++,,Java,,,,PHP,,,SQL,
,,,Java,,,,,,,SQL,
,,,,,,,,,,,
,,,Java,JavaScript,,,PHP,Python,,,
,,,,,,,,,,,
,C++,,,,,,,,,,
,,C#,Java,,,,,,,SQL,Batch / Bash
C,,,,,,,,Python,,,
,,,Java,JavaScript,,,,,,SQL,Siebel CRM
,C++,C#,Java,JavaScript,Node.js,,PHP,,,SQL,
,,,,JavaScript,,,PHP,,,SQL,
,,,,,,,,,,,
,,,,,,,,,,,
,,C#,,JavaScript,,,,,,,
,,,,,,,,,,,
,C++,C#,,,,,,,,,
,,C#,,,,,,,,SQL,
,C++,,,,,,,,,,
,,,,,,,,,,,
,,,,,,,,,,,
C,,,,JavaScript,Node.js,,PHP,,,SQL,Lua
,,,,,,,,,,,
,,,Java,,,,,,,SQL,
,,C#,,JavaScript,,,,,,,
,,,,,,,,,,,
C,,,,,,,,,,,bash
,,,Java,JavaScript,,,,Python,,,
C,,,,,,,,Python,,,
,C++,,,,,,,,,,Delphi
,,,,JavaScript,,,PHP,,,,ASP
,,C#,,JavaScript,,,,,,SQL,
,,C#,,,,,,,,SQL,
,,,,,,,,,,,
,,,,,,,,,,,
,,C#,,,,,,,,SQL,
,,C#,Java,JavaScript,Node.js,,,,,,MongoDB
,,,,JavaScript,,,,,Ruby,,
,,,,,,,,,,SQL,Stata
,C++,,,,,,,,,,
,,,,JavaScript,,,,Python,,SQL,
,,,Java,JavaScript,,,,,,SQL,
,,C#,Java,JavaScript,,,PHP,,,SQL,
,,C#,,JavaScript,,,,,,SQL,
,,,,JavaScript,,,PHP,,Ruby,SQL,
,,,Java,JavaScript,,,,,,SQL,
,C++,,,JavaScript,Node.js,,,,,,
,,C#,,,,,,,,SQL,
,,,Java,,,,,,Ruby,,
,C++,,,,,,,Python,,,
,,C#,,,,,,,,SQL,
,C++,,,,,,,Python,,SQL,
,,,,JavaScript,,,PHP,,,SQL,
,,,,JavaScript,,,,,,,vb.net
,C++,,Java,JavaScript,,,PHP,,,SQL,HTML
,,,Java,,,Objective-C,,,,SQL,
,,,Java,,,,,,,SQL,
,,,,,,,,,,,
,,,Java,,,,,,,,
,,C#,,JavaScript,,Objective-C,PHP,,,SQL,
,,,,JavaScript,Node.js,,PHP,,,SQL,
,,C#,,JavaScript,,,,,,,
,,,,,,,,,,,
,,,Java,JavaScript,,,,,,SQL,
,,,Java,,,,,Python,Ruby,SQL,
,,C#,,JavaScript,,,,,,SQL,
,C++,,,JavaScript,Node.js,Objective-C,,,,,
,,,,,,,,,,,
,,C#,,JavaScript,,,,,,,VB.NET
C,C++,C#,Java,,,,,,,SQL,
,,,,JavaScript,,,PHP,,,,
,,C#,Java,,,,,,,,
,,,,JavaScript,,Objective-C,PHP,,,SQL,
,,,,,,,,,,,
,,,Java,JavaScript,Node.js,,,,,,
,,C#,,JavaScript,,,,,,SQL,
C,,,Java,JavaScript,,Objective-C,PHP,Python,,SQL,
,,C#,,JavaScript,,,PHP,,,SQL,
,,,,,,,,,,,
,,,Java,JavaScript,,,,Python,,,blender python
C,C++,,Java,,,,,Python,,,
,,C#,,JavaScript,,,,,Ruby,,
C,C++,C#,Java,JavaScript,,,,,,SQL,"Perl, R, SAS"
,,,Java,JavaScript,,,PHP,,,SQL,
,,,,,,,,,,,
,,,,,,,PHP,,,,
C,,,,JavaScript,,,PHP,,,,
,C++,C#,,,,,,,,,
,,,,,,,,,,,
,,,,JavaScript,,,PHP,,,,
,,,,,,,,,,,
C,,,Java,JavaScript,,,PHP,Python,Ruby,SQL,
,,,,JavaScript,,,PHP,,,SQL,
C,C++,,Java,JavaScript,,Objective-C,PHP,,,SQL,
,,C#,,JavaScript,,,,,,SQL,
,,,,JavaScript,,Objective-C,,,,,
,,,,,,,,,,,
,,,,,,,,,,,
,,,,JavaScript,,,,Python,,SQL,
,,,,,,,,,,,
,C++,,Java,,,,,,,,
,,,,,,,,,,,
C,C++,,,JavaScript,,,,Python,,,
,C++,C#,,,,,,,,,
,C++,C#,Java,,,,,,,,
,,,,JavaScript,,,PHP,Python,,SQL,
,,,,,,,,,,,
,,,,JavaScript,,,PHP,,,SQL,
,,C#,Java,JavaScript,,,PHP,,,SQL,
,,,Java,JavaScript,,,PHP,,,SQL,
C,,,Java,JavaScript,Node.js,Objective-C,,,,SQL,
,C++,,,JavaScript,,Objective-C,,,,,
,,,,,,,,,,,
,C++,,,,,,,,,,
C,C++,,Java,JavaScript,,,PHP,Python,,SQL,
,,,Java,JavaScript,,,PHP,,,SQL,
,,,Java,,,,,,,SQL,
,,,,,,,,,,,
,,C#,,JavaScript,,,,,,SQL,
,,,Java,,,,PHP,,Ruby,,
,C++,C#,Java,,,,,,,SQL,
,,,Java,JavaScript,,,PHP,,,SQL,html css
,,,Java,JavaScript,Node.js,,PHP,Python,,SQL,
,,,,,,,,Python,,,Applescript
,,,Java,JavaScript,,,,,,,
,,,,,,,,,,,
C,C++,C#,,JavaScript,,,PHP,,,SQL,
,,,Java,,,,,Python,,,
,C++,C#,,JavaScript,,,PHP,,,SQL,
,,C#,,JavaScript,,,,,,SQL,
,C++,C#,Java,,,,,,,,
,,,,JavaScript,,,PHP,,,,
,,,,,,,,Python,,,
,,,,,,,,,,,
,,C#,,JavaScript,,,,,,SQL,
,,,,JavaScript,,Objective-C,PHP,,,,
,,C#,,,,,,,,,
C,,,Java,,,,,,,,perl
,,,,,,,,,,,
C,C++,,Java,JavaScript,Node.js,,,,,,
,,,,,,Objective-C,,,,,
,,C#,Java,JavaScript,,,,,,,AS3
,C++,,Java,JavaScript,,,PHP,,,SQL,Scala
,,,,,,,,,,,
,,C#,,,,,,,,,
,,,Java,JavaScript,,,,,,,
,C++,,,,,,,,,,
,,,Java,JavaScript,,,,,,SQL,JSP
,,C#,,JavaScript,,,,,,SQL,
,,,,,,,,,,,R
,C++,C#,Java,,,,PHP,,,SQL,
,,,,JavaScript,,Objective-C,,Python,,,
,C++,,,,,Objective-C,,,,,
,,,,,,,,,,,
,C++,C#,,,,Objective-C,,,,SQL,
,,,,JavaScript,,,PHP,,,SQL,
,,,Java,,,,,,,,"R, Octave"
,,,,,,,,,,,
,,,Java,JavaScript,Node.js,,PHP,,Ruby,SQL,
,,,,,,,,,,,
,,,Java,JavaScript,,,,,,SQL,Lua
,,,,JavaScript,,,PHP,,,SQL,
,,C#,,JavaScript,,,,,,,
,C++,,Java,JavaScript,,,,,Ruby,SQL,
,,,,,,,,,,,
,,C#,,JavaScript,,,,,Ruby,SQL,
,,,Java,JavaScript,,,,,,,Android
,,C#,Java,JavaScript,,,,,,SQL,
,,,,,,,,,,,
,,C#,,JavaScript,,,,,,,
,,,,JavaScript,,,,,,SQL,ColdFusion
,,,,,,,,,,SQL,
,,,Java,JavaScript,,Objective-C,,Python,,,
,,C#,,,,,,,,,
,,,,JavaScript,,,PHP,,Ruby,SQL,
,,,,,,,,,,,
,C++,,,JavaScript,,,PHP,,,SQL,
,,,,JavaScript,,,PHP,,,SQL,
,,,Java,,,,,Python,,,Perl
,,C#,,JavaScript,,,,,,,
,,C#,Java,JavaScript,,,PHP,Python,Ruby,,
,,,,JavaScript,Node.js,,,,,,Angular
,,,,,,,,,,,"OCaml, Haskell, PolyML"
,C++,,,,,,,Python,,,
,,C#,,JavaScript,,,,,,SQL,
C,C++,,,,,,,,,,
,,C#,,JavaScript,,,,,,,F#
,,C#,,,,,,,,,"XAML, AS3, SQL"
,,C#,,JavaScript,,,,,,SQL,
,,,,,,,,,,,"R, fortran, grads"
C,,C#,Java,JavaScript,,Objective-C,,,,SQL,
,,,,,,Objective-C,,,Ruby,SQL,
,,,Java,,,,,,,,
,,,Java,JavaScript,,,,Python,,SQL,
,C++,C#,Java,JavaScript,,,PHP,,,SQL,
,C++,,Java,,,Objective-C,PHP,,,,
,,,,JavaScript,,,,Python,,,
,,,,JavaScript,,,,,Ruby,,
,,,,JavaScript,Node.js,,PHP,,Ruby,SQL,Actionscript
,,,,JavaScript,,,PHP,,,,vb.net
,C++,,,,,,,Python,,SQL,
C,C++,,Java,,,,,,,SQL,
C,C++,,,,,,,Python,,,Perl
,,,,,,,,,,,
C,C++,C#,,JavaScript,,,PHP,,,SQL,
,,C#,,JavaScript,,,,,,SQL,"CSS, HTML"
,,,,,,,PHP,Python,,,
,,C#,,JavaScript,,,,,,SQL,
,,,,JavaScript,,,,Python,,SQL,
,,C#,,JavaScript,,Objective-C,,,,SQL,
,,C#,,JavaScript,,,PHP,,,SQL,
,,,,JavaScript,,,PHP,,,SQL,own js / php framework
,,C#,,,,,PHP,,,SQL,
,,,Java,JavaScript,,,,,,SQL,
,C++,,,JavaScript,,,PHP,Python,,SQL,
C,C++,,Java,JavaScript,Node.js,Objective-C,PHP,,Ruby,SQL,
,,,,,,,,,,,
,,C#,,,,,,,,SQL,
,,C#,Java,,,,,Python,Ruby,SQL,
,,C#,,JavaScript,,,,,,SQL,
,,C#,,,,,,,,,
,,C#,,,,,,,,SQL,
,,C#,,JavaScript,,,,,,SQL,
,,C#,,JavaScript,,,,,,SQL,"COBOL, ASP, VB.NET"
,,,Java,,,,,Python,,SQL,groovy
,,,,JavaScript,,,,,Ruby,SQL,
,,,,,,,,,,SQL,
,,C#,,JavaScript,,,,,,SQL,
C,,,,,,,,Python,,,bash
,,,,JavaScript,Node.js,,PHP,Python,,SQL,
,,,,JavaScript,,,,,,,
,,,Java,,,,,,,,
,,,,JavaScript,,,,,,,4th Dimension
,,C#,,JavaScript,,,,Python,Ruby,SQL,
C,C++,C#,Java,JavaScript,,,,,,SQL,
,,,,JavaScript,,Objective-C,PHP,,Ruby,SQL,
,,,Java,JavaScript,Node.js,,PHP,Python,,SQL,
,,,,JavaScript,Node.js,,,,,,
,C++,,,,,,,Python,,,
,,C#,,JavaScript,,,,,,SQL,
,,,Java,JavaScript,,,,Python,,SQL,
,,C#,,JavaScript,,,,,,,
,,,Java,JavaScript,,,PHP,,,,
,,,,,,,,,,,
,,,,JavaScript,,,PHP,,,SQL,"html, css"
,,,,,,,,,,SQL,
,,C#,Java,,,,,,,SQL,
C,C++,,,,,,,Python,,SQL,Go
,,C#,,JavaScript,,,,,,SQL,
,,,,JavaScript,,,,,Ruby,SQL,
,,,,JavaScript,Node.js,Objective-C,PHP,,,SQL,
C,C++,,Java,,,,PHP,,,SQL,
,C++,,Java,JavaScript,,,,,,SQL,
,C++,C#,Java,,,,,,,SQL,Clojure
C,,,,JavaScript,Node.js,Objective-C,PHP,,,SQL,
,,,Java,,,,,,,,
C,C++,,,JavaScript,,Objective-C,PHP,,,SQL,jQuery
,C++,,,,,,,Python,,,
,C++,C#,,JavaScript,,,,,,SQL,jQuery
,,,,,,,,,,,
,C++,C#,,,,,,,,SQL,
C,C++,C#,Java,,,Objective-C,,,,,
,,,,JavaScript,Node.js,,,,,,
,,C#,,,,,,,,,
,,C#,,,,,,,,,
,,,,JavaScript,,,PHP,,,SQL,
,,,,,,,,,,,
,,C#,,JavaScript,,,,,,SQL,
,,C#,,JavaScript,,,PHP,,Ruby,SQL,
,C++,,,JavaScript,,,,Python,,,
C,C++,C#,Java,JavaScript,,,,Python,,,
,,,,,,,,,,,
,,C#,,JavaScript,,,,,,SQL,
,,C#,,JavaScript,,,,,,SQL,F#
,C++,C#,,JavaScript,,,,,,,
,,,,,Node.js,Objective-C,,,,,
,,,Java,JavaScript,Node.js,,,,,,
,,,Java,JavaScript,,,,,Ruby,SQL,
,,,,,,,,,,,
,,,Java,JavaScript,,,,,,SQL,
,,C#,Java,,,,,,,SQL,
,,,Java,JavaScript,Node.js,,PHP,Python,,SQL,
,C++,C#,,,,,,Python,,,
,,,,JavaScript,Node.js,,PHP,,,SQL,
,C++,,Java,,,,,Python,,SQL,
,,C#,,JavaScript,,,,,,,
,,,,,,,,,,,
,,C#,,JavaScript,,,,,,,
,,C#,,,,,,,,,Matlab
,C++,,,,,,,,,,
,,C#,,JavaScript,Node.js,,PHP,,,,
,,C#,Java,JavaScript,,,,,,SQL,
C,C++,,Java,JavaScript,,,PHP,Python,Ruby,SQL,
C,,,,JavaScript,,,PHP,,,SQL,
,,,Java,JavaScript,,,,,,SQL,
,,,,,,,,,,,R
,,,Java,JavaScript,,,,Python,,,Scala
,,C#,,,,Objective-C,,,,,Progress Open Edge
,,,,,,,,,,,
,C++,C#,Java,,,,,,,,
,,C#,,JavaScript,,,,,,SQL,
,,,Java,JavaScript,,,,,,,
,,,Java,JavaScript,,,,,,,
,,,,,,,,,,SQL,wix
,,C#,,,,,,,,SQL,
,,,,JavaScript,,,PHP,,,,
,,,,JavaScript,,,,Python,Ruby,SQL,
,,,,,,,,,,,
,,,,,,,,,,,
,,C#,,JavaScript,Node.js,,PHP,,,SQL,
,,,Java,JavaScript,,,PHP,,,,
,,,,,,,,,,,
,,,,,,,,,,,
,,,,JavaScript,,,,Python,,,GNOME Javascript (GJS)
C,C++,C#,,,,,PHP,,,,
,C++,C#,Java,,,,,Python,,,
,,,,,,,PHP,,,SQL,
,,,Java,JavaScript,,,,Python,,SQL,
,C++,,,JavaScript,Node.js,,,,,SQL,
,,C#,,JavaScript,,,,,,SQL,
,,C#,,JavaScript,,,,,,,
,,,,,,Objective-C,,,,,
C,C++,,Java,,,,,,,,
,,,Java,JavaScript,,Objective-C,,,,,
,,C#,,,,,,,,,
,,C#,,JavaScript,,,PHP,,,,
,,,Java,JavaScript,,,,,,,
,C++,C#,,JavaScript,,,,,,SQL,
,,C#,,JavaScript,,,,,,,
,,,,JavaScript,Node.js,,PHP,,Ruby,,
,C++,C#,,,,,,,,,Perl
,,C#,,JavaScript,,,,,Ruby,,
C,C++,C#,Java,,,Objective-C,,Python,,,
C,C++,,,JavaScript,,,PHP,Python,,SQL,
,,,,,,,,,,,
,,,,,,,,,,,Scala
,,,Java,JavaScript,,,PHP,,,,
,,,Java,JavaScript,,,,,,,
,,,,,,,,,,,
C,,,,JavaScript,,Objective-C,,Python,,,
,,,,,,Objective-C,,,,,
C,C++,C#,Java,,,,,,,,Python
,,,,,,,,,,,
,,,,,,,,,,,
,,,,JavaScript,,,PHP,Python,,,
,,,Java,JavaScript,,,PHP,,,,
,,,,JavaScript,,,,,,,"html, css, php"
,,C#,,,,,,,,,
,,C#,,JavaScript,,,,,,SQL,"ASP.NET MVC, ASP.NET API, Classic ASP"
,,,,JavaScript,,,,,,,
,,,Java,JavaScript,,,,,,SQL,Grails
,,,,,,,,,,SQL,VB.NET
,,,,,,,,,Ruby,,
,,C#,,JavaScript,,,,,,SQL,
,,,Java,JavaScript,,,,,,,
,,C#,Java,JavaScript,,,,,,SQL,
,,C#,,JavaScript,,,,,,SQL,vb.net
,,C#,,JavaScript,,,,,,SQL,Coffeescript
,,,,,,,,,,,
,,,Java,JavaScript,,,,,,,
,,,,JavaScript,,,PHP,Python,,SQL,
,,,,JavaScript,,,,,,,perl
,,C#,,JavaScript,,,,,,SQL,
,,,,JavaScript,Node.js,,PHP,,,SQL,
,,C#,Java,JavaScript,,,,,,SQL,
C,,,,JavaScript,Node.js,Objective-C,PHP,Python,Ruby,SQL,
,,C#,Java,,,,,,,SQL,
,,,,JavaScript,,,PHP,,,,css
,,C#,,JavaScript,,,,,,SQL,
,,C#,,,,,,,,,
,,C#,,JavaScript,Node.js,,,,,SQL,
,,,,,,,,,,SQL,vb.net
,,C#,,,,,,,,SQL,
C,C++,C#,,,,,,,,,
,C++,C#,Java,,,Objective-C,,,,,
,,,Java,JavaScript,,,,,,SQL,
,,C#,,JavaScript,,,PHP,,,SQL,
C,,C#,Java,JavaScript,,,,,,SQL,
,C++,,,JavaScript,,,,Python,,,Lua
,,,,,,,,,,,Delphi
,,C#,,JavaScript,,,,,,SQL,
,,C#,,JavaScript,Node.js,,,,,,
,,,,JavaScript,,,PHP,,,SQL,
,,C#,,JavaScript,,,,,,SQL,
,,,,JavaScript,Node.js,,PHP,,,,
,,,,JavaScript,,,PHP,,,SQL,
,,C#,,JavaScript,,,,,,SQL,
,C++,,Java,,,,,Python,,,
,,,,JavaScript,Node.js,,PHP,,,SQL,
,,,Java,JavaScript,,,,,,SQL,
,,,Java,,,,,,,SQL,
,,,,,,,,,,,
,,,Java,JavaScript,,,,,,SQL,
C,,,Java,JavaScript,,,,Python,Ruby,,Scala
,,,Java,,,,,,,,
,,,,JavaScript,Node.js,,PHP,,,SQL,go
,,,,,,,,,,,
,,,,JavaScript,,,PHP,,,SQL,
C,C++,C#,,,,,,,,,
,,,,,,,,,,,
,C++,,,,,,,Python,,,
,,,,JavaScript,,,PHP,,,,Go
,,C#,Java,JavaScript,,,,Python,,,
,,C#,,JavaScript,,,,,,SQL,
,,,,,,,,,,,
,,,Java,,,,,,,SQL,
,,C#,,JavaScript,,,,,,SQL,
C,C++,,,,,,,,,,
,,,,JavaScript,,,PHP,,Ruby,SQL,
,,,Java,,,,,,Ruby,SQL,
,,,Java,,,,,,,SQL,VBA
,C++,,Java,,,,,,,,
,,C#,,JavaScript,,,,,,,
,,,,,,,,,,,
,,,Java,JavaScript,,,,,,,
,,,,,,,,,,,
,,C#,,JavaScript,,,,,,SQL,
,,C#,Java,JavaScript,,,PHP,,,SQL,
,,,,JavaScript,Node.js,,PHP,,Ruby,SQL,
,,,Java,JavaScript,,,,,,,
,C++,,Java,JavaScript,,,,,,SQL,
,,,Java,,,,,Python,,SQL,
,,,,JavaScript,Node.js,,PHP,,Ruby,,
,,C#,,JavaScript,Node.js,,PHP,,Ruby,SQL,"Erlang, Lisp"
,C++,C#,,,,Objective-C,,,,SQL,
,,C#,,,,,,,,,
,,,,,,,,,,,DirXML Script
,,,,,,,,,,,
,,C#,,JavaScript,Node.js,,,,,SQL,
,,C#,,JavaScript,,,PHP,Python,,,
,,,,JavaScript,,,PHP,,,SQL,
,,,,JavaScript,,,PHP,,Ruby,SQL,
,,C#,,JavaScript,,,PHP,,,SQL,
,,C#,,,,,,,,SQL,
C,,,Java,,,,,Python,,,"Lisp, Forth"
,,,,,Node.js,,,,,,
,,C#,,,,,,,,SQL,"XML, XSLT"
,,C#,,,,,,,,SQL,
C,C++,C#,,,,,,,,SQL,delphi
,,,Java,,,,,,,SQL,Delphi
,C++,,Java,,,,,,,,Delphi 7 and Delphi XE2
,,C#,,JavaScript,,,,,,SQL,
C,C++,,,,,,,,,,
C,C++,,,JavaScript,,Objective-C,PHP,,Ruby,SQL,
,,,,,,,,Python,,,
,,,Java,JavaScript,,,,,,SQL,
,,C#,,,,,,,,,
,,C#,,JavaScript,,,,,,SQL,
C,,,,JavaScript,,,PHP,Python,,,
,,C#,,JavaScript,,,,,,SQL,
C,C++,,Java,,,Objective-C,,,,SQL,
,,,,,,,,,,,
,,C#,,,,,,,,SQL,VB.NET
,,,,JavaScript,Node.js,,PHP,,,SQL,
,,C#,,,,,,,,,
,,,,JavaScript,,,PHP,,,,
C,,,Java,,,,,,,,
,C++,,Java,,,,,Python,,,
,,,,,,,,,Ruby,SQL,
C,,,,,,,,Python,,,
,,C#,,JavaScript,,,,,,SQL,
,,,Java,JavaScript,,,,,,SQL,
C,C++,,,JavaScript,,,,,,,
,,C#,Java,JavaScript,,,,,,,SCala
,,C#,,,,,,,,SQL,
,,,,,,,,,,,
,C++,C#,,,,,,,,SQL,
,,C#,,JavaScript,,,,,,SQL,
,,C#,Java,,,,,,,,
,,,,,,,,,,,
,,C#,,,,,,,,,
,,C#,Java,,,,,,,SQL,
C,,,,,,,,Python,,,
,,C#,,JavaScript,,,,,,SQL,
,,,,,,,,,,,
,,C#,,JavaScript,,,,,,SQL,
,,C#,Java,JavaScript,Node.js,,,,,SQL,
,,,,JavaScript,,,PHP,,,SQL,
,,,,,,,,Python,,,"Matlab, Haskell"
,C++,,Java,,,,,Python,,,
,,,,,,,,Python,,,Bash
,,,,,,,PHP,,,SQL,
,C++,,Java,,,,,,,,
,C++,,,JavaScript,,,PHP,,,SQL,
C,C++,,Java,,,Objective-C,PHP,,,,
,C++,,,,,,,,,,
C,C++,,Java,JavaScript,,,,,,,
,,,,,,,,,,,
,C++,,,,,Objective-C,,,,,
,,C#,,JavaScript,,,,,,SQL,
,,,Java,JavaScript,,,,,,,
,,C#,,,,,,,,,VB6
,,C#,,JavaScript,,,,,,SQL,
,,,,,,,,,,,
,,,,,,,,,,,
,,C#,,JavaScript,,,PHP,,,SQL,
C,C++,,Java,,,,,,,SQL,
,,C#,Java,JavaScript,,,PHP,,,SQL,X(A)ML
,,,Java,,,,,Python,,SQL,
C,C++,C#,Java,JavaScript,Node.js,Objective-C,PHP,Python,Ruby,SQL,ASM
,,,,,,,,,,,
C,,,,,,,,,,,
,C++,C#,Java,,,,PHP,Python,,,
,,,Java,,,Objective-C,,,,SQL,VB.Net
,C++,C#,,JavaScript,,,PHP,Python,Ruby,SQL,
,,,Java,,,,,,,,
,,,,,,,,,,,
,,,,,,,,,,,
,,,Java,,,,,,,SQL,
,,C#,,,,,,,,,
,,,,,,,,,,,
,C++,,Java,JavaScript,,,PHP,,,SQL,
,,,Java,JavaScript,,,,,,SQL,
,,,,,,,PHP,,,,ZSH
,,,,JavaScript,Node.js,,,,,SQL,
,,,,,,,,,Ruby,SQL,
C,C++,,Java,JavaScript,,,,Python,Ruby,,
,C++,C#,,,,,PHP,,,SQL,object pascal
C,C++,,,,,,,Python,Ruby,SQL,"Prolog, Lua"
,,,Java,,,,,,,,IBM SQL PL
,C++,C#,,JavaScript,,,,,,SQL,
,,,Java,JavaScript,,,,,,SQL,
,,,,,,,,,,,
,,C#,,JavaScript,,,,,,SQL,
C,,C#,,,,,,,,SQL,VB.NET
C,C++,,Java,,,,,Python,,,
,,C#,,JavaScript,,,,,,,
,,,,,,,,Python,,SQL,
,,C#,,,,,PHP,,,,Delphi
C,,,,,,,,Python,,,Matlab
,,C#,,JavaScript,,,,,,SQL,
,C++,C#,,JavaScript,,,,,Ruby,SQL,
,,,,JavaScript,Node.js,,PHP,,Ruby,SQL,
,,,Java,,,,,,,,
,,,,JavaScript,,,PHP,,,SQL,
,,,Java,,,,,Python,,SQL,Go
,,,Java,JavaScript,,,,Python,Ruby,,
C,,,,,,,,,,,sh
,,,,JavaScript,,,,Python,Ruby,SQL,
C,C++,,Java,JavaScript,,,,,,SQL,
,,,,,,,,,Ruby,,
,,,,JavaScript,,,PHP,,,SQL,VB
C,,,,JavaScript,,,PHP,,,SQL,Perl
,,C#,,JavaScript,,,PHP,Python,,SQL,
,,C#,,,,,,,,SQL,
,,,,,,,,,,,
,,C#,,JavaScript,,,,,,SQL,
,,C#,Java,JavaScript,,,,,,,
,,,,,,,,,,,
C,,,,,,,,Python,,,
,,,,,,,,,,,
,C++,C#,,,,,,,,,
,,,,,,,PHP,,,,
,,,Java,,,,,,,,
,,,Java,JavaScript,,,,,,,Datapower
,,,,,,,,,,,
,,C#,,JavaScript,Node.js,,,,Ruby,SQL,
,,C#,,JavaScript,,,PHP,,,,
,,,,JavaScript,,,PHP,,,SQL,
,,C#,,,,,,,,SQL,
,,C#,Java,,,,,,,,wix
,,,,,,,,,,,
,,,Java,JavaScript,Node.js,,,,,SQL,
,,,,,,,,,,,
,,C#,,JavaScript,,,PHP,,,SQL,
,,,,,,,,,,,
C,,,,,,,,,,,Object Pascal
C,C++,,,,,,PHP,,,,
,,,,,,,,,,,
,,,,JavaScript,,,PHP,,,,MySQL
,,,,,,,,,,,
,,,,,,,,,,,
,,,Java,,,,,Python,Ruby,,
C,C++,,Java,,,Objective-C,PHP,,,SQL,
,,C#,,JavaScript,,,,,,SQL,ASP.Net
,,C#,Java,JavaScript,,,PHP,,,SQL,
,,C#,Java,JavaScript,,,,,,SQL,
,,,,,,,PHP,,,,
,,,,JavaScript,,,,Python,,,"jquery, ajax"
,C++,,,JavaScript,,,PHP,,,,
,,C#,,,,,PHP,,,,
,,,,JavaScript,,,PHP,,,SQL,
,,,Java,JavaScript,,,,,Ruby,SQL,Clojure
,,C#,,JavaScript,,,,,,SQL,
,,,,,,,,,,,
,,,,JavaScript,,,,,Ruby,SQL,
,C++,C#,,,,,,,,,
,,,,,,,,,,,
,,,Java,JavaScript,,,,Python,,,
C,C++,C#,Java,,,,,,,,as3
,,C#,,JavaScript,,,,,,,
,,C#,,,,,,,,SQL,
,,,Java,JavaScript,,,PHP,,,SQL,
,,,,JavaScript,,,PHP,,,SQL,
,,,,JavaScript,Node.js,,PHP,Python,Ruby,,
,,C#,Java,JavaScript,,,,,,SQL,
,,C#,,,,,,,,SQL,
,,,,,,,,,,,
,,C#,,JavaScript,,,,,,SQL,"mongodb,servicestack"
,C++,,Java,,,,,Python,,,
,,,,,,,PHP,Python,,,
,,C#,,JavaScript,,,,,,SQL,
C,C++,C#,Java,,,Objective-C,PHP,Python,,SQL,
,,,Java,JavaScript,,,,,,,
,,C#,Java,JavaScript,,,PHP,,,SQL,"HTML, CSS, SmallBasic, HTML5"
,,,,,,,PHP,,,,Perl
,,C#,,JavaScript,,,,,,,
,,,Java,,,,,,,,
C,C++,,,,Node.js,,,Python,,,
,,,Java,JavaScript,,,,,,SQL,
,,,,,,,,,,,
,,,Java,JavaScript,,,PHP,,,,jQuery
,C++,,Java,,,,,,,,
,,C#,Java,JavaScript,,,PHP,,,SQL,
,,,,,,,,,,,
,,,,JavaScript,,,,,,,"HTML, CSS"
C,C++,,Java,,,,,,,,
,,,Java,JavaScript,,,PHP,,,,
C,C++,,Java,JavaScript,,,,,,SQL,
,,,,,,,,,,,"Haskell, Lua"
,,,,,,,,,,,"Classic ASP, VB6"
,,C#,,JavaScript,,,,,,,
,,C#,,JavaScript,,,,,,SQL,
,C++,C#,Java,,,,,,,,
,,,,JavaScript,Node.js,,,,,,
C,C++,,,,,,,Python,,,"Perl, Assembly"
,,,,,,,,,,,
,,,Java,,,,,Python,,,Scala
,,,Java,,,,,Python,,,R
,,,,JavaScript,,,,,,SQL,VB.Net
,,,,,,,,,,,
,,,,,,,,,,SQL,
C,,C#,,,,,,Python,,,
,,,,,,,,,,,
,,C#,,,,,,,,SQL,
,,,Java,JavaScript,,,PHP,Python,,SQL,
C,,C#,Java,,,,,,,SQL,"Perl, Bash"
,,,Java,,,Objective-C,,,,,
,,C#,,,,,,,Ruby,,
,,,Java,,,,,Python,,,
,C++,,Java,JavaScript,,,,,,SQL,"angularJS, jquery"
C,,,Java,,,,,Python,,,
,C++,C#,,,,,,,,,
,,,Java,JavaScript,,,PHP,,,SQL,
,,,Java,JavaScript,Node.js,,,Python,,,
,,,,,,,,,,,
,C++,,,,,,,Python,,,
,,C#,,,,,,,Ruby,SQL,
,C++,C#,,,,,,,,,
,C++,C#,Java,,,,,,,,
,,,Java,,,Objective-C,,,,,
,,,,,,,,,,,
,,,,JavaScript,,,,Python,,SQL,
C,,,Java,,,,,,,,
,,C#,Java,JavaScript,,,PHP,Python,,SQL,
,,,Java,JavaScript,,,,,,SQL,
,,C#,,,,,,,,SQL,
,,,Java,JavaScript,,,,,,SQL,
,,,Java,JavaScript,,,,,,,
C,,,Java,,,,,,Ruby,,
,,C#,Java,JavaScript,,Objective-C,,,,SQL,
,,,Java,JavaScript,,,PHP,,,SQL,
,,,,JavaScript,Node.js,,,,,,
,,C#,,JavaScript,,,PHP,Python,,SQL,
C,C++,,,,,Objective-C,,Python,,,
,C++,C#,,,,,,,,SQL,
,,,,,,,,,,,
,C++,,,,,,,,,SQL,
C,C++,,Java,,,,PHP,,,SQL,
,,,,,,,,,,,
,,,,,,,PHP,,,,
,C++,,Java,,,,,,,,
C,,C#,Java,JavaScript,,,,,,,"Go, Clojure"
,,,,,,,,,,,
,,,,JavaScript,,,,Python,,SQL,
,C++,,Java,JavaScript,,,,,,SQL,
C,C++,,,,,,PHP,,,SQL,
,,,,JavaScript,Node.js,Objective-C,PHP,,Ruby,SQL,
C,,,,JavaScript,,,PHP,,,SQL,
,,C#,Java,JavaScript,,,,,,,
,,,,,,,,,,,
,,,,,,,,Python,,,
,,,Java,JavaScript,,Objective-C,PHP,,,SQL,
,C++,,,JavaScript,,Objective-C,PHP,,,SQL,
,,,,,,Objective-C,,,,SQL,
,,,Java,JavaScript,,,PHP,,,SQL,
,,C#,,JavaScript,,,,,,,
,,C#,,JavaScript,,,,,,SQL,
,,,,JavaScript,,,PHP,,Ruby,SQL,
,,,,,,,,,,,
,,C#,,,,,,,,,
,,,Java,JavaScript,,,,,,,
,,,,,,,,,,,
,,C#,,JavaScript,,,,,,,
,,C#,,,,,,,,,WPF
,,C#,,JavaScript,,,,,,,
,,,Java,JavaScript,,,PHP,Python,Ruby,SQL,
,C++,C#,Java,JavaScript,,,,Python,,SQL,GWT
,,,Java,,,,,,,,
,,C#,,JavaScript,,,,,,SQL,
,,,,,,,,Python,,,
,,C#,,JavaScript,,,PHP,,,SQL,
,,,,,,,,,,,bash
,,,,,,,,,,,
,,,Java,JavaScript,,,,,,,
,,,,,,,,,Ruby,SQL,
,,,,JavaScript,,,,,,SQL,
C,,C#,,,,Objective-C,,,Ruby,SQL,
,C++,,Java,,,,,,,,
C,C++,,Java,,,,,,,,
,,,,JavaScript,,,PHP,,,SQL,
,,C#,,,,,,,,SQL,Vb.Net
,,C#,,JavaScript,,,,,,SQL,
,,C#,,JavaScript,,,PHP,,,SQL,
,,,Java,JavaScript,,,,,,SQL,jquerry
C,,,Java,,,,,Python,,SQL,"Matlab, Octave"
C,C++,,,JavaScript,,,,Python,,,
C,C++,,,,,,,Python,,,
,,,,,,,,,,,
,C++,,Java,,,,PHP,Python,,SQL,
,,,Java,,,,,,Ruby,SQL,"Perl, shellscript, erlang"
,,,Java,JavaScript,,,PHP,,,SQL,
,,,Java,JavaScript,,,PHP,,,SQL,
,,,,,,,,,,,
,,C#,Java,,,Objective-C,PHP,,,,
C,C++,,,,,,,Python,,,
,C++,,,,,,,,,,
,,C#,,,,,,,,,Cobol
,,C#,,JavaScript,,,,,,SQL,XSL
,,,,,,,,,,,
,,,,JavaScript,Node.js,,,,,,
,,C#,,,,,,,,SQL,
,,,,,,,,,,,
,C++,C#,,,,,,,,,CSS
,,,,,,,,,,,
,,,,,,,,,,,
,,,,JavaScript,,,PHP,Python,,,
,,,,,,,,,,,
,,,,,,,,,,,
,,,Java,,,,,,,,
,C++,,,JavaScript,,Objective-C,PHP,,,SQL,
,,,,,,,,,,,
,,C#,,JavaScript,,,,,,SQL,
,,,,,,,,,,,"SystemVerilog, Verilog"
,,,,,,,,,,,
,C++,,Java,,,,,Python,,,
,,C#,,,,,,,,,
,,,,JavaScript,,,,Python,Ruby,SQL,
,,C#,,JavaScript,,,,,,SQL,
,,,Java,,,,,Python,,,
,,,Java,JavaScript,,Objective-C,,,,SQL,
,,,,JavaScript,Node.js,Objective-C,,,,,
C,C++,,,,,,,,,SQL,Object Pascal
,,,,JavaScript,,,,,,,Classic ASP
,,C#,,JavaScript,Node.js,,,Python,,,
,,,,JavaScript,,,PHP,,,SQL,
,C++,,,,,,,,,,
,,C#,,JavaScript,,,,,,,
,,C#,,JavaScript,,,,,,SQL,
,,,Java,JavaScript,,,,,Ruby,SQL,
,,,Java,,,,,,,,
C,,,,,,,,,,,
,,,Java,JavaScript,Node.js,,,,,SQL,
,,,,JavaScript,,,PHP,Python,,SQL,
C,C++,,Java,JavaScript,Node.js,,,,,SQL,
,,,,,,,,,,,
,,,,,,,,,,,
,,,,JavaScript,,,PHP,,,SQL,
,,C#,,,,,,,,SQL,
,C++,C#,Java,,,,,,,,
,,,,JavaScript,,,PHP,,,SQL,
,,,Java,JavaScript,,,PHP,Python,,SQL,
,,,,JavaScript,,,PHP,,,SQL,
,,C#,,JavaScript,,,,,,,
,,,Java,,,,,,,SQL,perl
,,,,JavaScript,Node.js,,PHP,,,SQL,
,,C#,,JavaScript,,,,,Ruby,SQL,
,,,Java,JavaScript,,,,,,SQL,
,,,Java,,,,,,,,
,,C#,,JavaScript,,,,,,SQL,
,,,,,,,,,Ruby,SQL,Lua
,,,Java,,,,,,,,
,,C#,,JavaScript,,,PHP,,,SQL,
,,,,JavaScript,,,,,,,
,,C#,Java,JavaScript,,,,,,SQL,
,,,,,,,,,,,
,,C#,,,,,,,,,
,,,,,,,,,,,
,,C#,,JavaScript,,,,,,SQL,
,,C#,,JavaScript,,,,Python,,SQL,
C,C++,,,,,,,,,,
,,,Java,JavaScript,Node.js,,,,,SQL,Go
,,,,JavaScript,,,,,,,dojo
,,,,JavaScript,,,PHP,,,,
,,,Java,JavaScript,,,,,,,
,,,,,,Objective-C,,,,,
,,,,,,,,,,,
C,,,,,,,,,,,D
,,C#,,JavaScript,,,,,Ruby,SQL,
,,,,JavaScript,,,PHP,,,,
,,,Java,,,,,,,SQL,
,,C#,Java,,,,,,,,
C,,,,,,,,,,,Haskell
,,,Java,JavaScript,,,,,,SQL,Groovy
C,,,,,,,,Python,,,
,,,Java,,,,,,,,
,,,Java,JavaScript,,,,Python,,SQL,
,C++,C#,Java,,,,,,,,
,,,,,,,,,,,
,,C#,,JavaScript,,,,,,,
C,C++,,,,,,,,,,assembler
,,,,JavaScript,Node.js,,,Python,,SQL,
,,,Java,JavaScript,,Objective-C,,,,SQL,
,,,,JavaScript,,,,,Ruby,SQL,
,,C#,Java,,,,PHP,,,,
,,,Java,JavaScript,,,,,,SQL,html
,,,Java,JavaScript,,,,,,SQL,
,,,,,,,,Python,,,
,,,Java,JavaScript,,,,,,,
,,C#,,,,,,,,SQL,
,,,,,,,,,,,
C,C++,C#,Java,JavaScript,,,,,Ruby,SQL,
,C++,,Java,JavaScript,,,PHP,,,SQL,Android SDK
,,C#,,JavaScript,,,,,,SQL,
C,,,,,,,,Python,,SQL,Tcl/Tk
,,,,,,,,,,,
,,,,,,,,,,,
C,C++,C#,,,,,,Python,,,
,,,,,,,,,,,
,,C#,,JavaScript,,,PHP,,,SQL,
,,C#,,,,,,,,,
,,,,,,,,,,,
,C++,,,JavaScript,Node.js,,PHP,Python,Ruby,,
,,,,JavaScript,,,PHP,,,,
,,C#,,JavaScript,,,,,,SQL,
,,C#,,JavaScript,,,,,,SQL,
C,,,Java,,,Objective-C,,,,,
,,C#,,JavaScript,,,,,,,
,,,,JavaScript,,,PHP,,,SQL,
C,C++,,Java,,,,,,,,LabVIEW
,,,,JavaScript,,,PHP,,,SQL,
,,,,,,,,,,,
,,,,JavaScript,,,PHP,,,,
C,,,,JavaScript,Node.js,Objective-C,PHP,,Ruby,SQL,
,,,,,,,,,,,
,,C#,,JavaScript,,,,,,SQL,
C,,,Java,,,,,,,,
,,,,,,Objective-C,,,,,
,,C#,Java,JavaScript,,Objective-C,,,,SQL,
,,,Java,,,,PHP,,,SQL,android
,C++,,,,,,,Python,,,
,C++,,Java,JavaScript,,,,,Ruby,,Haskell
,,,Java,,,,PHP,,,SQL,
,,,,JavaScript,,,PHP,,,SQL,
,,,,JavaScript,,,PHP,,,SQL,
C,C++,,Java,JavaScript,,,PHP,,,SQL,
,,C#,,,,,,,,,
,,C#,,JavaScript,,,,,,,
,,C#,,,,,,,,,
,,,,JavaScript,,,PHP,,,SQL,jQuery
,,,,,,,PHP,,,SQL,
,,,,JavaScript,Node.js,,PHP,,,SQL,jquery
,C++,C#,Java,JavaScript,,,,,,SQL,
,C++,,Java,,,,,,,,
,,,,,,,,,,,
,,,Java,JavaScript,,,,,,SQL,
,,,,,,,,,,,
,,,,JavaScript,,,,,,,
,,C#,,JavaScript,,,,,,,
,,,,,,,,,,,
,,C#,,JavaScript,,,,,,SQL,
,,,,,,,PHP,,,SQL,
,C++,C#,,,,,,,,,
,,,Java,,,,,,,,VB.NET
,,C#,,,,,,,,,VBA
C,,,,JavaScript,Node.js,,,Python,,SQL,
,,,Java,,,,,Python,,,XSLT
,C++,,,,,,,,,,
,,,Java,,,,PHP,,,,
,,C#,Java,,,,,,,,VBS
C,C++,,,,,Objective-C,,,,,
,,,,,,,,,,SQL,
,,,,,,,,,,,
,,C#,,JavaScript,,,,,,,
,,C#,,JavaScript,Node.js,,PHP,,Ruby,,
,,,,,,,,,,,
,,,,,,,,,,,
,,,,,,,,,,,
,,C#,,JavaScript,,,,,,,
,,C#,,,,,,,,,F#
,,C#,,,,,,,,,
,,C#,,JavaScript,,,PHP,,,SQL,
C,,,,,,,,Python,,SQL,
,C++,,Java,JavaScript,,,PHP,Python,,SQL,Scheme
,,,,,,Objective-C,,,,,Perl
,,,,,,,,,,,
,,C#,Java,JavaScript,,,,,,,
,,C#,Java,JavaScript,,,,,,SQL,
,,C#,Java,JavaScript,,Objective-C,,,,SQL,
,,C#,,JavaScript,,,,,,SQL,
,,,,JavaScript,,,PHP,,,SQL,
,,C#,,JavaScript,,,,,,SQL,
C,C++,,Java,,,,,,,,
,,,,,,,PHP,Python,,,
C,,,Java,,,,,,,,D
,C++,C#,,JavaScript,,,,,,,
,,C#,,JavaScript,,,,,,SQL,
,,,,,,,,,,SQL,Delphi
,,C#,,JavaScript,,,,,,SQL,
,,C#,,JavaScript,,,,,,SQL,
,,,,JavaScript,,,PHP,,,,
,,C#,,JavaScript,,,,,,SQL,
,,,,,,,,,,,
,,C#,,,,,,,,SQL,
,,C#,,,,,,Python,,,bash
C,C++,,,,,,,,,,
,,,,,,,,,,,
,,C#,,,,,PHP,Python,,,
,,,,,,,,,Ruby,,
,C++,,Java,JavaScript,,,PHP,Python,,SQL,
,,,Java,JavaScript,,,,,,,
,,,Java,,,Objective-C,,,,,
,,C#,,JavaScript,,,,Python,,,
,,C#,,JavaScript,,,PHP,,,SQL,
,,,Java,,,,,Python,,SQL,
,,C#,,JavaScript,,,,,,SQL,
,C++,,Java,JavaScript,,,,,,SQL,
,,C#,,JavaScript,,,,,,SQL,
,C++,C#,,,,,,,,,
C,,,Java,JavaScript,,Objective-C,,,Ruby,SQL,
,C++,C#,,,,,,,,,
,,C#,,JavaScript,,,,,,SQL,VB6
,C++,C#,,JavaScript,,Objective-C,,,,,
,C++,,,,,Objective-C,,,,,
,C++,C#,,JavaScript,,Objective-C,,,,SQL,Jquery
,,,,JavaScript,,,PHP,,,SQL,
,,C#,,JavaScript,Node.js,,,,,,
C,C++,,,,,,,Python,,,
,,,Java,,,,,,,,
,,,Java,,,,,,,SQL,
,,,,,,,,,,,
,,C#,Java,,,,,,,SQL,"Bash, VBA"
,,,,JavaScript,,,,Python,,,
,,,Java,,,,,Python,,,
,,,Java,JavaScript,,,PHP,,,SQL,
,,,,,,,,,,SQL,Delphi
,C++,,,JavaScript,Node.js,,PHP,,,,
,C++,,Java,,,,,,,,
C,C++,,Java,,,,PHP,,Ruby,,
,,,,,,Objective-C,,,,,
,,,,,,,,Python,,,Vim
,,C#,Java,JavaScript,,,,,,SQL,PLSQL
,,,,JavaScript,,,PHP,,,SQL,
,,,Java,JavaScript,,,PHP,,,SQL,
,,,Java,JavaScript,,,,Python,,,
,,,Java,,,,,,,,
,,,Java,JavaScript,Node.js,,,,Ruby,SQL,
C,C++,,Java,,,,,Python,,,
,,,,JavaScript,,,PHP,Python,,SQL,
,,,,,,,,,,,
,,,,JavaScript,,,,Python,,SQL,
,,,,JavaScript,Node.js,,,,Ruby,,
,,,,,,Objective-C,,,,,
C,,C#,,JavaScript,,,PHP,,,SQL,Tcl
C,,,Java,JavaScript,,Objective-C,,,,SQL,
,,,,,,,,,,,
,,C#,,JavaScript,,,,,,SQL,
,,,Java,JavaScript,,,,,,SQL,
,,,,,,,PHP,,,SQL,
,,,Java,JavaScript,Node.js,,,,,,
,,C#,,JavaScript,Node.js,,,,,SQL,
,,,,JavaScript,Node.js,,PHP,,,SQL,
,,,Java,JavaScript,,,,,,,Groovy
,,C#,,JavaScript,,,,,,,
,,C#,,JavaScript,Node.js,,,,,SQL,VB.NET
,,C#,Java,JavaScript,,,,,,,
C,C++,C#,,,,,,Python,,,
,,,Java,JavaScript,Node.js,,PHP,Python,,SQL,
,,,Java,JavaScript,,,,,,,
C,C++,,Java,JavaScript,,Objective-C,,,,SQL,
,,,,,,,,,,,
,,C#,Java,JavaScript,,,,,,,
,,,,,,,,,,,
,,,,JavaScript,,,,Python,,SQL,
,,C#,,JavaScript,,,,,,,
C,C++,,,,,,,Python,,,
C,,,,,,,,Python,,,Lua
,,C#,,JavaScript,,,,,,,Typescript
,,,,JavaScript,,,PHP,Python,,,
C,C++,,Java,JavaScript,,,,,,SQL,oracle
,,,,,,,,Python,Ruby,SQL,
,,,,,,,,,,,
,,C#,,JavaScript,,,,,,SQL,
,,,,JavaScript,,,PHP,,,SQL,
,,,,JavaScript,,,PHP,,,SQL,
,,,,,,Objective-C,,,,,
,,,,,,,,,,,
,,C#,Java,JavaScript,,,PHP,,,,
,,,Java,JavaScript,,,,,,SQL,
,,,Java,,,,PHP,,,,
,,,Java,,,,,,,SQL,
,,,,JavaScript,,,,Python,,,Scala
,,C#,,JavaScript,Node.js,,,,,SQL,
,,,,JavaScript,,,PHP,,,,
C,C++,C#,,JavaScript,,,,,,SQL,
,,C#,Java,JavaScript,Node.js,,,,,SQL,"VB.NET, VBScript"
,,C#,,JavaScript,,,,,,SQL,
,,,Java,JavaScript,,Objective-C,PHP,,,,
,,,,JavaScript,,,PHP,,Ruby,SQL,
,,,Java,JavaScript,,,PHP,,,SQL,
,,C#,Java,,,,,,,SQL,
C,C++,C#,,JavaScript,,,,,,,
,,,,,,,,,,,
,,,,JavaScript,,,PHP,,,SQL,
C,C++,C#,,JavaScript,Node.js,,,,,,
,,,,JavaScript,,,PHP,,Ruby,,
,,,,JavaScript,,,,,Ruby,SQL,
,,,,,,,PHP,,,,
,,C#,Java,JavaScript,,,,,,SQL,
,,,Java,JavaScript,,,,,,,
,,,,JavaScript,,,PHP,,,SQL,"HTML, CSS"
,C++,,,,,,,Python,,,
,,,Java,,,,,,,,
,,,Java,JavaScript,,,,,,SQL,
,,,Java,JavaScript,,,,,,SQL,
,,,Java,JavaScript,,,,,,,
,,,,JavaScript,,,PHP,,,SQL,
,,,,,,,,,,,
C,C++,,Java,JavaScript,Node.js,,,,Ruby,SQL,
,,,,,,,,,,,
,,C#,Java,,,,,,,SQL,
,,C#,,JavaScript,,,PHP,,,,
,,C#,,JavaScript,,,,,,,JQ
,,,,,,,,,,,
,C++,C#,,JavaScript,,,,,,,
C,,,,,,,,,,,
,,,Java,,,,,Python,,,
,,C#,Java,JavaScript,,,,,,SQL,
,,,Java,,,,,,,SQL,
C,,,,,,,,,,,MATLAB
,,,,,,,,,,,
,,C#,Java,JavaScript,,,,,,SQL,Clojure
,C++,C#,,,,,,,,,
,,,Java,JavaScript,,,,,,SQL,Nolio
,C++,C#,,JavaScript,,,,Python,,,
,,,Java,JavaScript,,,,,,SQL,
,,,Java,JavaScript,,,,,Ruby,SQL,
,,,,,,,,Python,,,
,,C#,,JavaScript,,,,,,SQL,
,,,,,,,,,,,
,,C#,,,,,,,,,
,,,,,,,,,,,
,,,,,,,,Python,,,Pascal
,,C#,,JavaScript,Node.js,Objective-C,PHP,Python,,SQL,
,,,,,,,,,,,R
,,C#,,JavaScript,,,,,,SQL,
C,C++,C#,Java,JavaScript,,,,,,SQL,
,,,Java,JavaScript,,,,,,,
C,C++,,Java,JavaScript,,,PHP,,,SQL,
,,C#,Java,JavaScript,,,,,,SQL,ABAP
,C++,C#,,,,,,,,,
C,,,,,,,,Python,,,
,,,,,,,,,,,
,,C#,,,,Objective-C,,,,SQL,
,,,Java,JavaScript,,,PHP,,,SQL,
,C++,C#,,JavaScript,,,,,,SQL,
,,C#,,,,,,,,,
,,,,,,,,,,,
,,,Java,JavaScript,,,PHP,,,SQL,
,,,Java,,,,,,,,ActionScript
,,,Java,,,,,,,SQL,
,,,,JavaScript,Node.js,Objective-C,PHP,,Ruby,SQL,MongoDB
,,,,,,,,,,,
,,C#,Java,JavaScript,,,,,,,
,,,Java,JavaScript,,,,,,SQL,Polymita BPM
,,C#,Java,,,,,,,SQL,
,,,,,,,,,,,
C,,,Java,JavaScript,,,,,Ruby,,
,,,,,,,,,,,"Go, bash"
,,C#,,JavaScript,,Objective-C,,,,SQL,
,,C#,,,,,,,,SQL,
,,,,,,,,,,,
,,C#,,,,,,,,,
,,,,,,,,,,,
,,C#,,,,,,,,SQL,
,,C#,,JavaScript,,,,,,SQL,
,C++,C#,Java,JavaScript,,Objective-C,PHP,,,SQL,F#
,,C#,,,,,PHP,,,,
,,C#,,JavaScript,,,,,,SQL,
C,C++,,Java,,,Objective-C,,,,,
,,,,JavaScript,,,PHP,,,SQL,Delphi
,,,,JavaScript,,,PHP,,,SQL,
,,,,JavaScript,,,PHP,,,SQL,
,,C#,,,,,,,,SQL,
,C++,,,,,,,,Ruby,,
,,,Java,,,,,,,,
,C++,C#,Java,,Node.js,,,,Ruby,,
C,,,Java,JavaScript,,,PHP,,,SQL,
,,,Java,JavaScript,Node.js,,PHP,Python,Ruby,SQL,
,,C#,Java,JavaScript,,,,,,SQL,
,,,Java,,,,,,,SQL,
,,,,JavaScript,,,PHP,,,SQL,
,,,,,,,,,,,
,,,Java,,,,,,,,
,,C#,,,,,,,,SQL,
,,,,JavaScript,,,PHP,,,SQL,
,,,,JavaScript,Node.js,,,Python,,,
C,C++,,Java,JavaScript,,,,Python,,SQL,
,,,Java,JavaScript,,,,,,SQL,
C,C++,,,JavaScript,,,PHP,,,SQL,
C,,,Java,JavaScript,,Objective-C,PHP,,,SQL,
,,,Java,JavaScript,,,PHP,,,SQL,
,,C#,,JavaScript,,,,,,,
,C++,,Java,JavaScript,,,,,,SQL,
,,,,JavaScript,,,PHP,,,SQL,
,,C#,Java,,,,,,Ruby,SQL,VBA
C,,,,,,Objective-C,,,,,
,,,Java,,,Objective-C,PHP,,,SQL,
,,C#,,JavaScript,,,,,,,
,,,Java,JavaScript,Node.js,,,,,SQL,
,,,Java,JavaScript,,,,,,SQL,
,,C#,Java,JavaScript,,,,,,SQL,
,,,Java,JavaScript,,,PHP,,,SQL,
,,C#,Java,JavaScript,,,,,,SQL,
,,,,JavaScript,,,PHP,,,SQL,
,,,Java,,,,,Python,,,
C,C++,,Java,JavaScript,,,,,,SQL,
,,C#,,JavaScript,,,PHP,,,,jQuery
,,,,,,,,,,,jQuery-Mobile
,,,Java,,,,PHP,Python,,SQL,
,,,Java,JavaScript,Node.js,,,Python,,SQL,"clojure, scala"
,,C#,,JavaScript,,,,,,SQL,
,,,,JavaScript,,,,,Ruby,,
,,,Java,JavaScript,,,,,,SQL,
,,,Java,JavaScript,,,,,,SQL,
,,,Java,,,Objective-C,PHP,,Ruby,SQL,
,,,Java,,,,,Python,,,
C,C++,C#,Java,,,,,,,,Assembly
,,C#,,,,,,,,SQL,
C,C++,C#,,JavaScript,Node.js,Objective-C,,,,SQL,
,,,Java,JavaScript,,,,,,,
,,,,,,,,,,,
,,C#,,,,,,,,,
,C++,,,JavaScript,,,PHP,,,SQL,
,,,Java,JavaScript,,,,,,SQL,AngularJS
,,,,JavaScript,Node.js,Objective-C,,,,,
,,,,,,,,,,,
,,,,JavaScript,,,PHP,,,SQL,
,C++,,Java,,,,,,,,
,,,,JavaScript,,,PHP,Python,,SQL,
,,C#,,JavaScript,,,,,,SQL,
,,,,,,,,,,,
,,C#,,JavaScript,,,,,,SQL,VB Script
,C++,,,JavaScript,,,,Python,Ruby,,
,,,,,,,,,,,
,,,,,,,,,,,
C,C++,,,,,,,,,,LISP
,,C#,,,,,,,,,
,,,,,,,,,,,
C,,,,JavaScript,,,,Python,,,
,,C#,,JavaScript,Node.js,,,,,SQL,
,,C#,Java,JavaScript,,,,Python,,SQL,
,,,Java,JavaScript,,,,,,,
,,,,,,,,Python,,,
,C++,,,JavaScript,,,PHP,,,SQL,
,,C#,,,,,,,,SQL,
C,C++,C#,Java,JavaScript,Node.js,Objective-C,,,,,
,,,,,,,,Python,,SQL,VBA
,,C#,,JavaScript,,,,,,SQL,
,,,,,,,,,,SQL,MATLAB
,,,Java,,,,,Python,,,
,,C#,,JavaScript,,,,,,SQL,
,,C#,Java,,,,PHP,,,,HTML / CSS
,,,,JavaScript,,,PHP,,,SQL,
,,,Java,,,,,,,SQL,
,,,,,,,,,,,
,,C#,,JavaScript,,,,Python,,,
C,,C#,,,,,,,,,
,,,Java,JavaScript,,,PHP,,,SQL,
,,C#,,JavaScript,,,,,,SQL,
C,,C#,,JavaScript,Node.js,,,Python,,,
,,C#,,JavaScript,,,,,Ruby,,T-SQL
,,,Java,,,Objective-C,,,,,
,,C#,,,,,,,,SQL,Subversion
C,C++,,,JavaScript,,,PHP,,,SQL,
,,C#,,,,,,,,SQL,
,,C#,Java,JavaScript,,,,,,SQL,
,C++,,Java,JavaScript,,,,,,SQL,
,,,Java,,,Objective-C,PHP,,,SQL,
C,,,,,,Objective-C,,,,,
C,C++,,,JavaScript,,,PHP,,,SQL,
,,,Java,,,,,,,,
,,,,,,,,,,,
,,,Java,,,,,,,,"HTML,CSS"
C,C++,,,,,,,,,,Tcl
,,C#,,,,,,Python,,SQL,"Excel VBA, Matlab"
,,,,,,,PHP,,Ruby,SQL,
,,C#,,,,,,Python,,SQL,"Delphi, VB.Net"
C,,C#,,,,,PHP,,,,
C,,,Java,,,,,,,,
C,C++,,,,,,,,,,
,,C#,,JavaScript,,,,,,SQL,
,,C#,,JavaScript,,,,,,SQL,
C,,,Java,JavaScript,Node.js,,PHP,Python,Ruby,SQL,
C,C++,,Java,,,,,,,,
,,C#,,JavaScript,,,,,,,
,,,Java,JavaScript,,,,,Ruby,SQL,
,,,,JavaScript,,,PHP,Python,,,
,,,Java,,,Objective-C,,,,,
C,,,,,,,,,,,VB.NET
,,,Java,,,,,,,,
,,,Java,JavaScript,,,PHP,Python,,,
,,,Java,JavaScript,,,PHP,,,SQL,Groovy
,,C#,,,,,,,,,
,,,,,,,,,,,Verilog
,,,,,,,,,,,
,,,,JavaScript,,,PHP,,,,
,,C#,,,,,,Python,,,
,,C#,,JavaScript,,,,,,SQL,
,,,,,,,,,,,
,,,,,,,,,,SQL,
,,C#,,,,,,,,,"MATLAB, LabVIEW"
C,,,Java,JavaScript,,,PHP,,Ruby,SQL,
,,C#,,JavaScript,,,,,,,
,,,,,,,,Python,,,
,,C#,Java,JavaScript,,,,,,SQL,
,,,Java,,,,,,,SQL,
,,C#,,JavaScript,,,,,,SQL,
C,,,Java,JavaScript,Node.js,,PHP,,,,
,,C#,,JavaScript,,,,,,SQL,
,,,,,,,,Python,Ruby,,
,,C#,Java,JavaScript,,,PHP,,Ruby,SQL,
C,,,Java,,,,,Python,,,
,,C#,,JavaScript,,,,,,SQL,
,,,,JavaScript,,,,Python,,SQL,
C,C++,,,,,,PHP,,,SQL,vb.net
,,,,,,,,,,,
,,,,JavaScript,,,PHP,,,SQL,
,,,Java,,,Objective-C,PHP,,,SQL,
,C++,C#,,,,,,,,SQL,
,,,Java,,,,,,,,
,,C#,,,,,,,,,
,,,,,,,,,,,
,,,Java,JavaScript,,,,,,SQL,
,,C#,,,,,,,,SQL,
,,,,JavaScript,,Objective-C,,,,,
,,,Java,JavaScript,,,,,,SQL,
,,C#,,,,,,,,,
,,C#,,JavaScript,,,,,,SQL,
C,C++,C#,,,,,,,,,
,,C#,,,,,,,,SQL,
,C++,C#,,,,,,,,,
,,,Java,,,,,Python,,SQL,Scala
,,C#,,JavaScript,,,,,,SQL,
,,C#,,JavaScript,,,,,,,
,,,Java,,,,PHP,,,,
,,C#,Java,JavaScript,,,,,Ruby,,
,,C#,Java,,,,,,,SQL,
,,,,,,,,,,,
,,,,,,,,,,,
C,,,Java,JavaScript,,,,,,,
,C++,,Java,,,,,,,,
,,,,JavaScript,,,PHP,,,SQL,
,,,,,,,,,,,
,,C#,,,,,,,,SQL,
,,,,,,,,,,,
C,C++,,,,,,PHP,,,SQL,
C,,,Java,,,Objective-C,,,Ruby,SQL,
,,,Java,JavaScript,,,,,,SQL,
C,,C#,,JavaScript,,,PHP,Python,,SQL,
,,,,JavaScript,,,PHP,,Ruby,SQL,
,,,,,,,,,,,
,,,,,,,,,,,
,,,,,,,,Python,,,Haskell
,,,,,,,,,,,
,,,,,,,,,,,
,,,Java,JavaScript,,,,,,SQL,
,,C#,,JavaScript,,,,,,SQL,
C,C++,,Java,,,,,Python,,SQL,
,,C#,,,,,,,,,"nant, powershell"
C,,,,JavaScript,,Objective-C,,Python,,,"HTML, CSS"
,,,Java,JavaScript,,,,,,SQL,Asp.net
C,C++,,Java,,,Objective-C,,,,,
,,C#,Java,JavaScript,,,,,,SQL,
C,C++,,Java,,,Objective-C,,,,,
,,C#,,JavaScript,,,,Python,,,
,,,,,,,,,Ruby,,
,,,Java,JavaScript,,,PHP,,,SQL,
,,,,,,,,,,,R
,,C#,Java,JavaScript,,,PHP,,,SQL,
,,,Java,,,,,,,,
,,,Java,,,,,Python,,,
,,C#,Java,JavaScript,Node.js,,,Python,,SQL,Scala
,,,,,,Objective-C,,,,SQL,
,,,,JavaScript,,,,,,,"html, css, jquery"
,,,,,,,,,,,
C,C++,,Java,JavaScript,,,,,,,
,,,,,,,,,,,
,,,Java,,,,,,,,Android
,,,Java,,,,,,,,
,,,,,,,,,,,
,,,Java,JavaScript,,,PHP,,,SQL,
,,C#,,,,,,,,,
,C++,,Java,,,,,,,SQL,
,,,,JavaScript,,,PHP,,,SQL,
,,C#,Java,JavaScript,,,,,,,
,,,Java,,,,,,,SQL,
,,,Java,,,,,,,SQL,
,C++,C#,Java,,,,,Python,,,
,,,,,,,PHP,,,,
,C++,C#,,JavaScript,,,,,,SQL,
,,,Java,JavaScript,,,,,,SQL,
,C++,,,,,,,Python,,,
,,,Java,JavaScript,,,,,,SQL,
C,,,,,,,,,,,
,,C#,,JavaScript,,,,,,SQL,
,,C#,,JavaScript,,,,Python,,SQL,
,,C#,,,,,,,,SQL,
,,C#,,JavaScript,,,,,,,
,,C#,,JavaScript,,,,,,SQL,vb.net
,,,,JavaScript,,,PHP,Python,,SQL,
,,C#,,JavaScript,,,,,,SQL,
,,C#,Java,JavaScript,,,,,,SQL,
,,,,,,,,,,,
,,C#,,,,,,,,,WPF
,,,,,,,,,,,
,,C#,,JavaScript,,,,,,SQL,Birst BI
,,,,,,,,,,,
,,,Java,JavaScript,,,,,,SQL,
,,C#,Java,,,,,Python,,,
,,,Java,JavaScript,,,,,,SQL,
,,,,JavaScript,,,,Python,,,
,,,,,,,,,,,
,,,,JavaScript,,,,,,SQL,vb.net
,,C#,,JavaScript,Node.js,,,,,,
,C++,C#,Java,JavaScript,,Objective-C,,,,SQL,
,,C#,,JavaScript,,Objective-C,,,,SQL,
,,,,,,,,,,,
,,,,,,,PHP,,,SQL,
,,,,,,,,,,,
,,,Java,JavaScript,,,PHP,,,,Wordpress
C,C++,,Java,,,,,,,,perl
,,C#,,,,,,,,SQL,
,,,,,,,,,,,
C,C++,,,,,,,,,,
,,,Java,,,,,,,,JSF
C,,,Java,JavaScript,,,PHP,,,SQL,javafx
,,,Java,JavaScript,,,,,,SQL,
,C++,,Java,,,,,,,,
C,C++,,,,,,,,,,
,,C#,Java,JavaScript,,,,,,SQL,
C,,,,,,,,Python,,,
,,,Java,JavaScript,,,PHP,Python,,SQL,"Hadoop, MongoDB,Hbase"
,,C#,,,,,,,,SQL,
,,,,,,,,,,,
,C++,,,,,,,Python,,,Haskell (in spare time)
,,,Java,JavaScript,,,,,,,
,,,Java,,,,,,,SQL,"Perl, XSLT"
,,,Java,,,,,,,,
,,,,,,,,,,,
,,,Java,,,,,,,,
,,C#,,,,,,,,SQL,
,,,,JavaScript,,Objective-C,,Python,Ruby,,
,,,Java,JavaScript,,,,,,,
,C++,C#,,,,,,,,,
,,,,,,,,Python,,,
,,,,,,,,,,,
,,,Java,JavaScript,,,,,,,
C,C++,C#,Java,JavaScript,,,,,,,
C,C++,,Java,,,,,,,,
,,C#,Java,,,,,,,SQL,
,,C#,,JavaScript,,,,,,SQL,JQuery
,,,Java,,,Objective-C,,,,SQL,PL/SQL
,,,,,,,,,,,
C,C++,,,,,Objective-C,,,,,
,,C#,,JavaScript,,,,,,SQL,
,,,,,,,,Python,,,Haskell
,,,,,,,,,,,Delphi
,,,,,,,,,,SQL,
,,,Java,JavaScript,,,,Python,,,
,,,Java,,,,,Python,,,
,,,,JavaScript,Node.js,,PHP,,Ruby,SQL,
,,,Java,JavaScript,,,,,,,
C,C++,,,,,,,Python,,,
,,,Java,,,,,,,,
,,,,,,,,,,,
,,C#,,,,,,,,,
,,,,,,,,Python,Ruby,SQL,
,C++,C#,,JavaScript,,,,Python,,SQL,
,,C#,Java,JavaScript,,,,,,,
,,,,,,,,,,,
,C++,C#,,JavaScript,,,,,Ruby,,
,,,,JavaScript,,,,,,,Shell Script
,,C#,Java,JavaScript,,,PHP,,,SQL,
,,,,,,Objective-C,,,,,
C,,,Java,,,,,,,,
,,C#,,JavaScript,,,,,,SQL,
,,C#,,JavaScript,,,,,,SQL,
C,C++,,,,,,,,,,
,,,Java,,,,,,,SQL,Android Framework
,,C#,Java,,,,,,,SQL,Visual Basic
,,,,,,,,,,,
,,,Java,JavaScript,,,,,,SQL,Perl
C,,,,JavaScript,,,,Python,,,
,,,Java,JavaScript,Node.js,,PHP,,,,
,,,,JavaScript,Node.js,,PHP,Python,,SQL,
,,C#,,JavaScript,,,,,,,WPF EF .NET VB.NET
,,C#,,JavaScript,,,,,,SQL,
,,,,,,,,Python,,SQL,
,,,Java,JavaScript,Node.js,Objective-C,PHP,,Ruby,,
,,,,,,,,,,,Verilog
,,,Java,,,,,,,,php
,,C#,Java,JavaScript,,,,Python,,SQL,
,,C#,,JavaScript,,,,,,,
,,,Java,JavaScript,,,PHP,Python,,,Go
,,,,,,,,,,,
,C++,C#,,,,,,,,,
,,,,JavaScript,Node.js,,PHP,,,SQL,
,,C#,,JavaScript,,,PHP,,,,
,,C#,,,,,,,,SQL,F#
,,,Java,,,,,Python,,SQL,
,,,Java,JavaScript,,,,,,SQL,Clojure
,,,,,,,,,,,
C,C++,,,JavaScript,,Objective-C,PHP,,,,
,,,,,,,,,,,
,,C#,,JavaScript,,,,,,,
,,,Java,,,,,,,,
,,C#,,,,,,,,SQL,
,,,,,,,PHP,Python,Ruby,SQL,
C,C++,,Java,,,,,,,,
,,,,JavaScript,,,PHP,,,,Perl
C,C++,,Java,,,,,Python,Ruby,,Lua
C,C++,,Java,,,,,,,,
,,,Java,JavaScript,,,,,,,Scala
,C++,,,,,,,,,,"Lua, XSLT"
,,,,,,,,Python,,,perl
,,,,,,,,Python,,SQL,
,,C#,Java,,,,,,,,
,,,,,,,,,,,
,,C#,,,,,PHP,,,,
,,C#,Java,JavaScript,,,,Python,,SQL,
,C++,C#,,,,,,Python,,SQL,
C,,C#,Java,JavaScript,Node.js,Objective-C,PHP,Python,Ruby,SQL,Perl
C,,,Java,,,,,Python,,,
,,,Java,JavaScript,,Objective-C,PHP,Python,,SQL,
,,,,JavaScript,,Objective-C,PHP,,,SQL,
,,,,,,,,,,,
C,,,,,,,PHP,Python,,,
C,C++,,,,,,,Python,,,ActionsScript
,,,Java,,,,,,,SQL,Perl
,,,Java,,,Objective-C,,,,,
,,,,,,,,,,,
,,C#,Java,,,,,,,SQL,
,C++,,,JavaScript,,,PHP,,Ruby,SQL,
,,,Java,JavaScript,,,PHP,,,SQL,gwt
C,C++,C#,Java,JavaScript,,,,,,SQL,
,,C#,,JavaScript,,,,,,SQL,"scala, Powershell"
,C++,C#,Java,JavaScript,,,,,Ruby,,
,C++,C#,,JavaScript,,,,,,SQL,
,,,Java,JavaScript,,,,,,,
,,,,,,,,,,,
,C++,,,,,,,Python,,SQL,
,,,,,,,,,,,
,,,,,,,PHP,,,,
C,C++,,Java,,,Objective-C,,,,SQL,
,,C#,,,,,,,,SQL,vb6
,,,,JavaScript,,,,Python,Ruby,SQL,
C,,,,JavaScript,,,PHP,,,SQL,
,,C#,,JavaScript,,,,,,SQL,
,,,,JavaScript,Node.js,,,,,,
C,C++,C#,Java,JavaScript,,,,,,SQL,"j2ee, oracle"
,,C#,,JavaScript,,,,,,SQL,
,,,Java,JavaScript,,,,Python,,SQL,
C,C++,,Java,JavaScript,,,PHP,,,SQL,
,,,,,,,,Python,,,
C,,,Java,,,,,Python,,,Javafx
,,,,,,,,Python,,,
,,C#,,,,,,,,,
,,,Java,,,,,,,SQL,
,C++,C#,Java,JavaScript,,,,Python,,,
C,C++,C#,Java,JavaScript,,,,,,,
,,C#,Java,JavaScript,,,,,,SQL,Scala
,,,,JavaScript,,,PHP,,,SQL,"html,css"
,,,Java,JavaScript,,,PHP,,,SQL,Standard ML
C,,,Java,,,Objective-C,,,,,
,,C#,,JavaScript,,,,,,,
,,,,JavaScript,,,,,Ruby,SQL,
,,,,JavaScript,,,PHP,,,SQL,
,,C#,,,,,,,,,
,,C#,,JavaScript,,,PHP,,,SQL,Dynamics CRM
,,,,,,Objective-C,,,,,
C,,,,,,Objective-C,PHP,,,,
,,,Java,JavaScript,,,,,,,
,,,,,,,,,,,R
,,,Java,JavaScript,,,,,,,
,,,,JavaScript,,,PHP,,,SQL,
C,C++,,,,,,,Python,,,
,,,,JavaScript,,Objective-C,,Python,,,Delphi
C,,,,,,,,,,,
,C++,,Java,,,,PHP,,,,
,,C#,,,,,,,,SQL,
,,,,JavaScript,,,PHP,,,SQL,
,C++,,,,,,,Python,,SQL,
,,,,,,,,,,,
,,,Java,,,,,,,,
,,,,JavaScript,,,,Python,,,Fortran
,,C#,,,,,,,,,
C,C++,C#,Java,JavaScript,,,PHP,Python,,SQL,
,,,,JavaScript,,,PHP,,,SQL,
,,,,,,,,,,,
C,C++,,Java,JavaScript,,,,,Ruby,,
,,,Java,JavaScript,,,,,,SQL,
,,,Java,JavaScript,,,,,,,
,,,,JavaScript,,,,,,,Scala
C,C++,,,JavaScript,,,PHP,,,SQL,
,,,,JavaScript,Node.js,,PHP,,,SQL,"Redis, HTML"
C,C++,C#,Java,,,,,,,,
,,,Java,,,,,,,,
,C++,,Java,JavaScript,,Objective-C,PHP,,,SQL,
,,,Java,,,,,,,,scala
,,,,JavaScript,,,,,Ruby,SQL,Perl
,,C#,,JavaScript,,,,,,,
,,,,,,,,Python,,,
C,,,Java,,,,PHP,Python,,SQL,
,C++,C#,,JavaScript,,,,,,SQL,
,,C#,,,,,,,,,
,C++,C#,,,,,,,,SQL,Delphi
,,C#,,JavaScript,,,,,,SQL,
,,,,JavaScript,,,,,,SQL,PL/SQL
,,C#,Java,,,,,,,SQL,
,,,,,,,,Python,,SQL,VB.NET
C,C++,C#,,,,,,,,,
,,C#,,JavaScript,,,PHP,,,SQL,
,,,,,,,,,,,
C,,C#,,,,,,,,SQL,
,,,,,,,,,,,Android
,,C#,,JavaScript,,,,,,SQL,
,,,Java,,,,,Python,Ruby,,
,C++,,Java,,,,,,,SQL,
C,C++,,,JavaScript,,Objective-C,,,,SQL,
,,,Java,,,,,,,,
C,C++,,,JavaScript,,,PHP,,,SQL,
,,C#,Java,JavaScript,Node.js,Objective-C,PHP,Python,Ruby,SQL,
,,,Java,JavaScript,,,,Python,,SQL,
,,,,JavaScript,,,PHP,,Ruby,SQL,
,C++,C#,,,,,,,,,
C,C++,,Java,JavaScript,,,,,Ruby,SQL,
,,C#,,JavaScript,,,PHP,,,SQL,
,,,,JavaScript,,,,Python,,SQL,bash
C,,C#,,JavaScript,Node.js,,,,,SQL,
,,C#,,,,,,,,SQL,
,,C#,,,,,,,,,vb.net
,,,,JavaScript,,,PHP,,,,CSS
,C++,,,,,,,Python,,,
,,C#,,,,,,,,,
,,,,JavaScript,,Objective-C,,Python,Ruby,SQL,"clojure, coffeescript"
,,,,,,,,Python,,SQL,
,,,,JavaScript,,,PHP,,,,
,,,,,,,,,,,
,C++,C#,Java,JavaScript,,,PHP,Python,,SQL,Perl
,,,Java,,,,,,,SQL,
,,,,JavaScript,,,PHP,,,SQL,
,,C#,Java,,,,,,,SQL,
C,,,,JavaScript,,,,Python,,,
,,,Java,,,,,Python,,,
C,,C#,,JavaScript,,,,,,SQL,
,C++,,Java,JavaScript,,,,Python,Ruby,,
,,,Java,JavaScript,,,,Python,,SQL,
,,,,,,,,,,,
,,C#,Java,JavaScript,,,,,,SQL,
,C++,,,,,,,Python,,,"LaTeX, emacs lisp"
,,,,,,,,,,SQL,PL/SQL
C,,,,JavaScript,Node.js,Objective-C,PHP,Python,,,
,,C#,,JavaScript,,,,,Ruby,SQL,
,,,Java,,,,PHP,,,SQL,
C,,C#,,JavaScript,,,,,,SQL,VBScript
,,,,,,,,Python,,SQL,assembler
,,,Java,JavaScript,,Objective-C,,,,,
C,,,Java,,,Objective-C,,,,,
,,,,,,,,,,,
,,,Java,,,,PHP,,,SQL,
,,C#,,,,,,,,,
,,,Java,JavaScript,,,,,,SQL,
,,,Java,JavaScript,,,,,,SQL,
,,C#,,JavaScript,Node.js,,,Python,,SQL,CoffeeScript
,,C#,,JavaScript,Node.js,,,,,SQL,
,,C#,,,,,,,,,vb.net
C,C++,C#,Java,JavaScript,,,,Python,,SQL,
,,,,JavaScript,,,,Python,,SQL,
,,,Java,JavaScript,,,,Python,,,Groovy
,C++,,,,,Objective-C,,Python,,,
,C++,,Java,,,,,Python,,,
,,,,JavaScript,Node.js,,PHP,Python,Ruby,SQL,
,,,,JavaScript,,,PHP,Python,,SQL,
,C++,,,JavaScript,,,,,,,
,,,,JavaScript,,,PHP,,Ruby,SQL,
C,C++,C#,Java,JavaScript,,,PHP,Python,,SQL,
,,C#,,JavaScript,,,,,,SQL,
,,,,JavaScript,,,PHP,,,SQL,
,,C#,,JavaScript,,,,,,,
,,C#,,JavaScript,,,PHP,Python,,SQL,
,,,Java,JavaScript,,,,,,,
,,,,,,,,,,,
,,,,JavaScript,,,,Python,,SQL,
,,C#,Java,,,,,,,,
,,,,,,,,,,,
,,,,JavaScript,,,PHP,,,,
,,C#,,,,,,,,,
,,,Java,,,,PHP,,,,
,,,,,,,,Python,,,
C,C++,,,JavaScript,,,,,Ruby,SQL,
,,,Java,JavaScript,,,PHP,,,SQL,
,,,,JavaScript,,,,,Ruby,,
,,,Java,,,,,,,,ActionScript
,C++,,,,Node.js,,PHP,,,,
C,C++,,Java,,,,,,,,
,,C#,,JavaScript,,,,,,,
C,C++,,Java,JavaScript,Node.js,Objective-C,PHP,Python,Ruby,SQL,HTML/CSS
,,C#,,JavaScript,Node.js,,,,,SQL,
C,,C#,Java,JavaScript,,,,Python,,,
,,C#,,,,,,Python,,SQL,
,,C#,,JavaScript,,,,,,,
,,,,,,,,,,,
,,,,JavaScript,,,PHP,Python,,,
,,C#,,JavaScript,,,,,,SQL,
,,,,,Node.js,Objective-C,PHP,,,,
,,C#,,,,,,,,SQL,
C,C++,,Java,,,,,Python,,,
,,,,,,,,,,,
,,,,,,,,,,,
,,,Java,JavaScript,,,PHP,Python,Ruby,SQL,
,,,,,,,,,,,Delphi
,,,,,,,,,,,
,,C#,,JavaScript,,,,,,,
,C++,,Java,,,,,Python,,SQL,
,,,Java,JavaScript,,Objective-C,PHP,,,SQL,jQuery
C,C++,C#,,JavaScript,,,,Python,,SQL,
,,C#,,,,,,,,SQL,
,,,Java,JavaScript,Node.js,,,Python,Ruby,SQL,
,C++,C#,Java,JavaScript,,Objective-C,PHP,Python,,SQL,
,C++,,Java,,,,,,,,
,,,Java,JavaScript,Node.js,,,Python,Ruby,SQL,
,,,,JavaScript,Node.js,,PHP,,Ruby,SQL,
,C++,,,JavaScript,,,,Python,,,
,,,,JavaScript,,,PHP,,,SQL,
,,,,,,Objective-C,,,,,
,,,,,,,,,,,
C,C++,,Java,JavaScript,Node.js,Objective-C,,,,,
,,,Java,JavaScript,,,,,,SQL,
,,,,JavaScript,,,,,,SQL,ASP/VBScript
,,C#,,JavaScript,,,,,,SQL,
,,,Java,JavaScript,,,PHP,,,,
,,,,,,,,Python,,,
,C++,,,JavaScript,,,,Python,,,basic .net
,,,Java,,,,,Python,,,
C,C++,,,,,,,Python,,,FORTRAN
,,,Java,JavaScript,,,,,,SQL,
,,,,,,,,,,,
,,,,,,,,,,,COBOL
,,,Java,JavaScript,Node.js,,,,,SQL,
,,,,,,,,,,,
,,C#,,JavaScript,Node.js,,,,,,
,,C#,,,,,,,,,Lisp
,,C#,Java,JavaScript,,Objective-C,,,Ruby,,
,,,Java,JavaScript,,,,,,,
,,C#,,JavaScript,,,,,,SQL,
,,,,JavaScript,,,PHP,Python,,,
,C++,,,,,,,,,,
C,C++,,Java,,,Objective-C,,,,,
C,C++,C#,,,,,,,,SQL,
,,,,,,,,,,,
,C++,C#,,,,,,,,,
,,,,,,,,Python,,SQL,
,,,Java,,,,,,,,
,,,Java,JavaScript,,,,,Ruby,SQL,
,,C#,,,,,,,,SQL,VBA
,,C#,,,,,,,,SQL,powershell
,C++,C#,,,,,,,,,
,,,,,,,,,,,
,,C#,,,,,,,,SQL,
,,,Java,JavaScript,,,,Python,,SQL,
C,,,,JavaScript,,Objective-C,,,,,
C,,C#,Java,JavaScript,,,PHP,Python,,SQL,
,,,,JavaScript,,,,,,,
,,C#,,,,,,,,SQL,Microsoft BizTalk
,,,,,,,,,,,
,,,,,,Objective-C,,Python,Ruby,,
,,,,JavaScript,,,PHP,Python,,SQL,
,C++,,Java,,,,,Python,,,Go
,,,Java,,,,,Python,,,lua
,C++,,,,,,,Python,,,
,,,,,,,,,,,
,,,,JavaScript,Node.js,,,,Ruby,SQL,
,,,,JavaScript,,,PHP,,,SQL,
,,,,,,,,,,,
,,,,,,,,,,,
,,C#,,JavaScript,,,,,Ruby,SQL,
,,C#,,JavaScript,,,,,,SQL,
C,C++,,Java,,,,PHP,Python,,SQL,
,,,,,,,,,,,
,,,,JavaScript,,,PHP,,,,
,,,,,,,,,,SQL,
,,C#,,JavaScript,,,,,,,
C,C++,,,,,,,Python,,,
,,,Java,,,,,Python,,SQL,Mongo
,,C#,,JavaScript,,,,,,SQL,
,,C#,,JavaScript,,,,,,SQL,Groovy
,,C#,Java,,,,,,,,
,,,,,,,,,,,
,,C#,Java,JavaScript,Node.js,,,Python,,SQL,
,,,,,,,,Python,,,matlab
,,,Java,JavaScript,,,PHP,Python,,,
,,,Java,JavaScript,,,,,,,Processing
,C++,,,,,,,,,,
C,,,Java,,,Objective-C,,Python,,,Ur/Web
,C++,C#,,,,,,,,,
C,,,,,,,,,,,"Perl, ARM"
,,,,JavaScript,,,PHP,,,SQL,
,,,,,,,,,,,
,C++,C#,,JavaScript,,,,,,SQL,"html, css3, jquery"
,,,Java,JavaScript,,,PHP,Python,,SQL,
,,,,,,,,,,,
C,C++,C#,Java,JavaScript,,Objective-C,PHP,,,SQL,
,,C#,,JavaScript,,,,,,SQL,
,,,,,,,,,,,
C,C++,C#,Java,JavaScript,,,,Python,,SQL,Bash
C,C++,C#,,,Node.js,,,,,SQL,
,,C#,Java,JavaScript,,,,,,SQL,
,,C#,,JavaScript,,,PHP,,,SQL,
C,C++,,Java,JavaScript,,,,Python,,,
,,,Java,JavaScript,,,PHP,,,SQL,
,,,,JavaScript,,,,,Ruby,SQL,Groovy
,,C#,Java,JavaScript,,,PHP,Python,,SQL,
,,,,,,,,,,,
,,,,,,,,,,,
,,,Java,JavaScript,,,PHP,,,SQL,
,,,,,,,,,,SQL,Scala
C,,,,JavaScript,,,,Python,,SQL,
C,,C#,,,,,,Python,,,Assembly
,C++,C#,,,,,,,,SQL,
,,,,JavaScript,Node.js,,PHP,,,SQL,
C,,,,,,,,Python,,,SAS
,,,,JavaScript,Node.js,,,Python,,,
,,,Java,JavaScript,,,,,,,
,,C#,,JavaScript,,,,,Ruby,SQL,
C,C++,C#,,JavaScript,,,,,,,Xslt
,C++,,,JavaScript,,,PHP,Python,Ruby,,
C,C++,,Java,,,,,Python,,SQL,
,,,,,,Objective-C,,,,,
,,,,JavaScript,,,PHP,,,SQL,
,,,Java,JavaScript,,,,,,,ACTIONSCRIPT
C,C++,,,,,,,,,,
,,,Java,,,,,,,,
,,,,JavaScript,,,,Python,,SQL,
C,C++,C#,Java,JavaScript,Node.js,Objective-C,PHP,Python,Ruby,SQL,Lua
C,,,Java,JavaScript,Node.js,,,Python,,,
,,,,,,,,,,,
,,C#,,JavaScript,,,,,,SQL,
,,,Java,JavaScript,Node.js,Objective-C,,,Ruby,SQL,
,,C#,,JavaScript,,,,,,SQL,ASP.NET
,C++,C#,Java,JavaScript,Node.js,,,,Ruby,,
C,,,,,,,,,,,assembly
,,,Java,,,,,,,,Flex
,,,,,,,PHP,,,,
C,C++,,Java,,,Objective-C,PHP,Python,,,
,,,Java,JavaScript,,Objective-C,,,,,
,,,,,,,,,,,
,,,,JavaScript,,,,,Ruby,SQL,
,,,,,,,,,,,
,,,,,,,,,,,
C,,C#,Java,JavaScript,,,,Python,,SQL,
,,C#,Java,JavaScript,,,,,,SQL,
,,C#,,,,,,,,SQL,
,,,Java,JavaScript,,,PHP,,Ruby,SQL,
,,,,,,,,Python,,,"Perl, Haskell"
,,,,,,,,,,,
,,,,,,,,,,,
,,C#,,JavaScript,,,,,,SQL,
,,,,,,,,,,,
,,C#,,JavaScript,,,,,,,
,,,,,,Objective-C,,,,SQL,Visual Basic
C,,,,JavaScript,,,,,Ruby,,
C,C++,,,,,,,Python,,,
,,,,,,,,,,,
,,C#,,,,,,,,,
,,,,,,,,,,,
,,,Java,JavaScript,Node.js,,PHP,,Ruby,,
,,,Java,JavaScript,Node.js,,,Python,,SQL,
,,,,JavaScript,,,,,,,PASCAL = DELPHI
,,,,JavaScript,,,PHP,,Ruby,SQL,
,,,,,,,,Python,Ruby,SQL,"TCL, Go"
C,,,Java,JavaScript,,Objective-C,,,,,
,,,,,,,,,,,R
,,C#,Java,JavaScript,,,,,,,
,,C#,,JavaScript,,,,,,SQL,
,,,,,,,,Python,,,
,,C#,,JavaScript,,,,Python,Ruby,SQL,
C,,,,,,,,Python,,SQL,assembly
,C++,C#,Java,,,,,,,SQL,
,,,,,,,,,,,
,,,,JavaScript,,,PHP,,,,
,,,,,,Objective-C,,,,,
C,,,Java,,,Objective-C,,,Ruby,,
,,,,JavaScript,,,,,Ruby,SQL,
,,,,,,,,,,,
,C++,,Java,,,,,,,,
,,C#,,JavaScript,,,,,,SQL,
,,,,,,,,,,,
,,C#,,JavaScript,,,,,,SQL,
,,,,JavaScript,,,,,Ruby,,Scala
,,,,,,,PHP,Python,,,
,,C#,,JavaScript,Node.js,,,Python,,SQL,
,,C#,,JavaScript,,,PHP,,,SQL,
,,,,JavaScript,,,PHP,,,,
C,,,,,,Objective-C,PHP,,Ruby,,
,,,,JavaScript,Node.js,,,,,,
,,,,,,,,,,,
,,,Java,JavaScript,,Objective-C,,,,,
,,,Java,JavaScript,,,,,,,Perl
C,C++,,,JavaScript,,,PHP,,,SQL,
,,,,,,,,Python,,,
,,C#,,,,,,,,SQL,
,,,,,,,,,,,
,,,,,,Objective-C,PHP,,,SQL,
C,C++,C#,,,,,,,,,
,,,Java,JavaScript,,,,Python,,SQL,
,,,,JavaScript,,,,,,,
,,,Java,JavaScript,,,PHP,,,,
C,C++,C#,,,,,,,,SQL,
,,,Java,JavaScript,,Objective-C,PHP,,Ruby,SQL,
,,,,,,,,Python,,SQL,
,,C#,,JavaScript,,,,,,SQL,
,,,,JavaScript,,,PHP,,,SQL,
,,,,,,,,Python,,SQL,
,,,Java,,,,,Python,,,Perl
,,,,,,,,,,,
,C++,,,,,,,,,,
,,C#,,JavaScript,,,PHP,,,SQL,AIR
,,C#,,,,,,,,SQL,VBA
,,C#,Java,,,Objective-C,,,,SQL,
C,,,,,,,,,,,"Verilog, assembler"
,,,,JavaScript,,,,Python,,SQL,
,,,Java,JavaScript,,,PHP,Python,,SQL,"eclipse,gwt, maven, hudson, xwiki, Typo3, Alfresco, Apache"
,,,,,,,PHP,,,,
,,,,JavaScript,Node.js,,PHP,,,SQL,
,,,,,,,,,,,Go
C,C++,,,,,,,Python,,,
C,,,,,,,,,,,
,,C#,,,,,,,,SQL,
,,,,JavaScript,,,,,,SQL,
,,,,JavaScript,Node.js,,PHP,Python,,,Go
,,C#,,JavaScript,,,,,,SQL,NoSql
,,,Java,JavaScript,,,,,,SQL,
,,C#,,JavaScript,,,,,,SQL,
,C++,C#,,,,,,,,,
,,,,JavaScript,,Objective-C,PHP,,,SQL,
,,,,JavaScript,,,,Python,,,
,,,,,,,,Python,,,
,,C#,Java,,,Objective-C,,,,,
C,,,,,,,,Python,,,
,C++,C#,,,,,,,,,
,,C#,,JavaScript,,,,,,SQL,
,,,Java,,,,,,,,
,C++,,,,,,,,,,Python
,,,Java,,,Objective-C,,Python,,SQL,
,,C#,Java,,,,,,,SQL,
,,,Java,JavaScript,,,,,,SQL,Ember
,,,,JavaScript,,,PHP,,,SQL,
,,,Java,JavaScript,,,PHP,Python,,SQL,Haskell
,,,Java,JavaScript,,,,,,,ASP
,,,Java,,,,,,,SQL,
,,,Java,JavaScript,Node.js,,PHP,,,SQL,
,,,,JavaScript,,,PHP,Python,,SQL,
,,,,,,,,,,,
C,,C#,Java,JavaScript,Node.js,Objective-C,PHP,,Ruby,SQL,Clojure
,,,Java,,,,,,Ruby,,
,,,,,,,,,,,
C,,,,,,,,,,,Delphi
,C++,,,JavaScript,,,PHP,,,SQL,
,,,,,,,,Python,,,R
C,C++,,,,,,,Python,,,
,,C#,Java,JavaScript,,,,,,SQL,
,,,,JavaScript,,,PHP,,,SQL,
,,,Java,,,,,Python,,,
,,,Java,JavaScript,,,,,,,
,,,Java,JavaScript,,,,,,SQL,
,,,,JavaScript,,Objective-C,PHP,Python,,,
,,,,,,,,,,,
C,,,,JavaScript,,,PHP,Python,,,Perl
,,,,,,,,,,,
,,,,,,,,,,,
,,,Java,,,,,,,,
C,C++,C#,,,,,,,,,
,,,Java,JavaScript,,,PHP,Python,,SQL,
,,,,,,,,,,,
,,C#,Java,,,,,,,,
,,C#,,,,,,,,SQL,"VBA, R"
,,,,,,,,,Ruby,,
,,C#,,JavaScript,,,,,,SQL,CSS
,,C#,,JavaScript,,,,,Ruby,SQL,
,,C#,,JavaScript,,,,,,SQL,
C,,,,,,,,,,,"Perl, Python, TCL"
,,,,,,Objective-C,,,,,
,,C#,,,,,,,,SQL,vb.net
,,C#,,,,,,Python,,SQL,
,,,,JavaScript,,,,Python,,,
C,,,,,,,,Python,,,SCPI
,,C#,Java,JavaScript,Node.js,,,,Ruby,,
C,C++,,,,,,,,,,
,,,,,,,,,Ruby,SQL,
,,,Java,JavaScript,,,,,,,NoSQL
,,,,JavaScript,,,PHP,,,SQL,
,,C#,,JavaScript,,,,,,SQL,
,,,,JavaScript,,,PHP,,Ruby,SQL,
,C++,C#,,,,,,,,SQL,
,,,,,,,,Python,,SQL,
,,,,,,,,,,,
,,C#,,,,,,,,SQL,
,,,Java,JavaScript,,,,,,,Scala
,,,,JavaScript,,,,,Ruby,SQL,Go
,C++,,Java,,,,,,,SQL,
,,C#,Java,JavaScript,,,,,,SQL,
,,,,,,,,,,,prolog
C,,,,,,Objective-C,,,,,
,,C#,,,,,,,,,F#
,,,,,,Objective-C,,Python,Ruby,,
,,,,,,,,,,,
C,,,,JavaScript,Node.js,,,,,,
,C++,C#,,,,,,,,,
,,,,,,,,,,,MATLAB
C,,,,JavaScript,,Objective-C,,,Ruby,,
,,C#,,,,,,Python,,SQL,Perl
,,,,JavaScript,,,,,,,
,,,,,,,,,,,
,,C#,Java,,,,,,,,
,,C#,,JavaScript,,,,,,SQL,
,,,,,,,PHP,Python,,SQL,F#
,,C#,,,,,PHP,,Ruby,SQL,
C,C++,,Java,,,,,Python,,,
,C++,,,,,,,Python,,,
,,,Java,JavaScript,,,PHP,,,SQL,
,,,,,,,,,,,
,,,,,,,,,,,
,C++,C#,,JavaScript,,,,,,,
,,,Java,JavaScript,Node.js,,,,,,
,,C#,,JavaScript,,,,,,SQL,
C,,,Java,,,,,,Ruby,,"Common Lisp, Prolog, Scheme"
,,C#,,JavaScript,,,,,,SQL,VB.Net
,,,,JavaScript,,,,,,,
,,C#,,JavaScript,,,,,,SQL,
,,C#,,JavaScript,,,,,,SQL,
,,,,JavaScript,,,,,Ruby,SQL,
,,,,,,,,,,,
,C++,C#,,,,,,,,,R
,,,,,,,,,,,
,,,,JavaScript,,,PHP,Python,,,
,,,,JavaScript,,,PHP,,,,haskell
C,,,,,,,,,,,"Perl, TCL/expect"
,,C#,,,,,,,,SQL,
,,,,JavaScript,,,PHP,,,,
,,C#,,JavaScript,,,,,,SQL,
,,,,,,,,,,,
,,,Java,JavaScript,Node.js,,PHP,,Ruby,SQL,
,,,,JavaScript,Node.js,,,Python,,,Verilog
,,C#,Java,JavaScript,Node.js,,PHP,,,SQL,HTML/CSS
C,C++,C#,,JavaScript,,,,Python,,SQL,
,C++,C#,,,,,,,,,
C,,,Java,JavaScript,,,,Python,,,
,,,Java,,,,,,,,
,C++,C#,Java,,,,,Python,,SQL,
,,,,JavaScript,,,PHP,,,SQL,
,,,,,,,,,,,
,,C#,,JavaScript,,,,,,,
,,,,,,,PHP,,,,
,C++,,,,,,,,,,D
,,C#,Java,JavaScript,,,,,,SQL,
,,,,JavaScript,Node.js,,,Python,,SQL,Perl
C,,,,,,,,,,,
,,C#,,JavaScript,Node.js,,PHP,,,SQL,
,,C#,,JavaScript,,,,,,,
,,,,JavaScript,,,,Python,,SQL,Perl
,,C#,,,,,,,,,
C,C++,,,JavaScript,,Objective-C,PHP,,,SQL,"Sparkling, my own script language :)"
C,C++,C#,,,,,,,,,
C,,,,,,,,,,SQL,Delphi
,,,Java,,,,,,,,NetLogo
,,,,,,,,,,,
,,C#,,,,,,,,SQL,
,C++,C#,,JavaScript,,,,,,SQL,
,,C#,,,,,,,Ruby,,
,,,Java,JavaScript,,,,,,,
,,,Java,JavaScript,,,PHP,,,,LDAP
,,,,,,,,,,,
,C++,C#,,JavaScript,,Objective-C,,Python,,,
,,,Java,JavaScript,,,,Python,Ruby,SQL,Perl
,,,,JavaScript,Node.js,,,Python,,,
,C++,C#,Java,JavaScript,,,,Python,,,
C,C++,,,JavaScript,,,PHP,,,SQL,"IDL (Interactive Data Language), bash"
C,,,,JavaScript,Node.js,,PHP,Python,,SQL,
,C++,C#,,,,,,,,,
,,,,,,,,Python,,,
,C++,,Java,JavaScript,Node.js,,PHP,Python,,SQL,
,,C#,,JavaScript,,,,,,SQL,
,,,,JavaScript,,,PHP,,,SQL,
,,,,,,,,,,,
C,C++,,Java,,,,,,,,
,,,Java,,,,,Python,,,Scala
C,C++,C#,,JavaScript,,,,,,SQL,
,,C#,,JavaScript,,,,,,SQL,PowerShell
,,C#,,,,,,,,,
,,C#,,JavaScript,,,,,,SQL,
C,C++,,Java,,,,,Python,,,
,C++,,,,,,,,,,matlab
,,,Java,,,Objective-C,PHP,Python,,,
C,C++,,Java,,,,,,,,
,,C#,,JavaScript,,,,,,SQL,ASP.Net
,,,,,,,,,,SQL,
,,,Java,,,,,,,,TeX
,,,,,,,,,,,
,,,Java,JavaScript,,,,,,SQL,
C,C++,,Java,,,,,Python,,,
,C++,C#,,,,,,,,,
,,,Java,JavaScript,,,,,,SQL,
,,C#,,JavaScript,,,,,,SQL,VB.NET
,,,,,,,,,,,
,,C#,,JavaScript,,,,,,SQL,
,,C#,,JavaScript,,,,,,SQL,
C,,,,,,,,Python,,,Lua
C,C++,,,,,,,,,,
,,,,JavaScript,,,PHP,,Ruby,SQL,
,,,,JavaScript,Node.js,,PHP,,,SQL,
,,,,JavaScript,,,,,Ruby,,
,,C#,,JavaScript,,,,,,SQL,
,,,,,,,,,,,
,,C#,,,,,,,,SQL,
,,,,,,Objective-C,,,,,
,,,,,,,,,Ruby,,
,,,Java,JavaScript,,,,,,SQL,
,C++,C#,,JavaScript,,,PHP,,,SQL,
,C++,,,,,,,Python,,,
C,,,,JavaScript,,,,Python,,,
,,C#,,JavaScript,,,,,,SQL,
,,C#,Java,JavaScript,,,,,,SQL,
,,C#,,JavaScript,,,,,,SQL,
,,,,,,,,Python,,,
,,,,,,,,,,,
,,C#,Java,JavaScript,Node.js,,,,,,ABAP
,,C#,Java,JavaScript,Node.js,,,,,SQL,
,,,Java,,,,,Python,,,
C,,,Java,JavaScript,Node.js,,,Python,,SQL,
C,,,,,,,,,,,"Fortran, Perl"
,,C#,Java,,,,,Python,,SQL,
,,,,JavaScript,,,,,,SQL,vbscript
,,C#,,JavaScript,,,,,,SQL,
,,,,,,,,,,,
,C++,C#,,,,,,Python,,SQL,
,,,,,,,,,,SQL,Haskell
,,C#,,JavaScript,,,,,,,
C,,C#,Java,JavaScript,Node.js,Objective-C,PHP,,,SQL,
C,,,,,,,,Python,,,
,,,Java,JavaScript,,,,,,SQL,
,,,,,,,,,,,
,,,,JavaScript,Node.js,,PHP,Python,,,Go
,,,Java,,,,,,,,scala
,,,,,,,,Python,,,VBA
,C++,C#,Java,JavaScript,,,,,,,"god help me, vbscript"
,,C#,,JavaScript,,Objective-C,,,Ruby,SQL,
,,,,,,,,,,,
C,C++,,,JavaScript,,,,Python,,,"awk,perl,bash"
,,,,JavaScript,,,PHP,,,SQL,D
,,C#,,JavaScript,,,,,,SQL,
,,C#,,JavaScript,,,,,,SQL,
,,,Java,JavaScript,,,,,,SQL,
,,,Java,JavaScript,,,,,,SQL,
,,,,JavaScript,,,,Python,,,
,,C#,,,,,,,,SQL,
,,,,JavaScript,Node.js,,PHP,,,,
,,,Java,JavaScript,Node.js,,,,,,
,C++,C#,,JavaScript,,,,,,,
C,C++,,,,,Objective-C,,Python,,,
,,C#,Java,JavaScript,,,,,,SQL,Perl
,,C#,,JavaScript,,,,,,SQL,
,C++,,,,,,,,,,
C,C++,,Java,,,,,,,,
,,,,JavaScript,,,PHP,,,SQL,
,,,,,Node.js,Objective-C,PHP,,,SQL,
,,C#,,JavaScript,,Objective-C,,,,,
,,C#,,JavaScript,,,,,,SQL,
,,,Java,JavaScript,,,,,,,
C,C++,,Java,,,,,,,,
,,,,JavaScript,Node.js,,PHP,,,SQL,
,,C#,,JavaScript,,,,,,SQL,"F#, VB6, VB.NET"
,C++,,,,,,,,,,
,,C#,Java,,,,,,,SQL,
,C++,,,,,,,Python,,,
,,,,JavaScript,,,PHP,,,SQL,"Puppet, Vagrant"
,,,Java,JavaScript,,,,,,,
,,,,JavaScript,,,PHP,,,SQL,
,C++,,,,,,,Python,,,
,,C#,,JavaScript,,,,,,SQL,
C,,,,,,,,,,,
,,,,,,,,,,,
,,C#,Java,JavaScript,,Objective-C,,,,SQL,
,,C#,,JavaScript,Node.js,,,,,SQL,
,,C#,,JavaScript,,,,Python,,SQL,
,,,,,,,,,,,
,,C#,,JavaScript,,,,,,SQL,
,,,Java,JavaScript,,,,,,SQL,
,,,,,,,,,,,
,,,Java,JavaScript,,,PHP,,,SQL,
,C++,,,,,,,,,,
,,C#,,JavaScript,,,PHP,,,SQL,
C,,C#,Java,,,,,,,,
C,C++,,Java,JavaScript,,Objective-C,,Python,,SQL,
,C++,,Java,,,Objective-C,,Python,,,
,,C#,,JavaScript,,,,,,SQL,
,,,,,,,,,,,VB.Net
,,,,JavaScript,Node.js,,,Python,,,
,,,Java,,,,,,,,Matlab
,,C#,,JavaScript,,Objective-C,,Python,Ruby,SQL,
,,,,,,,,,,,
C,C++,,Java,,,Objective-C,,,,,
,,,,JavaScript,,,,,,,ColdFusion
,,,,,,,,,,,
,,,,JavaScript,,,,Python,,SQL,
,,,,,,,,,,,
,,C#,,JavaScript,Node.js,,PHP,,,SQL,Perl
,,,Java,,,,,Python,,,
,,,,JavaScript,,,PHP,,,,
,,,,JavaScript,,,PHP,,,SQL,
,,C#,,JavaScript,Node.js,,PHP,,,SQL,
,,,,JavaScript,Node.js,,PHP,,,SQL,
,,,Java,JavaScript,,,,,,,
,,,,,,,,,,,
,,C#,,JavaScript,,,,Python,,SQL,
,,,,,,,,,,,
,,,Java,JavaScript,,,,,,,
C,C++,,Java,,,,,,,,
,,,Java,,,,,,,,"Scala,Hive"
,,C#,,JavaScript,,,,,,SQL,
,,C#,Java,JavaScript,,,,,,SQL,
,,C#,Java,JavaScript,,,PHP,Python,,,
,,C#,,JavaScript,,,,,Ruby,SQL,
,,,Java,JavaScript,,,,,,SQL,
,,,Java,JavaScript,,,,Python,,,
,,,,JavaScript,,,,,Ruby,SQL,
,,,Java,JavaScript,,,PHP,,,SQL,
C,C++,,Java,,,,,Python,,,
,,,,,,,,,,,
,,,,JavaScript,,,,Python,,SQL,
,,,,JavaScript,,Objective-C,,,,,
C,C++,C#,Java,,,Objective-C,,Python,,SQL,
,C++,C#,,JavaScript,,,,,,SQL,
,,,,JavaScript,,,,Python,,,
,,,,JavaScript,,,PHP,,,SQL,Scala
,C++,C#,,JavaScript,,,,,,SQL,
,,,,JavaScript,,,,,,SQL,Groovy
,C++,C#,,,,,,,,,
,,C#,,JavaScript,,,,,,SQL,typescript
,,,,JavaScript,Node.js,,,,,,CoffeeScript
,,C#,,JavaScript,,,,Python,,SQL,haskell
,,,Java,,,,,,,SQL,
,,,,JavaScript,,,,,,SQL,Perl
,,C#,,JavaScript,,,,Python,,SQL,
,C++,,,,,,,Python,,,
C,,,,JavaScript,,,,,,,
,C++,,,,,,,Python,,,
,,,Java,,,,,,,,
,,,Java,JavaScript,,,PHP,,,SQL,
,,,,JavaScript,,,,,Ruby,,
,,,,JavaScript,,,,Python,,SQL,
,,C#,,JavaScript,,,,,Ruby,,
,,,,,,,,,,,
,,,Java,JavaScript,,,PHP,,,SQL,
,,,,,,,PHP,,,SQL,
,C++,C#,Java,JavaScript,,,PHP,,,SQL,
,,,Java,JavaScript,,,,,,,
,,,Java,JavaScript,,,,Python,Ruby,SQL,
,,C#,,JavaScript,,,,Python,,SQL,"Bash, Puppet"
,C++,C#,,JavaScript,Node.js,,,,,,
,,,,,,,,Python,,,
,,,,,,,,Python,,SQL,
,,,,,,,,,,,
,,,Java,JavaScript,,,PHP,,Ruby,,
,,C#,,JavaScript,Node.js,,,,,SQL,
,,,,JavaScript,Node.js,,PHP,,,,
,,,Java,JavaScript,,,,,,,
,C++,,,,,,,,,,Tcl/Tk
,,C#,,JavaScript,,,,,,SQL,
,,C#,Java,JavaScript,,,,,Ruby,SQL,
,,,Java,JavaScript,,,,,,SQL,Grails
,,C#,,,,,,,,,
,,,,,,,,,,SQL,"VB6, VBA, OBEL, DataBasic"
,,C#,Java,JavaScript,,,PHP,Python,Ruby,SQL,
,,,,JavaScript,,,PHP,,,SQL,
,,,,,,,,,,,
,,C#,,JavaScript,,,,,,SQL,
,C++,,Java,JavaScript,,,PHP,Python,,SQL,
,,,,,,,,Python,,,Matlab
,,,,JavaScript,Node.js,,PHP,,,,
C,C++,,Java,JavaScript,Node.js,Objective-C,,Python,,,
C,,,Java,,,,,,,SQL,Perl
C,C++,,,JavaScript,,,,,,,
C,,,Java,,,Objective-C,,,,,
,,C#,,JavaScript,,,,Python,,,
,,,,,,,,Python,,,Pascal
,,C#,,JavaScript,,,,,,SQL,
,,,,,,,,,,,
,,C#,Java,,Node.js,,,,,SQL,
C,C++,,Java,,,,,,,,Perl
,,,,,,,,,,,
,,C#,,JavaScript,,,,,,SQL,
,,C#,Java,,,,,,,,Scala
,,,Java,JavaScript,,,,,Ruby,SQL,"Clojure, Perl"
C,,,,JavaScript,Node.js,,PHP,Python,,SQL,
,,,Java,JavaScript,Node.js,,,,,,
C,C++,C#,,JavaScript,Node.js,Objective-C,PHP,,,SQL,
,,,Java,JavaScript,,,,,,SQL,
C,C++,,Java,,,,,Python,,,Haskell
,C++,C#,,,,,,,,SQL,
,,C#,,JavaScript,,,PHP,,,SQL,
,,,,,,,,,,,
,,C#,,JavaScript,,,PHP,Python,,SQL,
,,,Java,JavaScript,,,,,,,xquery
,,,,JavaScript,,,PHP,,,SQL,
,,,,,,Objective-C,,Python,,,
,,,Java,,Node.js,,,,,,
,,,Java,JavaScript,Node.js,,,Python,Ruby,,
,,C#,,,,,,Python,,,"VB, SciLab, R"
,,C#,,,,,,,,SQL,
,,,Java,JavaScript,Node.js,,,,,SQL,Pig
,,,,,,,,Python,,,R
,,,,,,,,,,,
,,,,JavaScript,,,PHP,,,SQL,
,,,,,,,,Python,,,"VB6, VB.Net, VBA"
,,C#,,,,,,,,,R
,,C#,,JavaScript,,,,,,SQL,
,,C#,Java,,,,,,,SQL,
,,,Java,,,,,,Ruby,,
,,C#,,JavaScript,,,,,,SQL,
,,,,,,,,Python,,,
,,,,JavaScript,,,,,Ruby,,
,,,Java,,Node.js,,,,,SQL,Perl
C,C++,C#,,JavaScript,,Objective-C,,Python,,SQL,
C,C++,,,,,,,Python,,,assembly
C,C++,,Java,,,,,Python,,SQL,
,,,Java,JavaScript,,,,,,,VBScript(doh)
,,C#,,JavaScript,,,,,,SQL,Vb.net
,,C#,,JavaScript,,,,,,,
,,,,JavaScript,,,,,,SQL,CFML
,,C#,Java,JavaScript,,,,,,,
,,C#,,JavaScript,,,,,,SQL,
,,,Java,JavaScript,,,PHP,,Ruby,,
,,,Java,JavaScript,,,,,,SQL,
,,,Java,JavaScript,,,,,,SQL,
,,,,,,,,,,,
,,C#,,JavaScript,,,PHP,,Ruby,SQL,
C,,,,,,,PHP,,,SQL,
,,,,,,,,,,,
,,,,,,,PHP,,,SQL,PL/SQL
,,C#,,JavaScript,,,,,,SQL,
,,C#,,,,,,,,SQL,
,,,,,,,,,,,
,,,,,,,,,,,
C,C++,,Java,JavaScript,,,,,,,matlab
,,,,,,,,,,,Fortran
,,,Java,,,,,,,,
,,,,,,,,Python,,,"html, css"
,,C#,Java,,,,PHP,,,SQL,
C,C++,,Java,JavaScript,,,PHP,Python,,SQL,
,,C#,,JavaScript,,,,,,SQL,
,,,,,,,,,,,
C,C++,,,JavaScript,,,PHP,Python,,SQL,
,C++,,Java,JavaScript,,,,,,,
,,C#,,JavaScript,,,,,,,
,,C#,,JavaScript,,,,,,SQL,
,,,,JavaScript,,,,,,,
,,,,JavaScript,,,PHP,,,SQL,
,,,,JavaScript,,,PHP,,,,
,,C#,Java,,,,,,,SQL,Visual Basic
,,C#,,,,,,,,,
,C++,,,,,,,Python,,,
,,,,JavaScript,,,PHP,,,,
,,,,,,Objective-C,,,,,
,,,,JavaScript,,,PHP,,,SQL,
,,,Java,JavaScript,Node.js,,,Python,Ruby,,
,,C#,Java,,,Objective-C,,,,SQL,
,,C#,,JavaScript,,,,,,SQL,
,,,,JavaScript,,,,Python,Ruby,,
,,,Java,JavaScript,,,,Python,,,
,,,,,,,,,,,
,,,,,,Objective-C,,,Ruby,,
,,C#,,,,,,,Ruby,SQL,
,,,,,,,,,,SQL,
,,,Java,,,,,,,SQL,OpenEdge ABL
,,,,JavaScript,,,PHP,,Ruby,SQL,
,,,,,,,,Python,,,
,C++,,,,,,,Python,,,Batch
,C++,C#,,JavaScript,,,,,,SQL,SQL
,,C#,,JavaScript,,,,,,SQL,
,C++,,,,,,,Python,,,
C,C++,,,,,,,,,,
,,C#,,JavaScript,,,,,,SQL,
,,,,,,,,,,,scala
,,,Java,,,,,,,SQL,
,,,,JavaScript,,,PHP,,,SQL,
,,,Java,,,,,,,,Delphi
,,,Java,JavaScript,,,,,,SQL,
,,,Java,JavaScript,,,,,,SQL,
,,,,,,,,,,,
,,,,,,,PHP,,Ruby,,
C,,,,,,,,,,,
,,C#,,JavaScript,,,,,,SQL,
,,,,JavaScript,,,,,,SQL,Perl
,,C#,,JavaScript,,,,,,SQL,
,,C#,,JavaScript,,,,,,SQL,VB.NET
,,,,,,,,,,,
,,C#,,JavaScript,,,,,,SQL,
,,C#,,JavaScript,,,PHP,Python,,SQL,
,,,,JavaScript,,,PHP,,,,
,,,,JavaScript,,,PHP,,,,
,,,,,,,,,,SQL,
,,,,,,,,,,SQL,VBA
,,,,JavaScript,,,PHP,,,SQL,Coldfusion
,,C#,Java,JavaScript,,,,Python,,,
,,,,,,,PHP,,,,
,,,,JavaScript,,,PHP,,,SQL,
,,,,JavaScript,,,PHP,,Ruby,SQL,Scala
,,,Java,,,,PHP,Python,,SQL,
,,,,JavaScript,,,,,Ruby,SQL,
,,,,JavaScript,,,,,,,
,,,,,,Objective-C,,Python,,,
,,,,,,,,Python,,,
,,,,,,Objective-C,,Python,,,
,,,,,,,,,,,
,,,Java,,,,,,,,
,,,,JavaScript,,,PHP,,Ruby,SQL,
,,,,,Node.js,,PHP,,,SQL,SAS
,C++,C#,,,,,,,,SQL,
,,C#,,JavaScript,,Objective-C,,Python,,SQL,
C,C++,C#,Java,JavaScript,,,,,,SQL,
,,,Java,JavaScript,,,,Python,,,
C,,,Java,JavaScript,,,PHP,,,SQL,
,,C#,,,,,PHP,,,SQL,
,,C#,,JavaScript,,,PHP,,,SQL,
,,C#,,,,,,,,SQL,
,,,,,,,PHP,,,SQL,
,C++,,,,,,,,,,
C,,,,JavaScript,,,,Python,,,
,,C#,,JavaScript,,,,,,SQL,
,,C#,,JavaScript,,,,,,SQL,
,,C#,Java,JavaScript,,,,,,,
,,C#,,JavaScript,,,,,,SQL,
,,,,,,,,,,,
,,C#,,JavaScript,,,PHP,Python,,SQL,
,,,Java,JavaScript,,,,,,,
,C++,C#,,JavaScript,,,,,,,
,,,,JavaScript,,,PHP,,,,
,,C#,,JavaScript,,,,,,SQL,
,,,,JavaScript,,,,,Ruby,,
,,C#,,JavaScript,,,,,,SQL,
,C++,C#,,,,,,,,,
,,,,,,,,,,,Perl
C,C++,,,,,Objective-C,,Python,,,
,,,Java,JavaScript,,,,,,,
,,,,,,,,,,,
,,C#,,JavaScript,Node.js,,,,,SQL,
,,C#,,JavaScript,Node.js,,,,,SQL,
,,,,JavaScript,,,PHP,Python,,SQL,Delphi
,,,,,,,,,,,
,,C#,,JavaScript,,,,,,,
,,,,,,,,,Ruby,,
,,,,,,,,,,,
,C++,C#,Java,,,,,,,SQL,
,,C#,,JavaScript,,,PHP,,,SQL,"F#,ASP.NET"
,,C#,,JavaScript,,,,,,SQL,
,,,Java,,,,,,,SQL,
,C++,,,JavaScript,Node.js,,,,,,
,,,,,,,,,,,
,,C#,,,,,,,,SQL,
,,C#,Java,,,,,,,,
,,,,JavaScript,,,,,,,
,,,,,,,,,,,
C,C++,,Java,JavaScript,,Objective-C,PHP,,,SQL,
,,,,,,,,,,,
,C++,,Java,,,,,,,,Go
,,,,JavaScript,Node.js,,PHP,,,,
,,,Java,,,,,Python,,SQL,
C,,C#,,JavaScript,,Objective-C,,,,SQL,
,,C#,,JavaScript,,,,,,SQL,
C,,C#,Java,JavaScript,,Objective-C,,Python,,SQL,
,,C#,,JavaScript,,,,,,,
,,C#,Java,JavaScript,,,PHP,Python,Ruby,SQL,
,,,,JavaScript,,,PHP,,,SQL,
,,,,JavaScript,Node.js,,PHP,Python,,,
,,,Java,JavaScript,,,,,,,
,,,,JavaScript,,,PHP,,,SQL,PowerShell
,,C#,Java,,,,,,,,
,,,,,,,,,,,vb.net
,,,,JavaScript,,,,Python,,,
,,,Java,,,,,Python,,SQL,Pl/SQL
,,C#,Java,,,,PHP,,,SQL,
,,C#,,JavaScript,Node.js,,,,,SQL,VB.Net
,,,,JavaScript,,,,,,,ColdFusion
,,C#,,,,,,,,SQL,Silverlight
,,,,,,,,,,,
,,C#,Java,JavaScript,,,,,,SQL,
,,,Java,,,,,,,SQL,
,,,,,,,PHP,,,,
,,,,JavaScript,,Objective-C,PHP,,,SQL,
,,C#,,,,,,,,SQL,
,,C#,,JavaScript,,,,,,SQL,
,,,,,,,,,,,
,,,Java,,,,,,,SQL,
,C++,C#,Java,,,,,,,SQL,HTML5
,,C#,,,,,,,,SQL,
,,C#,,JavaScript,,,,,,SQL,
,,C#,,JavaScript,,,,,,,
C,C++,,Java,,,Objective-C,,,,,
,,C#,,,,,,,,,
C,,,Java,,,,,Python,,SQL,
,,,Java,JavaScript,,,PHP,,,,
,,,Java,,,,,,,,
,,,,JavaScript,Node.js,,PHP,,Ruby,SQL,
C,,,Java,JavaScript,Node.js,,,,,SQL,
C,C++,,,,,,,Python,Ruby,,
,,,,,,,,,,,
,,C#,Java,JavaScript,,,,,,SQL,
,,,Java,JavaScript,,,,,,SQL,
C,C++,,Java,,,,PHP,,,SQL,Android
,,,,JavaScript,,,,,,,
,,,,,,,,,,,perl
,,,Java,JavaScript,,,,,,SQL,
,,C#,Java,,,,,,,,Delphi
C,C++,,,,,Objective-C,,,,,
,,,,,,,,,,,
C,,,Java,JavaScript,,,,,,SQL,
,,,Java,,,,,,,SQL,
,C++,,Java,,,,,,Ruby,,
,,,,,,,,,,,
C,,,Java,JavaScript,,,,,,SQL,
,,,,JavaScript,Node.js,,PHP,,,SQL,
,,,Java,,,,,,,,android
,,C#,Java,JavaScript,,,,,,,
,,C#,Java,,,,,,,SQL,
,,,Java,,,,,,,,
,,,,,,,,,,,
,,,,JavaScript,,,PHP,,,,
,,C#,,JavaScript,,,,,,SQL,
,,,,JavaScript,,,,,,,
,,C#,,JavaScript,,,PHP,Python,,,
,,,,,,,,,,,
,,C#,Java,,,Objective-C,,,,SQL,
,,,,,,,,,,,
,,,,,,,,,,,
,,,,,,,,,,,
,,,,JavaScript,,Objective-C,PHP,Python,,,
,,,,JavaScript,,,PHP,,,SQL,
,C++,,Java,JavaScript,,,,,,SQL,
,,,,,,,,,,,
C,,C#,,,,Objective-C,,,,,
,C++,C#,Java,,,,,,,,
C,C++,C#,,,,,,,,,
,,,,,,,PHP,Python,Ruby,,
,,,Java,JavaScript,,,PHP,,,SQL,
,,,,JavaScript,,,,Python,,SQL,
,,,Java,JavaScript,,,,,,SQL,Scala
,,C#,,JavaScript,,,,,,SQL,
,,,,,,,,,,,
,,,Java,,,,,,,,
,,C#,,JavaScript,,,PHP,,,SQL,
C,C++,,Java,,,,,,,,
,,C#,,JavaScript,,Objective-C,,,,,
,,,,,,,,,,,
,,C#,,,,,,,,,
,,,,,,,,,,,
,,,,,,,,,,,
C,C++,,Java,JavaScript,,,,,,,
,,,,JavaScript,,,PHP,,,SQL,Bash
,,,,,,,,,,SQL,
C,,,,,,Objective-C,,,,,
,,C#,,JavaScript,,,PHP,,,SQL,
,,,Java,JavaScript,Node.js,,PHP,,,SQL,
,,,Java,JavaScript,,,PHP,,,,
,,,Java,JavaScript,,,,Python,,SQL,Perl
,,,,,,,,,,,
C,,,Java,,,,,,,SQL,Android
,,C#,,JavaScript,,,,,,SQL,
C,,,Java,,,,,,,,
C,C++,,,,,,,,,,
,,C#,,,,,,,,,
,,C#,Java,,,,PHP,,,SQL,
,C++,C#,Java,,,,,,,,
,C++,C#,,JavaScript,,,,,,SQL,
C,C++,,Java,,,,,Python,,SQL,
,C++,C#,,JavaScript,,,PHP,,,SQL,XAML
C,,,,,,Objective-C,,,,,
,,C#,,JavaScript,,,,,,SQL,
,,,,JavaScript,,,PHP,,,SQL,Perl
,,C#,,JavaScript,,,,,,,
C,C++,,,,,Objective-C,,,,,
,,C#,Java,JavaScript,,Objective-C,,Python,,SQL,
,C++,,,,,,,,,SQL,VBA
,,C#,,JavaScript,,,,,,SQL,
,,C#,,JavaScript,,,,,,SQL,
,,,,,,,,,,SQL,R
,,,,,,,,,,,
,C++,C#,,JavaScript,,,,,,SQL,
C,,C#,,JavaScript,Node.js,,PHP,Python,Ruby,SQL,
C,C++,,,,,,,,,,
,C++,,Java,JavaScript,Node.js,,PHP,,,SQL,
,,C#,,,,,,,,,
,C++,,,,,,,,,,
,,,,JavaScript,,,PHP,Python,,SQL,
,C++,C#,Java,,,,,,,,
,,,,JavaScript,,,PHP,,,,
C,C++,,Java,JavaScript,,,PHP,Python,,SQL,
,,C#,Java,JavaScript,Node.js,,,,Ruby,SQL,
,,C#,,JavaScript,,,,,,SQL,
,,,,,,,,,,SQL,
,,,,JavaScript,,,,,,SQL,
,,C#,,,,,,,,SQL,
,C++,,,JavaScript,,Objective-C,,Python,,,
,,C#,,,,,,,,SQL,
,,,,JavaScript,,,,,,SQL,Perl
,,,,JavaScript,,,PHP,,,SQL,
,,C#,,JavaScript,,,,,,SQL,
,,,,,,,,,,,
,,,,JavaScript,,,,,,SQL,
,,,Java,,,,,,,SQL,
,,,Java,,,,,Python,,,TeX
,C++,,,JavaScript,,,PHP,,,SQL,
,,,,,,,,,,,vba-excel & vba-Autodesk_Inventor
,,,Java,JavaScript,,,,,,SQL,Google Apps
,,C#,,JavaScript,,,,Python,,,
,,C#,Java,JavaScript,,Objective-C,PHP,,,SQL,
,C++,,Java,,,,,,,,
C,,,,,,,PHP,Python,,,
,,C#,Java,JavaScript,,Objective-C,,,,SQL,jQuery
,,C#,,JavaScript,,,,,,SQL,
,,C#,,JavaScript,,,,,,SQL,
,C++,C#,,,,,,Python,,SQL,
,,C#,,JavaScript,,,,,,SQL,
,,,,,,Objective-C,,Python,Ruby,,
,,,,,,,,,,,
,,,,,,,,,,,
,,,,JavaScript,,,,Python,,,
,,C#,,JavaScript,,,,,,SQL,jQuery
,,,Java,,,,,Python,,,
,,,,JavaScript,,,,,,SQL,VB.NET
,,C#,Java,JavaScript,,Objective-C,,,,,
,C++,C#,,,,,,,,,
,,,,,,,,,,,
,,C#,,JavaScript,,,PHP,,Ruby,SQL,
,,,,,,,,,,SQL,
,,,,JavaScript,,,,,,,
,,,,JavaScript,,,PHP,Python,,SQL,
,,,,JavaScript,Node.js,,PHP,Python,,,"XML, XSLT"
,,C#,,,,,,,,SQL,
,C++,C#,,,,,,,,SQL,
,,C#,,JavaScript,,,,,,SQL,
,,C#,Java,JavaScript,,,,,,SQL,
,,C#,,,,,,,,,
,,,Java,JavaScript,Node.js,,,,Ruby,,
,,,,,,,,,,,
C,C++,,,,,,,,,,
,,,,JavaScript,,,PHP,,,SQL,
C,C++,,Java,,,,,Python,,,
,,C#,,JavaScript,,Objective-C,,,,SQL,
,,,Java,JavaScript,,,,,,SQL,Groovy
,,C#,,,,,,,,,VB.NET
