Java,JavaScript,,,,,,SQL,,C++,C,,,,
,JavaScript,CSS,PHP,,Objective-C,,,,C++,,,HTML5,,
,,CSS,PHP,,Objective-C,,SQL,,,,,HTML5,,
Java,,,,,,,,,C++,,,,,
Java,,,,,,,,,,,,,,
Java,JavaScript,CSS,PHP,,,,SQL,,,,,HTML5,,
,JavaScript,CSS,PHP,,,,SQL,,,,,HTML5,,
,JavaScript,CSS,,,,,SQL,C#,,,,HTML5,,
Java,,,,,,,SQL,C#,C++,,,,,
,,,,,,,,,,,,,,
Java,JavaScript,CSS,,Python,,,,,C++,C,,,,
,,,PHP,,Objective-C,,SQL,,C++,C,Perl,,,
Java,,,,,,,SQL,,,,,HTML5,,
,JavaScript,CSS,,,,,SQL,C#,,,,,,
,,,,,,,,,,,,,,
Java,,,PHP,,,,,,,,,,,
,,,,,,,SQL,C#,,,,,,
Java,JavaScript,CSS,PHP,,,,SQL,,,,,,,
Java,JavaScript,,,,,,SQL,,C++,C,,,,
Java,JavaScript,CSS,PHP,,,Ruby,SQL,,,,,HTML5,,
Java,,,,,,,SQL,,,,,,,
,,CSS,,,,,,C#,,,,,,
,JavaScript,CSS,PHP,,,,SQL,C#,,,,HTML5,,
Java,,,,,,,,,,,,,,
Java,JavaScript,CSS,,,,,SQL,,,,,HTML5,,VB.NET
,JavaScript,CSS,PHP,Python,Objective-C,,SQL,C#,,,,,,ASP.NET
,,,PHP,,,,,,,,,,,
,,,,,,,,,,,,,,
,,CSS,PHP,Python,,,SQL,C#,C++,,,HTML5,,
,,,,,,,,,,,,,,
,,,,,,,SQL,C#,,,,,,
Java,JavaScript,CSS,PHP,,,,SQL,C#,,,,HTML5,,
,JavaScript,CSS,PHP,,,,SQL,,C++,,Perl,HTML5,,
,JavaScript,CSS,,,,,SQL,C#,,,,,,
,JavaScript,CSS,PHP,,,,SQL,,,,,,,mIRC Scripting Language
,,,,,,,SQL,C#,,,,,,
,,,,,,,,,,,,,,
,,,,,,,,,,,,,,
,JavaScript,,PHP,,,,SQL,,,,,HTML5,,
Java,JavaScript,CSS,,,,,SQL,C#,,,,,,
,,CSS,PHP,,,Ruby,,C#,C++,,,,,
Java,,,,Python,,Ruby,SQL,,C++,C,,,,
Java,JavaScript,CSS,PHP,,,,SQL,C#,,,,HTML5,,
Java,JavaScript,CSS,,,Objective-C,,SQL,,C++,C,,HTML5,,
Java,,,,,,,,,,,,,,
,,,,,,,,,,,,,,
Java,,,,,,,SQL,,C++,,,,,
,,,,,,,,,,C,,,,ASCET
Java,JavaScript,CSS,,,Objective-C,,SQL,,C++,C,,HTML5,,
,,,,,,,,,,,,,,
,,,,,,,SQL,C#,C++,,,,,
,JavaScript,CSS,PHP,,,,,,,,,,,
,JavaScript,CSS,,,,,SQL,C#,,,,HTML5,,
,JavaScript,CSS,PHP,Python,,,SQL,,,,,HTML5,,
Java,,,,,,,SQL,C#,,,,,,
,,,,,,,,C#,C++,,,,,
Java,JavaScript,CSS,PHP,,,,,,,C,,HTML5,,
Java,JavaScript,,,,,,SQL,,C++,C,,HTML5,,clojure
,,,,,,,,,,,,,,
,,,,,,,,,,,,,,
Java,JavaScript,CSS,PHP,Python,Objective-C,,SQL,C#,C++,C,,HTML5,,
Java,JavaScript,CSS,PHP,,,,SQL,C#,C++,,,HTML5,,
,,,,,,,,,,,,,,
,JavaScript,CSS,PHP,Python,,Ruby,SQL,,,,,HTML5,,
,,,,,,,SQL,C#,C++,C,,,,Brainfuck
Java,,,,,Objective-C,,,C#,C++,,,,,
,,,,,Objective-C,,,C#,,,,,,
Java,,,,,,,,C#,,,,,,vb6
,,,,,,,SQL,C#,,,,,,
,JavaScript,CSS,PHP,,,,,C#,,,,HTML5,,
Java,,,,,,,SQL,,C++,C,,,,
Java,JavaScript,CSS,,,,,SQL,C#,,,,HTML5,,
Java,,,,,Objective-C,,SQL,,,,,,,
Java,JavaScript,,,,,,,,,,,,,
,JavaScript,CSS,,,,,SQL,C#,,,,,,
Java,,,,,,,,,,,Perl,,,
,,,,,,,,,,C,,,,
,,,,Python,Objective-C,,SQL,C#,C++,C,,,,
Java,,,,,,,,,,,,,,Groovy
Java,JavaScript,CSS,PHP,,,,SQL,C#,,,,HTML5,,VB.NET
,,,,,,,,,,,,,,
,,,,,,,,,,,,,,
,JavaScript,CSS,PHP,,,,,C#,,,,HTML5,,
,JavaScript,,,,,Ruby,SQL,,,,,HTML5,,
Java,JavaScript,CSS,PHP,,,,SQL,,C++,C,,,,
,,,,,,,SQL,,C++,C,,,,
,,,,Python,,,SQL,,,C,Perl,,,
Java,JavaScript,CSS,,,,,,,,,,HTML5,,
,,,,,,,,,,,,,,
Java,JavaScript,CSS,,,Objective-C,,,,,,,HTML5,,
,JavaScript,CSS,,,,,SQL,C#,,,,HTML5,,
Java,JavaScript,CSS,PHP,,,,,,C++,C,,,,VB.NET
,JavaScript,,,Python,,,SQL,C#,,,,,,
Java,,,,,,,,,,,,,,
Java,,,,,,,SQL,,C++,C,,,,
,JavaScript,CSS,PHP,,,,,C#,,,,,,Delphi
,JavaScript,CSS,,,,,SQL,C#,,,,HTML5,,
Java,JavaScript,CSS,,,,,SQL,C#,,,,HTML5,,
Java,,,,,,,,,,C,,,,
,,CSS,PHP,,,,,C#,,,,HTML5,,
Java,JavaScript,CSS,PHP,,,,SQL,C#,C++,,,,,
,,,,,,,,,,,,,,
,JavaScript,CSS,,,,,SQL,C#,,,,,,
,,,,,,,,,,,,,,
,JavaScript,CSS,PHP,,Objective-C,,SQL,,,,,HTML5,,
,,,,,,,,,C++,,,,,
Java,JavaScript,CSS,,,,,SQL,,,,,HTML5,,
Java,JavaScript,,,,,,SQL,C#,,,,,,
Java,,,,,Objective-C,,,,C++,C,,HTML5,,
,,CSS,,,,,SQL,C#,,,,HTML5,,
,,,,,,,,,,,,,,
Java,,,,,,,,,,,,,,
,,,,,,,,,,,,,,
Java,JavaScript,CSS,,,,,SQL,,,C,,,,
,,,,,,Ruby,SQL,C#,C++,,,,,
Java,JavaScript,CSS,PHP,,,,SQL,C#,C++,C,,HTML5,,
,JavaScript,CSS,,,,,SQL,C#,,,,,,
Java,JavaScript,,,,,,,,,,,,,
,,,,,,,,,,,,,,
,JavaScript,CSS,,Python,Objective-C,,SQL,C#,C++,C,Perl,,,Asp.net
,JavaScript,,,Python,,,SQL,,,,,HTML5,,jquery
,,,,Python,,,,C#,C++,,,,,R
,JavaScript,,PHP,,,,,,,,,HTML5,,
,,,,,,,,,,,,,,
Java,,,,Python,Objective-C,,,C#,C++,C,,,,"Clojure, Matlab"
,JavaScript,,,,,,,,,,,,,
Java,JavaScript,CSS,PHP,,Objective-C,,SQL,,,,,,,
,,,,,,,,,,,,,,
,,,,,,,,C#,,,,,,
Java,JavaScript,CSS,PHP,Python,,,SQL,C#,,C,,HTML5,,
Java,,CSS,PHP,,,,SQL,,,,,HTML5,,
Java,,,PHP,Python,,,SQL,,,C,,,,
,JavaScript,CSS,PHP,,,Ruby,SQL,,,,,HTML5,,
Java,,,PHP,Python,,,,,C++,,,,,
,,,,Python,Objective-C,,,,,C,,,,
,JavaScript,CSS,PHP,,,,SQL,C#,,,,HTML5,,
,,,,,,,SQL,C#,,,,,,
,JavaScript,CSS,PHP,,,Ruby,SQL,,,,,HTML5,,
,,CSS,PHP,,,,SQL,C#,,,,HTML5,,
,,,,,Objective-C,,,,,,,,,
Java,JavaScript,CSS,PHP,Python,Objective-C,,SQL,C#,,C,,,,BASIC
,,,,Python,,,SQL,C#,C++,C,,,,XSL
,JavaScript,CSS,PHP,Python,,,SQL,,,,,HTML5,,
Java,JavaScript,CSS,PHP,,Objective-C,,SQL,,C++,,,HTML5,,
Java,JavaScript,,,,,,SQL,C#,,,,HTML5,,
,,,,,,,,,,,,,,
,,,PHP,,,,SQL,,,,,,,Bash
,JavaScript,CSS,,,,,SQL,C#,,,,HTML5,,
,JavaScript,CSS,PHP,,,,SQL,,,,,HTML5,,
,JavaScript,CSS,PHP,,Objective-C,,SQL,,,C,,HTML5,,
,,,,,Objective-C,,,,,,,,,
Java,,,,,Objective-C,,,,,,,,,
,,,,,,,,,,,,,,"Learning PHP, C, C++, Java, and a few others. So I can't say I'm proficient in any."
,JavaScript,CSS,,,,,SQL,,,,,,,Classic-ASP
Java,,,,,,,,,,,,,,
Java,,,,,,,,,,,,,,Haskell
,JavaScript,CSS,,,,,SQL,C#,C++,,,,,
Java,JavaScript,,PHP,Python,,,SQL,,C++,C,,,,
Java,,,,,,,,,,,,,,
Java,JavaScript,,,,Objective-C,,,C#,C++,C,,HTML5,,
Java,,,,,,,SQL,C#,C++,C,Perl,,,
,,,,,,,,,,,,,,
Java,JavaScript,CSS,,Python,,Ruby,SQL,C#,C++,,,,,
Java,JavaScript,CSS,,,Objective-C,Ruby,,C#,,,,HTML5,,
,,,,,,,,,,,,,,
Java,,,,,Objective-C,,,,C++,C,,,,
Java,JavaScript,CSS,PHP,,Objective-C,Ruby,SQL,,,C,Perl,HTML5,,
Java,JavaScript,CSS,PHP,,,,SQL,C#,,,,,,
,,CSS,PHP,,,,,,,,,HTML5,,
Java,,,,,,,,C#,C++,C,,,,
,JavaScript,,,,,,SQL,C#,,,,,,
,,,,,,,,,,,,,,
,,,,,,,,,,,,,,Matlab
Java,JavaScript,CSS,PHP,Python,,,SQL,C#,,,,HTML5,,
,,,,,,,,,,,,,,
Java,JavaScript,,,,,,,,,,,HTML5,,
Java,JavaScript,CSS,,Python,,,SQL,,,C,,HTML5,,
Java,,,,,,,,,,,,,,
Java,JavaScript,CSS,,Python,Objective-C,Ruby,SQL,C#,,C,,,,Lua
Java,,,,,,,,,,,,,,
Java,JavaScript,CSS,PHP,,,,SQL,C#,,C,,,,
,,,,,,,,,,,,,,
Java,,,,Python,,,,,,C,,,,
,JavaScript,,,,,,SQL,C#,,,,,,
,,,,,,,SQL,C#,C++,,,,,
Java,JavaScript,,,,,,SQL,,,,,,,
,JavaScript,CSS,PHP,,,,SQL,C#,,,,HTML5,,
Java,,,,Python,Objective-C,,,,,,,,,
,JavaScript,CSS,,,,,SQL,C#,,,,HTML5,,
,JavaScript,CSS,PHP,,,,SQL,C#,,,,HTML5,,
,,,,,,,,,,,,,,
Java,JavaScript,CSS,PHP,Python,Objective-C,,SQL,C#,C++,C,,HTML5,,
,JavaScript,CSS,PHP,Python,,,SQL,,,,,,,
,,,,,,,,,,,,,,
,,,,,,,,,,,,,,
,,,,,,,,,,,,,,
,,,,,,,,,,,,,,
,JavaScript,CSS,,Python,,,,,,,,HTML5,,
Java,,,,,Objective-C,,,,C++,C,,,,
,JavaScript,CSS,PHP,,,,SQL,C#,,,,HTML5,,
,,,PHP,,,,SQL,,C++,C,,,,Delphi
,,,,,,,,,,,,,,
Java,JavaScript,CSS,PHP,,,,,,,,,,,
Java,,,,,,,,C#,,,,HTML5,,
Java,JavaScript,CSS,PHP,Python,,,SQL,,C++,,Perl,HTML5,,
,,,,,,,,,,,,,,
,JavaScript,CSS,,,,,SQL,,,,,HTML5,,
Java,JavaScript,CSS,,,,,SQL,,,,,HTML5,,
,JavaScript,CSS,PHP,,,Ruby,SQL,,,,,HTML5,,
,JavaScript,CSS,PHP,,Objective-C,,SQL,C#,,,,HTML5,,Mel
,,,PHP,Python,,Ruby,SQL,C#,,,,,,
Java,,,,,,,,,,,,,,
,JavaScript,CSS,,,,,SQL,C#,,,,HTML5,,
,,,,,,,,,,,,,,
,,,,,,,,,C++,C,Perl,,,
,,,PHP,,,,,,,,,HTML5,,
,,,,,,,,,,C,,,,
,,,,,,,,,,,,,,
Java,,,,,,,,,,,,,,
,JavaScript,CSS,PHP,,,,SQL,,,,,HTML5,,
,JavaScript,CSS,,,,,,C#,,,,HTML5,,
,,,,,,,,,,,,,,
,,,,Python,,,,,C++,C,,,,
,JavaScript,CSS,PHP,,Objective-C,,SQL,C#,,C,,,,
,,,,,,,,,,,,,,
,,,,,,,,,,,,,,
,,,,,,,SQL,C#,C++,,,,,
,,,,,,,,,,,,,,
,JavaScript,CSS,,,,Ruby,SQL,,,,,HTML5,,
Java,JavaScript,CSS,,,,,SQL,,,,,,,
Java,JavaScript,CSS,PHP,Python,,Ruby,SQL,C#,C++,C,,,,Lots
Java,,,,,,,,C#,C++,,,,,
,,,,,,,,,,,,,,
,,,,,,,,C#,,,,,,
,,,,,,,,C#,,,,,,
,JavaScript,CSS,PHP,,,,,,,,,,,
Java,,,,,Objective-C,,,,,,,,,Smalltalk
,,,,,,,,C#,,,,HTML5,,
,,,,,,,,,,,,,,
Java,JavaScript,,,,,,SQL,,,C,,,,
Java,,,,,,,,,,,,,,
,JavaScript,CSS,PHP,,,,SQL,,,,,HTML5,,
,JavaScript,CSS,,,,,SQL,C#,,,,,,
,,,,,,Ruby,,C#,,,,,,
,JavaScript,CSS,PHP,,,,SQL,,,,,HTML5,,XSLT
,,,PHP,,Objective-C,,,,,C,,,,
,JavaScript,CSS,PHP,Python,,,,,,,,,,
,JavaScript,CSS,,Python,,,SQL,,,,,,,
Java,JavaScript,CSS,PHP,Python,,,SQL,,,,Perl,HTML5,,
,JavaScript,CSS,PHP,,,,SQL,,,,,HTML5,,JQuery
,,,,,,,,,,,,,,
,JavaScript,CSS,PHP,,,,SQL,,,,,HTML5,,
Java,JavaScript,,PHP,,,,SQL,C#,,C,,,,
,,,,,,,,,,,,,,
Java,,CSS,,,,,,,,,,HTML5,,
,JavaScript,CSS,PHP,Python,,,,,,,,HTML5,,
Java,JavaScript,CSS,PHP,Python,,,SQL,,C++,C,,HTML5,,
,,,,,,,SQL,,,,,,,
Java,JavaScript,,,,,,SQL,,,,,HTML5,,
Java,JavaScript,CSS,PHP,,,,SQL,C#,,,,HTML5,,
Java,,,,,,,,,,C,,,,Android SDK
,,,,,Objective-C,,,,,,,,,
,JavaScript,CSS,PHP,,,,,,,,,,,
,,,,,,,,,,,Perl,,,
Java,JavaScript,CSS,,,Objective-C,,SQL,C#,C++,C,,HTML5,,
,JavaScript,CSS,,Python,,,SQL,C#,,,,,,
,,,,,,Ruby,,,,,,HTML5,,
,,,,,,,,,,,,,,
Java,,,,,,,SQL,,C++,C,,,,
,JavaScript,CSS,,Python,,,SQL,,,,,HTML5,,
,,,,Python,,,,,C++,C,,,,
,JavaScript,CSS,,,Objective-C,Ruby,,,,,,HTML5,,
,JavaScript,CSS,PHP,,Objective-C,,,,,C,,,,
,,,PHP,,Objective-C,,,,C++,C,,,,
Java,JavaScript,,,,,,,C#,C++,,,HTML5,,
Java,,,,Python,,,,,C++,,,,,
,,,,,,,,,,,,,,
,,,,,,,SQL,C#,,,,,,
,,,PHP,,Objective-C,,SQL,C#,,,,,,
Java,,,PHP,Python,,,,,C++,C,Perl,,,"/bin/sh, lua, emacs lisp"
,JavaScript,CSS,PHP,,,,SQL,,,,,HTML5,,
Java,JavaScript,CSS,PHP,Python,,,,,,,,HTML5,,
,,,,,,,,,,,,,,
Java,,,,,,,SQL,,,,,,,
,,,,,,,,,,,,,,
Java,,,,Python,,,,C#,,,,,,
,,,,,,,,,C++,,,,,
Java,,,,,Objective-C,,,,C++,C,,,,
,,,PHP,,,,SQL,,,,,HTML5,,Lisp
,,CSS,,,,,SQL,C#,,,,,,
Java,,,,,,,,,C++,C,,,,
Java,,,,,,,,,C++,,,,,Common Lisp
Java,JavaScript,CSS,,,,,SQL,C#,,C,,,,
Java,,,,,,,SQL,,C++,C,,,,
,JavaScript,CSS,PHP,Python,,Ruby,SQL,C#,,,,HTML5,,"Coffescript, haml, sass, that sort of thing"
,,,,,,,,,C++,C,,,,
,,CSS,PHP,Python,,,,,,,,,,
Java,JavaScript,CSS,,,Objective-C,,,,C++,C,,HTML5,,
Java,,,,,Objective-C,,,,C++,C,Perl,,,
Java,,,,,,,,,C++,C,,,,
,,,,,,,,,,,,,,
,JavaScript,,,,,,SQL,C#,,,,HTML5,,
,JavaScript,CSS,PHP,,,,SQL,,,,,HTML5,,
,JavaScript,CSS,,,,Ruby,SQL,,,,,HTML5,,
Java,JavaScript,CSS,PHP,Python,,Ruby,SQL,,,C,Perl,HTML5,,
Java,,,,,,,,,,,,,,
,JavaScript,CSS,PHP,Python,,,SQL,,,,Perl,HTML5,,
Java,,,,,,,,,,,,,,
,JavaScript,CSS,,Python,,,,,,,,,,
Java,JavaScript,,PHP,,,,,,C++,,,,,Actionscript 1/2/3
Java,JavaScript,CSS,PHP,,,,SQL,,,,,HTML5,,
,JavaScript,CSS,PHP,,,,SQL,,,,,HTML5,,
,,,PHP,,,,,C#,,,,,,
,,,,,,,,,,,,,,
,,,PHP,,Objective-C,,,,,,,,,ActionScript 3
,,,,Python,,,,C#,,,,,,DM
,JavaScript,CSS,PHP,,Objective-C,,SQL,C#,,,,HTML5,,VB
,JavaScript,CSS,PHP,,,,SQL,,,,,HTML5,,
,,,,,,,,C#,C++,,,,,
,,,,,,,,,C++,C,,,,
Java,,,,Python,,,SQL,,C++,C,,,,
Java,,,,Python,,Ruby,SQL,C#,C++,C,,,,
,JavaScript,,,,,,,,C++,,,,,
,,,,,,,,,,,,,,
,,,,,,,,,,,,,,
Java,,CSS,PHP,,,,SQL,,,,Perl,,,
,JavaScript,CSS,,,,Ruby,SQL,,,,,HTML5,,
Java,,,,,,,SQL,,,C,Perl,,,
,,,,,,,SQL,C#,,,,,,
,,,,,,,,,,,,,,
,,,,Python,,,,,C++,C,,HTML5,,
Java,JavaScript,CSS,,,,Ruby,SQL,C#,,,,,,
,,,,,,,,,,,,,,
,,CSS,PHP,,,,SQL,,,,,,,
,,,,,,,,,,,,,,
Java,,,,,,,,,,,,,,
,JavaScript,CSS,PHP,,,,SQL,,,,,HTML5,,
Java,JavaScript,CSS,PHP,,,Ruby,SQL,,C++,,Perl,HTML5,,
Java,,CSS,PHP,,,,SQL,,C++,,,,,"D, Haskell, HTML 4"
,JavaScript,CSS,PHP,,,,,,,C,,,,
,JavaScript,CSS,,,Objective-C,Ruby,SQL,,,,,HTML5,,
Java,JavaScript,CSS,,Python,,Ruby,,,C++,C,,HTML5,,
,,,,Python,,,,C#,C++,C,,,,Haskell
,,,,,,,,,,,,,,Lisp
,,,,,,,SQL,C#,,,,,,
,,CSS,PHP,,,,,C#,,,,,,
,,,,,,Ruby,,,,,,,,
Java,JavaScript,CSS,,,,,SQL,C#,,C,,,,fortran forth pl1 ada pascal delphi dbl dibol bliss z80 68000
,,,,,,,,,,,,,,
,,,PHP,,,,,,,C,,,,
,JavaScript,CSS,,,,,,,,,,HTML5,,Mathematica
Java,,CSS,PHP,,,,SQL,C#,,,,,,
,,,,,,,,,,,,,,
,JavaScript,,PHP,,,,,,,,,,,
,,,,,,,,,,,,,,
,,CSS,PHP,,Objective-C,,,,,,,HTML5,,mysql
Java,,,,,,,SQL,,,,,,,
Java,,,,,,,SQL,C#,,,,,,
,,,,,,,,,,,,,,
Java,JavaScript,CSS,,,,,SQL,C#,C++,C,,HTML5,,
,,CSS,PHP,,,,,,,C,Perl,HTML5,,
Java,JavaScript,CSS,,,,,SQL,,,,,HTML5,,
,JavaScript,CSS,,,,,SQL,C#,,,,HTML5,,
,JavaScript,CSS,PHP,,Objective-C,,SQL,,C++,C,,HTML5,,
,,,,,,,,,,,,,,
,JavaScript,,PHP,,Objective-C,,SQL,,,,,HTML5,,
,JavaScript,CSS,PHP,,,,SQL,,,,,HTML5,,
,JavaScript,CSS,PHP,,,Ruby,SQL,C#,C++,C,,HTML5,,
,JavaScript,CSS,,,,,SQL,C#,,,,HTML5,,
Java,,CSS,,,,,SQL,C#,,,,HTML5,,
Java,,,,,Objective-C,,,,,C,,,,
,,,,,,,,,C++,,,,,
Java,,,PHP,,,,,,,,,,,
,JavaScript,CSS,PHP,,,,,,,,,HTML5,,
,,,,,,,,,,,,,,"COBOL, RPG-400"
Java,JavaScript,CSS,PHP,,Objective-C,Ruby,SQL,C#,,,,HTML5,,
Java,,CSS,,,,,,,C++,C,,,,
Java,JavaScript,CSS,PHP,Python,Objective-C,Ruby,SQL,,,,,HTML5,,
Java,JavaScript,CSS,PHP,Python,,Ruby,,C#,C++,,,,,
,,,,,,,,C#,,,,,,
Java,JavaScript,,PHP,,,,,,,,Perl,,,
,JavaScript,CSS,,,Objective-C,Ruby,,,,C,,HTML5,,
,,,,Python,,,,,C++,,,,,
Java,JavaScript,CSS,,,,,SQL,,,,,,,
,,,PHP,,,,SQL,,,,,,,
,,,,,,Ruby,SQL,,C++,,,,,
,JavaScript,CSS,,,,,SQL,C#,,,,,,
Java,,,,,,,,,,,,,,
,,,,,,,,,,,,,,
Java,JavaScript,CSS,,,,,,,,,Perl,,,
Java,JavaScript,CSS,,,,,SQL,C#,C++,,,HTML5,,
Java,,,,,,,SQL,,C++,,,,,
Java,,CSS,PHP,Python,,,SQL,C#,,C,,HTML5,,
Java,,CSS,,,,,,,,,,HTML5,,
,,,,,Objective-C,,,,,,,,,
Java,,,PHP,,,,SQL,,,,,,,FourJs
,JavaScript,CSS,,,,Ruby,,,,,,HTML5,,
Java,,,,Python,,,,,,,,,,
Java,JavaScript,CSS,,,Objective-C,,SQL,,,,,HTML5,,
,JavaScript,CSS,PHP,Python,,,SQL,,,,,HTML5,,
,,,,,,,,,,,,,,
,,,,,,,SQL,C#,C++,C,,,,
Java,JavaScript,CSS,PHP,,,,SQL,C#,,,Perl,,,
,JavaScript,CSS,,,,,SQL,C#,,,,HTML5,,
,,,,,,,SQL,C#,,,,,,Visual Studio 6.0
,,,,,,,,C#,C++,,,,,
,,,,,,,,,,,,,,
,,,,,,,,,,,,,,Android
Java,,,,,,,SQL,,C++,C,,,,
,,,,,,,,C#,,,,,,pl/sql
,JavaScript,CSS,PHP,Python,Objective-C,Ruby,SQL,C#,,,,HTML5,,
,,,,,,,SQL,C#,,,,,,
,,,,,,,,,,,,,,
,JavaScript,,,,,,,,,,,HTML5,,
Java,,,,,,,,,,C,Perl,,,
,,CSS,PHP,,Objective-C,,SQL,,C++,,,,,
Java,,,PHP,,,,,,,C,,,,
,,,,,,,,,,,,,,Delphi
Java,JavaScript,,,,,,SQL,,C++,,,,,VBA
Java,,,,,,,,,,C,,,,
,JavaScript,CSS,PHP,Python,Objective-C,,SQL,C#,C++,C,,HTML5,,
,,,,,,,,,,,,,,
,,CSS,,,,,SQL,C#,C++,C,,,,
,,,PHP,,,,,,,,,,,
Java,,,,Python,,,,,C++,C,,,,
,,CSS,,,Objective-C,,SQL,C#,,,,,,
,,CSS,,,,,,C#,C++,C,,HTML5,,
,,,,,,,,,,,,,,
Java,,,,,,,SQL,,C++,C,Perl,,,matlab
Java,JavaScript,CSS,PHP,,,,SQL,C#,,,,HTML5,,
,,,,,,,,,C++,,,,,
,JavaScript,CSS,PHP,Python,,Ruby,SQL,,,,,HTML5,,
,,,,,,,,,,,,,,
Java,,CSS,PHP,,,,,C#,,C,,,,XHTML Strict
,,,,,,,SQL,,,C,Perl,,,
,,,,,,,SQL,C#,C++,C,Perl,,,
Java,JavaScript,CSS,,,,,SQL,C#,C++,,,HTML5,,
,,,,,,,,,,,,,,
,,,,,,,,,,,,,,
Java,,,,,,,,C#,C++,C,,,,
,,,,,,,,,C++,C,,,,
Java,JavaScript,CSS,PHP,Python,Objective-C,Ruby,SQL,C#,C++,C,Perl,HTML5,,
,,,,,,,,,,,,,,
,JavaScript,,,,,,SQL,C#,,,,,,
,,,,,Objective-C,,,,,,,,,
,JavaScript,,PHP,,Objective-C,,SQL,,,,,HTML5,,
,JavaScript,CSS,PHP,Python,Objective-C,Ruby,,,C++,C,,HTML5,,Erlang
Java,,,,Python,,,,,,,,,,
,,,PHP,,,,SQL,C#,,,,HTML5,,
,JavaScript,,,,,,SQL,C#,C++,C,,,,
,JavaScript,CSS,PHP,Python,,,SQL,,C++,,,HTML5,,
,,,,,,,,,,,,,,
,,,,,,,,,,,,,,
Java,JavaScript,,PHP,Python,Objective-C,Ruby,,,,,Perl,,,vhvhv
Java,JavaScript,,,,,,SQL,C#,C++,C,,,,lisp
,JavaScript,CSS,,,,,SQL,C#,,,,,,
,JavaScript,,,,,,,C#,C++,C,,HTML5,,
,,,,,,,,C#,C++,,,,,VB
,JavaScript,CSS,,,,,SQL,C#,,,,,,
,,,,,,,,,,,,,,
Java,,,,Python,,,SQL,,,,,HTML5,,
Java,JavaScript,CSS,,,,,SQL,C#,,,,,,
,,,,,,,,,,,,,,
,,,,,,,,,,,,,,
,,,,,,,,,,,,,,
,,CSS,PHP,Python,,,SQL,,C++,C,,HTML5,,
,,,PHP,,,,,,,,,,,
,,,,,,,SQL,C#,C++,,,,,
Java,,,,Python,,,,,C++,C,,,,
,JavaScript,,PHP,,Objective-C,,,,C++,C,,,,
,JavaScript,CSS,PHP,,,,,,,,,HTML5,,
Java,JavaScript,CSS,,,,Ruby,,C#,,,,HTML5,,
Java,JavaScript,CSS,PHP,,Objective-C,Ruby,SQL,,,,,HTML5,,
Java,,CSS,,,,Ruby,SQL,C#,,,,HTML5,,
,JavaScript,CSS,PHP,,Objective-C,,SQL,C#,,,,HTML5,,
,,,,Python,,Ruby,SQL,,C++,C,,,,
,,,,,,,,,,,,,,
,,,,,,,,,,,,,,
,JavaScript,,,,,,SQL,C#,,,,,,vb.net
Java,JavaScript,CSS,PHP,Python,,Ruby,SQL,C#,C++,,Perl,HTML5,,
,,,,,,,SQL,C#,,,,,,
,JavaScript,CSS,PHP,,,,SQL,,C++,C,Perl,HTML5,,
,JavaScript,CSS,PHP,,,,SQL,,,,,HTML5,,
,JavaScript,CSS,PHP,,,,SQL,C#,,,,HTML5,,
Java,JavaScript,CSS,PHP,Python,,,SQL,C#,C++,C,,HTML5,,
Java,,CSS,PHP,,,,SQL,C#,,C,,,,
,,,,,,,,C#,,,,,,VB
Java,,,PHP,,,,SQL,,,,,,,
,,CSS,PHP,,,,SQL,,,,Perl,HTML5,,
,JavaScript,CSS,,,Objective-C,,SQL,C#,,,,HTML5,,
,JavaScript,CSS,,,,,SQL,C#,,,,HTML5,,
,JavaScript,CSS,,Python,,,SQL,,,,,HTML5,,
,,,,,,,,,,,,,,
Java,JavaScript,CSS,PHP,,,,SQL,C#,,,,HTML5,,
,JavaScript,CSS,PHP,,,,SQL,,,,,HTML5,,
,,,PHP,,,,,C#,C++,C,,,,
,JavaScript,,PHP,Python,,Ruby,,,,,,,,
,,CSS,PHP,Python,,,SQL,,C++,C,Perl,,,
Java,JavaScript,CSS,PHP,,,,SQL,C#,,,,HTML5,,
,,,,,,,,C#,C++,C,,,,
,JavaScript,CSS,,,,,SQL,C#,,,,HTML5,,
,,,,,,,,,,,,,,
Java,,,,,,,,,,,,,,
Java,,,PHP,,,,SQL,C#,,,,,,
Java,JavaScript,CSS,PHP,,,,,,,,,HTML5,,
Java,JavaScript,CSS,,,,,,,,,,,,
,JavaScript,,,,,,,C#,,,,HTML5,,
,,,,,,,,,,,,,,
Java,,,,,,,SQL,C#,,,,,,
Java,JavaScript,CSS,PHP,,,,SQL,C#,,,,,,
Java,JavaScript,CSS,,,,,,,,,,,,
,JavaScript,CSS,PHP,,,,SQL,,,,,HTML5,,
,JavaScript,CSS,,,,,,C#,,,,,,
,JavaScript,CSS,PHP,,,,SQL,,,,,HTML5,,
,JavaScript,CSS,PHP,Python,,,SQL,,,,,HTML5,,
,,,,,,,,,,,,,,
Java,,,,Python,,,SQL,,C++,,,,,
Java,,,PHP,,,,,,,,,,,
,,,,,,,,,,,,,,
Java,JavaScript,CSS,PHP,Python,,,SQL,,,C,,HTML5,,
Java,JavaScript,CSS,PHP,,,,SQL,,,,,,,
,,,,,,,SQL,C#,,,,,,
,JavaScript,,,,,,SQL,,,,,HTML5,,Coldfusion
,JavaScript,CSS,PHP,Python,Objective-C,,SQL,,,,,HTML5,,
,JavaScript,,PHP,,,,SQL,,,,,,,
Java,JavaScript,CSS,PHP,,,,SQL,,,,Perl,,,
Java,JavaScript,CSS,PHP,,,,SQL,C#,C++,C,,HTML5,,
Java,,,,,,,SQL,,,,,,,
,JavaScript,,PHP,,,,SQL,C#,,,,HTML5,,
Java,JavaScript,,,Python,,,SQL,,,C,,,,
,JavaScript,CSS,,,,,SQL,C#,,,,,,
,,,,,,,,,,,,,,
,JavaScript,CSS,PHP,Python,,Ruby,,C#,C++,C,,HTML5,,"Delphi, Assembly, Lua"
,,,,,,Ruby,,,,,,,,
,JavaScript,CSS,,,,,SQL,C#,,,,,,F#
Java,JavaScript,CSS,,,,Ruby,,,,,,,,
,JavaScript,,PHP,,,Ruby,SQL,,,,,HTML5,,
Java,JavaScript,,,,Objective-C,,,,,,,,,
,JavaScript,,PHP,,,Ruby,,,,,,,,
,,,,,,,SQL,C#,C++,,,,,
Java,,,,,,,SQL,C#,,,,,,
,,,,,,,,,,,,,,
,JavaScript,,,,,,SQL,C#,,,,,,
Java,JavaScript,CSS,PHP,,,,SQL,,C++,,,HTML5,,
,,,,Python,,,,,C++,,,,,
Java,JavaScript,CSS,PHP,,,,SQL,C#,,C,,,,
,,,,,,,,,,,,,,
,,,,,,,,,,C,,,,
Java,JavaScript,CSS,PHP,,Objective-C,,SQL,,,C,Perl,,,
,,,,,,,,,,,,,,
,,,,,Objective-C,,,,C++,C,,,,
Java,JavaScript,CSS,,,,,SQL,C#,C++,,,HTML5,,VB and I'll kick your ass in FORTRAN.
Java,,,,,,,,,,,,,,
,JavaScript,CSS,,,,,SQL,C#,,,,,,BASIC (LIKE EVERYONE ELSE)
Java,JavaScript,,PHP,,,,,,,C,,,,
,,,,,,,,,,,,,,
Java,,,,,Objective-C,,,,C++,C,,,,Phrogram
Java,JavaScript,CSS,PHP,,,,SQL,,,,,,,
Java,JavaScript,CSS,PHP,Python,,Ruby,SQL,,,C,,HTML5,,
Java,JavaScript,CSS,PHP,,,,SQL,,C++,C,,,,Groovy
Java,JavaScript,,PHP,Python,,Ruby,,,C++,,Perl,,,scala
,,,,Python,,,,,,,,,,Haskell
Java,JavaScript,CSS,,,,,,C#,,,,,,
Java,JavaScript,CSS,,,,,SQL,C#,C++,C,,HTML5,,
Java,JavaScript,CSS,PHP,,,,SQL,C#,C++,C,,HTML5,,
,JavaScript,CSS,PHP,,,,SQL,,,,,HTML5,,
Java,JavaScript,CSS,,,,Ruby,SQL,,,,,HTML5,,
,,,,Python,,,,,C++,C,,,,
,,,,,,,,,,,,,,
Java,JavaScript,,,Python,,,SQL,,C++,C,,,,
,JavaScript,CSS,,Python,,,,,,,,HTML5,,
Java,JavaScript,CSS,PHP,,,,SQL,C#,,,Perl,HTML5,,
,JavaScript,,,,,,SQL,C#,,,,,,VBA
Java,JavaScript,CSS,,,,,SQL,C#,,,,HTML5,,
,JavaScript,CSS,PHP,,,,SQL,,,,,HTML5,,
,,,,,,,,,,,,,,
,,CSS,,Python,,Ruby,SQL,C#,,,,,,
,,,,,,,,,C++,,,,,Lua
Java,JavaScript,,PHP,,,,SQL,,,,,,,
,JavaScript,CSS,,,,,SQL,C#,C++,,,,,
,,,,,,,,,,,,,,
,JavaScript,CSS,PHP,,,,,,,,,HTML5,,
Java,,,,Python,,,,,,,,,,
,JavaScript,CSS,PHP,Python,,,SQL,C#,,,,HTML5,,"Actionscript, Bash"
Java,JavaScript,CSS,PHP,,,,SQL,C#,,C,,HTML5,,
,,,,,,Ruby,,,,C,,,,
,JavaScript,CSS,PHP,Python,Objective-C,Ruby,SQL,,,,,HTML5,,
,,,,,,,,,,,,,,
,,,,,,,,,,,,,,VB.net
Java,,,,,,,SQL,,C++,C,,HTML5,,
,JavaScript,CSS,PHP,,,,SQL,,,,,,,
,JavaScript,CSS,,,,,SQL,C#,,,,HTML5,,
,JavaScript,,,,,,SQL,C#,C++,,,,,
,,,,,,,,,,,,,,
,JavaScript,CSS,PHP,Python,,,,,C++,C,Perl,HTML5,,XUL
Java,,,,,,,,C#,C++,C,,,,
,,,,,,,,,,,,,,
Java,JavaScript,CSS,PHP,Python,,,SQL,C#,,,Perl,HTML5,,
,,,,,,,,,,,,,,
,,,PHP,,,,,,C++,,,HTML5,,
,,,,,,,SQL,C#,,,,,,
,,,,,,,,,C++,,,,,
Java,JavaScript,CSS,,,Objective-C,,SQL,C#,C++,C,,,,
,JavaScript,,,,,,SQL,C#,,,,,,
,JavaScript,CSS,,Python,,,SQL,,,C,,,,
Java,JavaScript,,PHP,,,,SQL,,C++,,,,,
Java,JavaScript,CSS,PHP,,Objective-C,,SQL,,,C,,HTML5,,68k Assembly
,JavaScript,CSS,,,,,SQL,C#,C++,C,,,,
,,,,,,,,,,,,,,
,JavaScript,,PHP,Python,,,SQL,,,,,,,
,,,,,,,,,,,,,,
,,CSS,PHP,,,Ruby,SQL,,,,,HTML5,,
,,,,,,,,,,,,,,
,JavaScript,CSS,PHP,Python,,,SQL,C#,C++,C,Perl,HTML5,,
,,,,,,,,,,C,,,,Delphi
Java,JavaScript,CSS,,,,Ruby,SQL,C#,,,,,,Coldfusion
Java,JavaScript,CSS,,,,,,,,,,HTML5,,
,,,,,,,,,,,,,,
,JavaScript,CSS,,,,,SQL,C#,,,,,,
,,,,,,,,,,C,,,,
Java,JavaScript,CSS,PHP,,,,SQL,C#,C++,C,Perl,,,"unix shell, xpath, xquery"
,JavaScript,CSS,PHP,,,,,,C++,C,,,,
Java,JavaScript,CSS,PHP,Python,,,SQL,,C++,,,HTML5,,
Java,,,,Python,,,SQL,,C++,C,,,,
,,,,,,,,,C++,,,,,
,JavaScript,CSS,PHP,,Objective-C,,SQL,,,,,HTML5,,
,JavaScript,CSS,PHP,,,,,,,,,HTML5,,
,JavaScript,CSS,,,,,SQL,,,,,HTML5,,vb.net
,,,,,,,,,,,,,,
Java,JavaScript,CSS,,,,,SQL,C#,C++,,,HTML5,,
,JavaScript,,,Python,,,SQL,,,,Perl,HTML5,,R
,JavaScript,,PHP,,,,,,,,,HTML5,,
Java,JavaScript,CSS,PHP,,,,SQL,C#,,,,HTML5,,
,JavaScript,,PHP,,,,SQL,,,,,HTML5,,
,,,,,,,,C#,,,,,,
,JavaScript,CSS,,,,,,C#,C++,,,HTML5,,
,,CSS,,Python,,,,,,,,,,
,,,,Python,,,,,,,,HTML5,,"Haskell, Common Lisp, Racket"
Java,JavaScript,CSS,,,Objective-C,,SQL,C#,,,,HTML5,,
,JavaScript,CSS,,,,,SQL,C#,,,,HTML5,,
,,,,,,,,C#,C++,,,,,
,,,,,,,,,,,,,,
,JavaScript,CSS,,,,,SQL,,,,,HTML5,,coldfusion
,,CSS,PHP,,,,SQL,,,,,,,
Java,JavaScript,CSS,,,,,SQL,,,,,HTML5,,
Java,,CSS,PHP,,,,,C#,,,,,,
Java,JavaScript,,,Python,,,,,,C,,,,
,,,,,,,,,,,,,,
,,CSS,PHP,,,,,,,,,HTML5,,Awesomeness
Java,JavaScript,CSS,PHP,Python,Objective-C,,SQL,,,C,,HTML5,,
,JavaScript,CSS,,,,,SQL,C#,C++,,,,,
Java,,,PHP,,,,,,,,,,,
,JavaScript,,,Python,,,,,,,,HTML5,,
,,CSS,,,,,SQL,C#,,,,HTML5,,
,JavaScript,,,Python,,,,,,,,,,
,,,,Python,,,,C#,C++,C,,,,
,,CSS,,Python,,,,,,C,,HTML5,,
,,,,,Objective-C,,,,,,,,,
,,,,,,,,,,,,,,
,,,PHP,,,,,C#,C++,,,,,
,,,,,,,,C#,C++,,,HTML5,,
,,,,,,,,,,,,,,
Java,,CSS,PHP,Python,,,SQL,,C++,C,,,,
,,,,,,,,,,C,,,,
Java,JavaScript,CSS,,,,,SQL,C#,,,,HTML5,,
,,,,,,,,,C++,C,,,,
,,,,,,,,,,,,,,
Java,JavaScript,CSS,PHP,,Objective-C,,SQL,,C++,C,,HTML5,,
,JavaScript,CSS,PHP,,,,,,,,,HTML5,,
Java,JavaScript,CSS,,,,,SQL,C#,,,,HTML5,,
,JavaScript,CSS,PHP,,,,SQL,,,,,HTML5,,
,JavaScript,,,,,,,,,,,HTML5,,
Java,,CSS,PHP,,,,SQL,C#,,,,HTML5,,
Java,,CSS,,,,,SQL,C#,,,,,,
,JavaScript,CSS,,,,,SQL,,,,,,,VB
,,,,,,,,,,,,,,
Java,JavaScript,CSS,PHP,,,,,,,,,HTML5,,
,,,PHP,,,Ruby,SQL,,,,,HTML5,,
,,,,,,,,,,,,,,
,JavaScript,CSS,PHP,,Objective-C,,SQL,,,,,HTML5,,
Java,JavaScript,CSS,,,Objective-C,,SQL,,,,,,,
,JavaScript,CSS,,,,,SQL,C#,,,,,,
Java,JavaScript,CSS,PHP,,,,SQL,C#,C++,C,,HTML5,,
Java,JavaScript,CSS,,,,,SQL,,,,,,,
Java,JavaScript,,,,,,,,,,,,,
Java,,,,,,,,,,,,,,
Java,,,,,,,,,,,,,,
,,,,,,,,,,,,,,
,JavaScript,,,,,,SQL,C#,,,,,,
,JavaScript,CSS,PHP,,,Ruby,SQL,,,,,HTML5,,"Redis, Node.js"
,,,,,,,,,,,,,,
,JavaScript,CSS,,,,,SQL,C#,,,,HTML5,,
,JavaScript,CSS,PHP,,,,,,C++,C,,,,ActionScript 3
,,,,,,,,,,,,,,
Java,JavaScript,CSS,PHP,Python,,,SQL,C#,,,,,,
Java,JavaScript,CSS,PHP,,,,SQL,,,,,,,
,,,,,,,,,,,,,,
Java,JavaScript,,,,,,,,,,,,,
,,,,,,,,,C++,C,Perl,,,
,,,,,,,,,,,,,,
,,,,,Objective-C,,,C#,C++,,,,,
Java,,,,,,,SQL,C#,,,,,,
Java,,,PHP,,,,SQL,,C++,,,,,android
,,,,,,,,,,,,,,
,,,,,,,,,,,,,,
,JavaScript,,,,,,SQL,C#,,,,,,
,,,,,,,,,,,,,,
Java,,,,,,,SQL,C#,C++,,,,,
Java,JavaScript,CSS,PHP,Python,,,SQL,C#,,,Perl,HTML5,,
Java,,,,,,,,,,,,,,
Java,JavaScript,CSS,PHP,,,,SQL,C#,,,,,,
Java,,,,,,,SQL,,,C,,,,
,JavaScript,,PHP,,,,SQL,,C++,C,,,,
Java,JavaScript,CSS,PHP,Python,,,SQL,C#,,,,,,
Java,JavaScript,CSS,PHP,,,Ruby,SQL,C#,C++,C,,HTML5,,
Java,JavaScript,CSS,PHP,Python,,Ruby,SQL,C#,C++,C,Perl,HTML5,,
Java,JavaScript,CSS,PHP,Python,,Ruby,SQL,,,C,,HTML5,,
Java,,,,,,,SQL,,,C,,,,
,,,,,,,,,,,,,,
Java,,,,,,,,,,,,,,
,,CSS,,,,,SQL,C#,,,Perl,,,
,,CSS,PHP,Python,,,SQL,,C++,C,,HTML5,,
,,,PHP,,,,SQL,,,,,,,
,JavaScript,CSS,,,,,SQL,C#,,,,HTML5,,
,JavaScript,CSS,,,,,,C#,,,,,,
,,,,,,,,C#,,,,,,
,JavaScript,,PHP,,,Ruby,SQL,,,,,,,
,JavaScript,,,,,Ruby,SQL,,,,,,,
,,CSS,PHP,,,,SQL,C#,C++,,,,,
Java,,,,,,,,,,,,,,
Java,,,,,,,,,,,,,,android
,,,,,Objective-C,,,,C++,C,,,,
,JavaScript,CSS,PHP,,,,SQL,C#,,,,HTML5,,
Java,,,,,,,SQL,,,C,,,,
,JavaScript,CSS,PHP,,,,,C#,,,,HTML5,,
,,,,,,,,C#,,,,,,
,,,,,,,SQL,C#,,,,,,
Java,,,,,Objective-C,,SQL,,,,,,,
,,,,,,,,C#,,,,,,
,JavaScript,CSS,PHP,,,,SQL,,,C,,HTML5,,
,,,,,,,,,,,,,,
,JavaScript,,,Python,,,,,C++,C,,,,
,,,,,,,,,,,,,,
Java,,,,,,,,,,,,,,
,,,,,,,,,,,,,,
Java,JavaScript,,,Python,Objective-C,,,,C++,C,,,,
,,CSS,PHP,,Objective-C,,SQL,C#,,,,,,
,,,,,,,,,,,,,,
Java,JavaScript,CSS,,,,,SQL,,,,,,,
,,,,,,,,,,,,,,
Java,JavaScript,,,,,,,,,,,,,
,JavaScript,CSS,PHP,Python,,Ruby,SQL,,,C,Perl,HTML5,,
,JavaScript,,,,,,SQL,C#,,,,,,
Java,JavaScript,CSS,PHP,,Objective-C,,SQL,C#,C++,C,,,,
Java,,,,,,,,,,,,,,
,,,,,,,,,,,,,,
,JavaScript,,,,,Ruby,SQL,C#,C++,,,,,
,JavaScript,CSS,PHP,,,,SQL,,C++,,,,,"R, LaTeX"
Java,,,,,,,SQL,,,,,,,
,,,,,,,SQL,C#,,,,,,
,JavaScript,,,Python,,,SQL,,C++,C,,,,
Java,,,,,Objective-C,,,,,C,,,,
,JavaScript,CSS,PHP,Python,,,,,C++,C,,HTML5,,NASM
Java,JavaScript,CSS,,Python,,,SQL,,,,,,,
,JavaScript,CSS,PHP,Python,,,,,,,,HTML5,,
,,,,,,,,,,,,,,
,,,,,,,,,,,,,,
,,,,,,,,,,,,,,
,,,,,,,SQL,,C++,C,Perl,,,VB.NET
Java,JavaScript,,,Python,,Ruby,SQL,,C++,C,,,,
Java,JavaScript,,PHP,Python,Objective-C,,,,,,,,,
,JavaScript,CSS,PHP,Python,Objective-C,,SQL,,C++,,,HTML5,,
,,,,,,,,,,,,,,
,,,,Python,,,,,,C,,,,
Java,,,,Python,,,,C#,,,,,,
,,,,,Objective-C,Ruby,,,,,,,,
Java,,,,,,,SQL,C#,C++,C,,,,Action Script (Flex dev)
Java,,,,,,,SQL,,,,Perl,,,Bash
,JavaScript,,,Python,,,,C#,,C,,,,
Java,JavaScript,,,,,,,,,,,,,
Java,,,,,,,,,,,,,,
Java,,CSS,,,,,SQL,C#,,,,HTML5,,
Java,,CSS,PHP,,,,SQL,,C++,,Perl,,,
Java,JavaScript,CSS,PHP,,,,SQL,C#,C++,,,,,
,,,PHP,,,,,,,,Perl,,,
Java,JavaScript,CSS,,Python,Objective-C,,SQL,C#,,,,,,
Java,,,,,,,,C#,C++,C,,,,
Java,JavaScript,,PHP,,,,SQL,C#,,,,,,
,,,,,,,,,C++,,,,,
,,,,,,,,,,,,,,
,JavaScript,CSS,PHP,,,,SQL,C#,,,,HTML5,,
,,,,,,,,C#,,,,,,Delphi
,,,,Python,,,SQL,,,C,,HTML5,,Omnis Studio
,,,,,,,,,,,,,,
Java,JavaScript,,,Python,Objective-C,,SQL,C#,,,,,,
Java,JavaScript,,,Python,,,SQL,C#,C++,C,,,,
,JavaScript,CSS,PHP,,,,SQL,,,,,HTML5,,
Java,JavaScript,CSS,,,,,SQL,C#,,,,HTML5,,
,,,,,,,,,,,,,,
,,,,Python,,,,,C++,C,,,,
Java,,,,,Objective-C,,,C#,,,,,,
Java,JavaScript,,,,,,,,,C,Perl,,,
,JavaScript,CSS,PHP,,,Ruby,,C#,,,,HTML5,,
,JavaScript,CSS,PHP,,,,SQL,,,,,HTML5,,
,,,PHP,,,,,,C++,C,,,,
,JavaScript,CSS,PHP,,Objective-C,,,,,,,HTML5,,
Java,JavaScript,CSS,PHP,Python,,,,,,,,HTML5,,
,,,,,,,SQL,C#,,,,,,
Java,,CSS,PHP,,,,SQL,C#,,,,,,
,JavaScript,CSS,,Python,,,SQL,,,,,HTML5,,
,JavaScript,CSS,,,,,SQL,C#,,,,,,
,,,,Python,,,,,C++,,,,,
,,CSS,PHP,Python,,,SQL,,,,Perl,,,
,,,,,,Ruby,,,C++,,,,,
Java,JavaScript,CSS,,,,,SQL,C#,,,,HTML5,,
Java,JavaScript,CSS,PHP,,,,SQL,C#,,C,Perl,HTML5,,
Java,,,,,,,SQL,,,C,,,,scala r
,JavaScript,CSS,,,,,,,C++,,,HTML5,,Actionscript
,,,,,,,SQL,,,,,HTML5,,CFML
,JavaScript,CSS,,,,,SQL,C#,,,,,,
,JavaScript,CSS,,,,Ruby,,,,,,HTML5,,
Java,JavaScript,CSS,PHP,Python,,Ruby,SQL,C#,C++,C,Perl,,,
,JavaScript,CSS,PHP,,,,,,C++,C,,HTML5,,
Java,JavaScript,CSS,PHP,,,,SQL,C#,,,,,,xhtml
Java,,,,,,,,,,,,,,
Java,JavaScript,CSS,PHP,Python,Objective-C,Ruby,SQL,C#,C++,C,Perl,HTML5,,
,,,,,,,SQL,C#,,C,,,,
,,,,,,,,,,,,,,
Java,JavaScript,CSS,PHP,Python,,,SQL,,C++,C,,HTML5,,
Java,,,,,,,,,,,,,,
,JavaScript,CSS,PHP,,,,SQL,,,,,HTML5,,
Java,JavaScript,CSS,PHP,Python,,,SQL,,C++,C,,HTML5,,
Java,,,,,,,,,,,,,,
,JavaScript,,PHP,,,,,,,C,,,,
Java,JavaScript,CSS,,,,,,,,,,HTML5,,
,,,,,Objective-C,,,,,C,,,,
,JavaScript,CSS,,,,,SQL,C#,,,,HTML5,,
Java,JavaScript,CSS,PHP,,Objective-C,,SQL,C#,C++,C,,,,
,,,,Python,,,,,C++,C,,,,"scala, haskell"
Java,,,,,Objective-C,,,C#,,,,,,
Java,JavaScript,CSS,,,Objective-C,,SQL,C#,,,,HTML5,,
,,,,,,,,,C++,,,,,
,JavaScript,,,,,,SQL,C#,,,,,,
,JavaScript,CSS,PHP,Python,,,SQL,,,,,HTML5,,
,JavaScript,CSS,,,,,SQL,C#,,C,,HTML5,,
,JavaScript,,PHP,,,,SQL,,,,,,,
Java,,,,,,,SQL,C#,,,,,,
,,,,,,,,,,,,,,
Java,JavaScript,CSS,PHP,,,,SQL,,,,,,,actionscript
,JavaScript,CSS,PHP,,,,SQL,,,,,,,
,,,,Python,Objective-C,,,,C++,C,,HTML5,,Assembler (ARM)
,JavaScript,CSS,PHP,,,,SQL,C#,,,,,,
,JavaScript,CSS,PHP,Python,,Ruby,,,,,,HTML5,,
Java,JavaScript,CSS,,Python,Objective-C,,SQL,,C++,C,,HTML5,,
Java,,,,,,,SQL,,,,,,,
,,CSS,PHP,Python,,,SQL,,C++,,,,,
Java,,,,,,,SQL,,,,,,,
,,,,,Objective-C,,,,C++,C,,,,
,,,,,,,,,,,,,,
Java,,,,,,,,C#,C++,C,,,,x86 assembly
Java,,,,,Objective-C,Ruby,,,,,,,,
,,,PHP,,,,,,C++,,,,,lua
,,CSS,PHP,,,,SQL,C#,,,,HTML5,,shell
Java,JavaScript,CSS,,,,Ruby,SQL,,,,,HTML5,,
Java,JavaScript,CSS,PHP,,,,SQL,,C++,,,,,Lua
Java,,,,,,Ruby,,,C++,C,Perl,,,
Java,JavaScript,CSS,,,,,SQL,C#,,,,,,
,,,,,,,,,C++,C,,,,
,,,,,Objective-C,,,C#,,,,,,
Java,JavaScript,CSS,PHP,Python,,,SQL,,C++,,,,,
Java,JavaScript,CSS,PHP,Python,,,SQL,C#,,,,HTML5,,
,JavaScript,,,,,,SQL,C#,C++,,,HTML5,,
Java,,,,,,,,,,,,,,
,JavaScript,,,,,,SQL,C#,,,,HTML5,,
Java,JavaScript,CSS,PHP,Python,Objective-C,Ruby,SQL,C#,C++,C,Perl,HTML5,,"Erlang, Object Pascal, Scheme, Common Lisp, HTML4 ;-)"
Java,,,,Python,,,SQL,,C++,C,,,,
,,,,,,,,,,,,,,
Java,JavaScript,CSS,PHP,,Objective-C,,SQL,C#,C++,C,Perl,HTML5,,
Java,JavaScript,CSS,PHP,,,,SQL,,C++,,,,,
Java,,,PHP,,,,SQL,,C++,C,Perl,,,
,JavaScript,CSS,,Python,,Ruby,,,,,,HTML5,,
,,,,,,,,,,,,,,
Java,JavaScript,,,,Objective-C,,SQL,,C++,C,,,,
,JavaScript,CSS,PHP,,Objective-C,Ruby,SQL,C#,,,,HTML5,,
,,,,,,,,,,,,,,
,,,,,,,SQL,,,C,Perl,,,
Java,,,,,,,,C#,C++,,,HTML5,,
,JavaScript,CSS,,,,,,C#,,,,HTML5,,
,JavaScript,CSS,PHP,,,,,,,,,HTML5,,
,,CSS,PHP,,,,,C#,,,,HTML5,,"Visual Basic, ASP"
,,,,,,,,C#,,,,,,
,,,,,Objective-C,,,,,,,,,
,JavaScript,CSS,PHP,,,,SQL,C#,,,,,,
,,CSS,,,,,,,,,,HTML5,,Smalltalk
Java,JavaScript,,,Python,,,SQL,C#,,,,HTML5,,
,,,,,,,SQL,C#,,,,,,
,JavaScript,,,,,,SQL,,,,,,,VB.NET
,JavaScript,CSS,PHP,,,,SQL,,,,,HTML5,,
,JavaScript,CSS,PHP,,,,SQL,C#,C++,C,,,,
Java,JavaScript,CSS,PHP,Python,Objective-C,,SQL,,C++,C,,HTML5,,Bash
Java,JavaScript,CSS,,,,,SQL,C#,,,,,,
,JavaScript,CSS,PHP,,,,SQL,,,,Perl,HTML5,,
,JavaScript,,,,,,SQL,C#,,,,,,
,,,,,,,,,,,,,,
Java,,,,,,,SQL,C#,C++,C,,,,
,,,,,,,,,,,,,,MATLAB
,,CSS,PHP,Python,,,SQL,,,,,HTML5,,
,JavaScript,,,Python,,,SQL,C#,C++,C,,HTML5,,
,JavaScript,CSS,PHP,,,,SQL,C#,,,,,,tcl/tk
Java,,,,Python,,,,,C++,C,,,,
,,,,,,,,,,,,,,
,JavaScript,CSS,PHP,,,,SQL,C#,,,,,,
,,,,,,,,,,,,,,
,JavaScript,CSS,PHP,,,,SQL,,,,,HTML5,,
,,,,,,,SQL,C#,C++,C,,,,Delphi
,JavaScript,CSS,,,Objective-C,,SQL,C#,,,,HTML5,,
Java,,CSS,,,,,,,,,,,,
Java,JavaScript,,,,,,,,,,,HTML5,,
Java,JavaScript,CSS,,,,,,,,,,,,
,JavaScript,CSS,,,,,SQL,,C++,,,,,DELPHI
,JavaScript,CSS,,,,,,,,,,HTML5,,
Java,JavaScript,CSS,,,,,SQL,C#,,,,HTML5,,
Java,JavaScript,CSS,PHP,,,,SQL,,,C,,,,
,JavaScript,CSS,,,,,SQL,C#,,,,HTML5,,
,JavaScript,,,,,,,C#,C++,C,,,,
Java,JavaScript,CSS,,,,,,,,,,,,groovy
,,,,,,,,C#,,,,,,
,,,,,,,,,C++,C,,,,
Java,JavaScript,CSS,PHP,Python,,Ruby,SQL,,,,Perl,HTML5,,
Java,JavaScript,CSS,,,,,SQL,C#,C++,C,,HTML5,,
,,,,,,,,,,,,,,
,JavaScript,CSS,,,,,SQL,C#,,C,,HTML5,,
Java,,,,Python,,,,,C++,,,,,
,JavaScript,CSS,PHP,,,,SQL,,,,,HTML5,,
Java,JavaScript,CSS,PHP,,,,SQL,,,,,,,
,,,,,,,,,,,,,,
,JavaScript,,PHP,,,,SQL,,C++,C,Perl,,,
,,,,,,,SQL,C#,,,,,,
,,,,Python,,,,,,,,,,
Java,JavaScript,CSS,,,,,SQL,C#,C++,,,,,
,JavaScript,,,,,,SQL,C#,,,,,,ActionScript3
,,,,,,,,,,,,,,
,,,,,,,,,,,,,,
Java,JavaScript,CSS,PHP,Python,,,SQL,,,,,HTML5,,
,JavaScript,,,,,,SQL,C#,,,,,,
Java,JavaScript,CSS,PHP,,,,SQL,C#,,,,,,
,JavaScript,CSS,PHP,Python,,,SQL,,C++,C,,HTML5,,"Lua, Go"
,JavaScript,CSS,PHP,,,,,,,,,,,
,,,,,,,SQL,C#,C++,,,,,
Java,,,,,,,,,,C,,,,
,,,,,,,,,C++,C,,,,
,,,,,,,,,,,,,,
,,,PHP,,,,,C#,C++,C,,,,
Java,JavaScript,CSS,,,,,,,,,Perl,,,
Java,,,,Python,,,SQL,C#,,,,,,
Java,,,,,,,,,C++,C,,,,Lua
,,CSS,PHP,,,,SQL,,,,,,,
Java,JavaScript,CSS,,Python,,,SQL,,,,,,,
,,,,,,,SQL,,C++,,,,,
,,CSS,,,,,SQL,C#,,,,,,
,,,,,,,,,,,,,,
,,,,,,,,,,,,,,
,,,,,,,SQL,C#,C++,,,,,
Java,,,,,,,SQL,C#,C++,C,,,,
,JavaScript,,,Python,,,,C#,,C,,HTML5,,
,,,,,,,SQL,C#,,,,,,
Java,JavaScript,,,,,,SQL,,,C,,,,
,JavaScript,CSS,,,,,SQL,C#,,,,HTML5,,
,JavaScript,CSS,,,,,SQL,C#,,,,HTML5,,
,,,,,,,,,C++,C,,,,
,JavaScript,,PHP,Python,,,SQL,C#,,,,HTML5,,
Java,JavaScript,CSS,PHP,,,,,C#,,,,HTML5,,
,,,,,,,,,,,,,,
,,,,,,,,,,,,,,
,JavaScript,CSS,PHP,,,Ruby,SQL,,,,Perl,HTML5,,
,JavaScript,,PHP,Python,Objective-C,,,,,,,HTML5,,
,,,,,,,,,,,,,,
,,,,,Objective-C,,SQL,C#,,,,HTML5,,
Java,JavaScript,CSS,PHP,Python,,Ruby,,,,,,,,Go
Java,JavaScript,CSS,PHP,,,,SQL,,,,,HTML5,,"AS2, AS3"
Java,JavaScript,CSS,,Python,,,SQL,C#,C++,C,,,,
Java,JavaScript,CSS,PHP,Python,,,SQL,C#,C++,,,HTML5,,
,,,,,,,SQL,,,,,,,R
,JavaScript,,PHP,,,,,,,,,,,
,JavaScript,CSS,PHP,,,,SQL,,,,,HTML5,,
,,,,,,,,,,,,,,
,,,,,,,,C#,C++,,,,,
,JavaScript,CSS,,,,,SQL,C#,,,,HTML5,,
,JavaScript,CSS,PHP,,,,SQL,C#,,,,HTML5,,
,JavaScript,,,,,Ruby,,,,,,HTML5,,
,,,,,,,,,,,,,,
Java,JavaScript,CSS,,Python,,,,,C++,C,,HTML5,,
Java,JavaScript,,,,Objective-C,Ruby,SQL,,,,,,,
Java,JavaScript,,,,,Ruby,,,,,,,,
,JavaScript,CSS,,Python,,,,,C++,C,,HTML5,,
,JavaScript,,,,,,,C#,,,,,,
,,,,,,,,,,,,,,
Java,,,,,,,,,,,,,,
Java,,,,,,,,,,C,,,,
,JavaScript,,,,,,SQL,C#,,,,HTML5,,
Java,JavaScript,CSS,PHP,,,,SQL,,,,,,,
,JavaScript,CSS,,,,Ruby,,,,,,HTML5,,
,JavaScript,CSS,PHP,,,Ruby,SQL,,,,,,,
Java,,,,,Objective-C,,SQL,,,C,,,,
,,,,,,,,,,,,,,
,,,,,,,,,,,,,,"VBA, R"
Java,JavaScript,,PHP,,,,SQL,C#,C++,C,Perl,,,
,,,,Python,,,SQL,,,,,,,R
,JavaScript,CSS,PHP,,,Ruby,SQL,,,,,HTML5,,
Java,,,,,,,SQL,,,C,,,,
Java,,,,Python,,,,,,C,,,,
Java,JavaScript,CSS,PHP,,Objective-C,,SQL,,,C,,HTML5,,
,,,,,,,,,,,,,,
Java,JavaScript,CSS,PHP,,,Ruby,SQL,,,,,HTML5,,
,JavaScript,,,,,,SQL,C#,,,,,,
,,CSS,PHP,,,,SQL,,,,,HTML5,,
,,,,Python,,,,,,,,,,
,JavaScript,CSS,PHP,,,,,,,,,HTML5,,
Java,JavaScript,CSS,,Python,,,SQL,,,,,HTML5,,
Java,JavaScript,CSS,,,,,SQL,C#,,,,,,F#
,JavaScript,,PHP,Python,,Ruby,SQL,,,C,,,,
,JavaScript,CSS,,Python,,,SQL,,,,,HTML5,,coldfusion
,JavaScript,CSS,PHP,,,Ruby,SQL,,,,,HTML5,,
Java,,,,Python,,,,,,,,,,
,,CSS,,Python,,,,,,,,HTML5,,
,,,,,,,SQL,C#,,,,,,
Java,JavaScript,,PHP,,,,,,,,,,,
,JavaScript,CSS,PHP,,,,,,,,,HTML5,,
,,,,,,,,,,,,,,
,,,,,,,,C#,,,,,,
Java,,,PHP,Python,,Ruby,SQL,,,,,,,
Java,,,,,,,SQL,,,,,,,
Java,,,,,,,,,,C,,,,
Java,JavaScript,CSS,PHP,Python,Objective-C,Ruby,SQL,C#,C++,C,Perl,HTML5,,
,,CSS,PHP,,,,SQL,C#,C++,C,,,,
Java,JavaScript,CSS,,,,,SQL,,,,,,,
,,,,Python,,,,,,,,,,R
Java,,,,,,,,,,C,,,,
,JavaScript,,,,,,,,,,,,,
Java,,,,,,,SQL,C#,C++,,,,,
Java,JavaScript,CSS,,,,,SQL,C#,,,,HTML5,,
Java,JavaScript,,,,Objective-C,,,,C++,C,,,,
,,,,,,,SQL,C#,,,,,,
Java,,,,,,,SQL,,,,Perl,,,
,,,PHP,,,,SQL,C#,,,,,,".NET, AutoIT"
,JavaScript,CSS,PHP,Python,,,SQL,C#,,,,HTML5,,
,,CSS,,,,,SQL,C#,,,,HTML5,,VB.NET
Java,JavaScript,CSS,,Python,,,SQL,C#,,,,,,
,,CSS,,,,,,,,,,HTML5,,
,JavaScript,CSS,,,,,SQL,C#,,,,HTML5,,ASP.Net
,,,,,,,,C#,,,,,,
Java,JavaScript,CSS,,,,,SQL,C#,C++,,,HTML5,,
Java,JavaScript,CSS,,,,Ruby,SQL,,,C,,,,
,,,,,,,,,,,,,,
,JavaScript,CSS,,,,,SQL,C#,,,,,,
Java,,CSS,PHP,,,,,,C++,,,HTML5,,
Java,,,,,,,,,C++,C,,,,
,,,,Python,,,,,C++,C,,,,
Java,,,PHP,,Objective-C,,,,C++,C,,,,
,,,,,,,,,,,,,,
,,,,,,,,C#,,,,,,
Java,JavaScript,CSS,,,,,SQL,C#,C++,,,,,
Java,,,,,Objective-C,,,,C++,C,,,,
Java,JavaScript,,PHP,Python,,,SQL,,,,,,,
Java,,CSS,PHP,Python,,,,,C++,,,HTML5,,QML
,,,,Python,Objective-C,,,,,C,,,,
,,,,,,,,C#,,,,,,
Java,JavaScript,CSS,PHP,Python,,,SQL,C#,,,,HTML5,,
,JavaScript,CSS,,,,,SQL,C#,,,,HTML5,,
Java,JavaScript,CSS,PHP,Python,,,SQL,,,,,HTML5,,
,,,,,,,SQL,C#,,,,,,
,,,,Python,,,,,,,,,,
,,,,,,,,C#,,,,,,
Java,,,,,,,SQL,,,C,,,,
,,,,,,,,C#,C++,,,,,
,JavaScript,CSS,PHP,Python,,,SQL,C#,C++,C,,HTML5,,
Java,JavaScript,CSS,,,,,SQL,C#,,,,,,
Java,JavaScript,CSS,PHP,Python,,Ruby,SQL,,C++,C,,HTML5,,
,JavaScript,CSS,,,,,SQL,C#,,,,HTML5,,
Java,JavaScript,CSS,,,,,SQL,C#,,,,,,
,,,,,,,SQL,C#,,,,,,
,,,,,,,,C#,C++,,,,,
,JavaScript,CSS,,,,,SQL,C#,,,,,,VB.Net
Java,,CSS,,,,,SQL,,C++,C,,,,
Java,JavaScript,CSS,,,Objective-C,,SQL,,,C,,HTML5,,
Java,,,,,,,SQL,,,,,,,
,,,,,,,,,,,,,,
Java,JavaScript,CSS,PHP,,,,SQL,,,,,HTML5,,
,JavaScript,CSS,,,,,SQL,C#,,,,HTML5,,
,JavaScript,CSS,,,,Ruby,,,,,,HTML5,,
,,,,,,,,,,,,,,
,,,,,,,SQL,C#,,,,,,
,JavaScript,CSS,PHP,,,Ruby,,,,,,HTML5,,
Java,,,,Python,Objective-C,,,,C++,,,,,
,,,,,,,,,,,,,,
,,,,,,,,,,,,,,
Java,,,,Python,Objective-C,,SQL,,C++,,,,,
Java,,CSS,,,Objective-C,,SQL,C#,C++,C,,,,
,,,,,,,,,,,,,,
Java,JavaScript,CSS,PHP,,Objective-C,,SQL,,,,,HTML5,,
,,,,,,,,,,,,,,
Java,,CSS,,,,,SQL,C#,,,,HTML5,,
Java,,,,,,,,,,C,Perl,,,
Java,,,,,,Ruby,,,C++,C,Perl,,,
,JavaScript,CSS,,,,,SQL,C#,,,,HTML5,,
,,CSS,,,,,SQL,C#,,,,,,
,,,,,,,,,,,,,,
Java,JavaScript,CSS,PHP,,,,SQL,,C++,C,Perl,HTML5,,
Java,JavaScript,CSS,,Python,,,SQL,,,,,HTML5,,
Java,JavaScript,CSS,,,,,SQL,,,,,HTML5,,
,,CSS,,,,,,,,,,,,
,,,,,,,,,,C,,,,
,JavaScript,,PHP,Python,,,SQL,,,,,HTML5,,
,JavaScript,,,,,,,C#,,,,,,
Java,JavaScript,CSS,,Python,,,SQL,,,,,,,"actionscript, prolog"
,,CSS,,,,Ruby,,,,,,HTML5,,
Java,,,,,,,,C#,,,,,,
,,,,,,,SQL,C#,,,,,,
,JavaScript,,PHP,,,Ruby,,,,,,HTML5,,
Java,,,,,,,,,,C,,,,
,JavaScript,CSS,,,,Ruby,SQL,,,,,HTML5,,
,JavaScript,CSS,,,,,SQL,C#,,,,,,
Java,,,,,,,,,,,,,,
Java,JavaScript,CSS,PHP,,,,SQL,C#,,C,,HTML5,,
Java,,,,Python,,,,,,C,Perl,,,
,,,,,,,,,,,,,,
,JavaScript,CSS,PHP,,,,SQL,,,,,,,
Java,,,,,,,,C#,C++,,,,,
,,,,,,,,,,,,,,
Java,,,,Python,,,,C#,C++,,,,,
Java,JavaScript,CSS,,,,,SQL,,,,,HTML5,,
Java,,,,,,,,C#,,,,,,
Java,,,,,,,,,,,,,,
,JavaScript,CSS,PHP,Python,,,SQL,C#,,,,,,
,JavaScript,CSS,,Python,,,SQL,,,,,HTML5,,
,,,,,,,,,,,,,,
,,,,,,,,,,,,,,
,JavaScript,CSS,PHP,,,,,,,,,HTML5,,
Java,JavaScript,CSS,,,,,SQL,C#,,,,,,
,JavaScript,CSS,,,,,SQL,C#,,,,,,
,,,,,,,,,,,,,,
Java,JavaScript,CSS,,,,,,,,C,,HTML5,,
Java,JavaScript,,,,,,,,,,,,,
,,,,,,,SQL,C#,C++,C,,,,
Java,,,PHP,Python,,,,,C++,,,,,
Java,JavaScript,,,,,,SQL,C#,,,,HTML5,,
Java,,,,,,,,,,,,,,
,,CSS,PHP,Python,,,SQL,,,,,HTML5,,
,JavaScript,CSS,,Python,,,,,C++,C,,HTML5,,
,JavaScript,CSS,,,,,SQL,C#,,,,HTML5,,
Java,JavaScript,CSS,PHP,,,,,,C++,C,,HTML5,,
Java,JavaScript,CSS,PHP,,,,SQL,,,,,HTML5,,
,,,,Python,,,,,,,,,,
,JavaScript,CSS,,,,,SQL,C#,,,,,,
Java,,,,,,,,,,,,,,Android
,,,,,,,,,,,,,,
,,,,,,,,,,,,,,
,,,,,,,,,C++,C,Perl,,,
,,,,,,,,C#,C++,,,,,Delphi
,,,,,,,,,,,,,,
,,,,,,,,,,,,,,
,,,,,,,,,,,,,,
,JavaScript,CSS,PHP,,,,,C#,,,,,,
Java,,,,,,,,,C++,,,,,Haskell
,,,,,,,,,,,,,,
,,,,Python,,,,,,,,,,
,JavaScript,CSS,PHP,,,,SQL,C#,C++,C,,,,
,,,,Python,,,,,C++,C,Perl,,,
,JavaScript,CSS,PHP,Python,,Ruby,SQL,C#,,,,HTML5,,
Java,,CSS,,,,,SQL,,,,,,,
,,,,,,,,,,,,,,
,JavaScript,CSS,PHP,,,,SQL,C#,,,,HTML5,,
,,,,,,,,,,,,,,
,,,,Python,Objective-C,Ruby,SQL,,C++,,,,,
,,CSS,PHP,,,,,C#,,,Perl,,,
,JavaScript,CSS,PHP,,,,SQL,,,,,HTML5,,
Java,JavaScript,CSS,,,,,SQL,C#,,,,,,
Java,JavaScript,CSS,,,,,SQL,C#,,,,HTML5,,
Java,JavaScript,CSS,PHP,,,,SQL,C#,C++,C,,HTML5,,
,,,,,,,,,,,,,,
,JavaScript,CSS,PHP,Python,,,SQL,,C++,C,,HTML5,,
,,,,,,,,,C++,C,,,,
Java,JavaScript,CSS,PHP,Python,,Ruby,SQL,C#,C++,C,Perl,,,"Scala, Clojure, Haskell"
Java,JavaScript,CSS,PHP,Python,Objective-C,,SQL,C#,C++,C,,HTML5,,
Java,JavaScript,CSS,PHP,Python,,,SQL,,,,,HTML5,,
,,,,,,,,,C++,,,,,Matlab
Java,JavaScript,CSS,PHP,,Objective-C,Ruby,SQL,C#,,,,HTML5,,
Java,,,,,Objective-C,,,C#,,C,,,,
,,,,,,,,,,,,,,
Java,,,,,Objective-C,,,,C++,,,,,
Java,JavaScript,,,,,,,,,,,,,
,,,PHP,,,,,C#,,,,HTML5,,
,JavaScript,CSS,PHP,,,,SQL,C#,C++,C,,HTML5,,
Java,JavaScript,CSS,,,,,SQL,C#,C++,C,,,,
Java,JavaScript,CSS,,,,,SQL,,,,,HTML5,,struts2
Java,,,,Python,,,SQL,,C++,C,,HTML5,,
,JavaScript,CSS,PHP,,,Ruby,SQL,C#,,,,HTML5,,
,,,,,,,,,,,,,,
,JavaScript,CSS,,,,,SQL,C#,,,,,,
,,,,,,,,,,,,,,
Java,JavaScript,CSS,PHP,,,,,C#,C++,,,HTML5,,
Java,,,,,,,,,,,,,,
,JavaScript,CSS,,,,,SQL,C#,,,,,,"Delphi, VB.NET"
Java,JavaScript,CSS,PHP,,,,SQL,,,,,HTML5,,
,,,PHP,,,,,,C++,,,,,
Java,,,,,,Ruby,SQL,,,,,,,
,,,,,,,,C#,,,,,,
,,,,,,,SQL,,C++,,,,,"Delphi,COBOL,VBScript"
Java,,,,,,,SQL,,,,,,,
,,,,,,,SQL,C#,,,,,,
,JavaScript,CSS,PHP,,,,SQL,,,,,,,
,,CSS,,,,,SQL,C#,,,,HTML5,,
,,,PHP,,,Ruby,,,,,,,,
,JavaScript,CSS,,,,,SQL,C#,,,,,,
,,,,,,,,,,,,,,
,JavaScript,CSS,PHP,,,Ruby,SQL,,C++,C,,HTML5,,
Java,,,,,Objective-C,,,,,,,,,
,JavaScript,,,,,,,,,,Perl,,,
Java,,CSS,PHP,,,Ruby,SQL,,,,Perl,HTML5,,
,,,,Python,Objective-C,,,,,,,HTML5,,
Java,JavaScript,CSS,PHP,,,,SQL,,,,,HTML5,,
,,,,,,,,,,,,,,
,JavaScript,CSS,PHP,,,,SQL,C#,C++,,,HTML5,,VB.Net
,,,,,,,,,,,,,,
,,,,,,,,,,,,,,
,,,,,,,,,,,,,,
,JavaScript,CSS,,,,,,C#,,,,,,
,,,,,,,,,,,,,,
Java,JavaScript,CSS,PHP,,Objective-C,,SQL,,C++,,,,,
Java,JavaScript,CSS,,,Objective-C,,SQL,,,,,,,
,,,,,Objective-C,,,,,,,,,
,,,,,,,SQL,C#,,,,,,
Java,JavaScript,CSS,,,,,SQL,C#,C++,C,,HTML5,,
Java,,,,,,,,,,,,,,
Java,JavaScript,,,Python,,,,,C++,C,Perl,,,
Java,,,,,,,SQL,,,,,,,
Java,,,,,,,,,,,,,,
,JavaScript,,PHP,,,,,,,,,,,jQuery
,JavaScript,CSS,PHP,Python,,,SQL,,,,,HTML5,,
,,,,,,,,,,,,,,
,JavaScript,CSS,PHP,,,,SQL,,,,,,,
,JavaScript,CSS,PHP,,,,,,,,,,,
,JavaScript,CSS,PHP,,,,SQL,C#,C++,,Perl,HTML5,,bash
,,,PHP,,,,,,,,,,,
,,,,,,,SQL,C#,,,,,,
,,CSS,,,,,SQL,C#,C++,,,,,
Java,JavaScript,,PHP,,Objective-C,,SQL,C#,C++,C,Perl,HTML5,,"Lisp, Prolog, Perl"
,JavaScript,CSS,PHP,Python,,,SQL,C#,,,,,,
,JavaScript,CSS,PHP,,Objective-C,,SQL,C#,,,,HTML5,,
,,,,,,,,,,,,,,
,,,,,,,,C#,,,,,,
Java,JavaScript,CSS,,,,,,C#,C++,C,,,,
Java,,,,Python,,,SQL,,,,,,,
,,,,,,,SQL,C#,C++,,,,,
,JavaScript,,,,,,,,,C,,,,
Java,,,,,,,SQL,C#,C++,,,,,
,,,,,,,,,,,,,,
,,,,,Objective-C,,,,,,,,,
,,,,,,,,,,,,,,
,JavaScript,CSS,,,,,,,,,,HTML5,,
,JavaScript,,PHP,Python,,,,,C++,C,,HTML5,,R
,,,,,,,,,,,,,,
Java,,,PHP,Python,,,,,,,,,,
,JavaScript,CSS,PHP,,Objective-C,,SQL,C#,C++,C,,HTML5,,
Java,JavaScript,CSS,,,Objective-C,Ruby,SQL,,,,,HTML5,,
,,CSS,PHP,Python,Objective-C,,,C#,,C,,HTML5,,
,JavaScript,,PHP,Python,,,SQL,C#,,C,,,,haskell
,JavaScript,,PHP,,Objective-C,,SQL,,C++,C,Perl,HTML5,,
,,CSS,PHP,,,,,,,,,HTML5,,
Java,JavaScript,CSS,,,,,,C#,,,,HTML5,,
,JavaScript,,,,Objective-C,,,,,C,,,,Max MSP
Java,JavaScript,CSS,PHP,Python,Objective-C,Ruby,SQL,C#,,C,,HTML5,,
Java,,,,,,,,,,C,,,,
Java,,,,Python,Objective-C,,,,C++,C,,,,
Java,JavaScript,CSS,PHP,,,,SQL,,,,,,,
,,,,,,,,,,,,HTML5,,
Java,JavaScript,CSS,PHP,,,,,,,,,,,
Java,,,PHP,,,Ruby,,,,,,,,
Java,JavaScript,CSS,PHP,,,,SQL,C#,C++,C,,,,
Java,JavaScript,CSS,PHP,Python,,Ruby,SQL,,C++,C,,HTML5,,prolog scheme x86 asm
,,,,,,,,C#,,,,,,
,JavaScript,CSS,PHP,Python,,,SQL,,,,Perl,,,
Java,JavaScript,,,,,,SQL,C#,C++,C,,,,
,JavaScript,,,Python,,,,,,C,,,,
,JavaScript,,,,,,SQL,C#,,,,HTML5,,
Java,JavaScript,CSS,,,,,SQL,C#,C++,C,,HTML5,,To many to count
Java,JavaScript,,,,,,,,C++,C,,HTML5,,
,,,,,,,,,,,,,,
Java,JavaScript,CSS,,,,,SQL,,,,Perl,,,
Java,,,,,,,,,,,,,,
Java,JavaScript,,,,Objective-C,,SQL,C#,,,,HTML5,,
,,,,,,,,,,,,,,
,JavaScript,CSS,PHP,,,,SQL,,,,,HTML5,,
,JavaScript,CSS,PHP,,Objective-C,,SQL,,,,,HTML5,,Action Script 3.0
,JavaScript,,,Python,,,,,C++,,,,,
,JavaScript,CSS,,,,,,,,,,HTML5,,
Java,,,,Python,,,SQL,,,,Perl,,,
,JavaScript,CSS,PHP,,,,SQL,,,,,,,
,JavaScript,CSS,,Python,,,SQL,C#,,,,HTML5,,
,,,,Python,,,,,C++,,,,,
Java,JavaScript,CSS,,,,Ruby,SQL,,,,,HTML5,,
Java,,,,,,,,,,,,,,
,,,,,,,,,,,,,,
Java,JavaScript,,PHP,,,,,,,,,,,
Java,JavaScript,CSS,,,,,,,,,,,,
Java,JavaScript,CSS,PHP,,,,SQL,C#,C++,,,,,
,JavaScript,CSS,PHP,,,,SQL,,C++,C,,HTML5,,
,JavaScript,CSS,PHP,,,,SQL,C#,,,,HTML5,,"Delphi, PL/SQL"
,,,,,,,SQL,C#,,,,,,
Java,JavaScript,CSS,PHP,Python,,Ruby,SQL,,,,,HTML5,,
,,,,,,,,,,,,,,
Java,JavaScript,CSS,,,,,SQL,,,,,,,
,,,,,,,,,,,,,,
Java,JavaScript,,,,Objective-C,Ruby,,,,C,Perl,HTML5,,
,JavaScript,CSS,,,,,,C#,,,,HTML5,,
Java,JavaScript,,,,,,SQL,,,,,,,
Java,JavaScript,CSS,PHP,Python,,Ruby,,C#,,,,HTML5,,
,,,,,,,SQL,C#,,,,,,Visual Basic
,,,,,,,,C#,,,,,,
,,,,,,,,,,,,,,
,,,,,,,SQL,C#,,,,,,"VFP, VB6"
,,,,Python,,Ruby,,,,,,,,
,,,,,,,,,,,,,,
,JavaScript,CSS,PHP,,,,SQL,,,,,HTML5,,
,JavaScript,CSS,PHP,,,,,,,,,HTML5,,R
Java,JavaScript,CSS,,,,,,,,,,HTML5,,
Java,JavaScript,CSS,,,,,SQL,C#,C++,,,HTML5,,Groovy
,,,,,,,,,,,,,,
Java,,,,Python,,,SQL,C#,,,,HTML5,,
Java,JavaScript,CSS,PHP,,,,SQL,C#,C++,C,,HTML5,,
,,,,,,,SQL,C#,,,,,,
Java,,CSS,,,,,SQL,,,,,,,
,JavaScript,CSS,PHP,,,,SQL,,,,,HTML5,,
,JavaScript,CSS,,,,,SQL,,C++,C,,,,ActionScript
Java,JavaScript,CSS,,,,Ruby,,,,,,HTML5,,"Scala, Groovy"
Java,,,,,Objective-C,,SQL,,,,,,,
Java,,,,,,,,,C++,C,,,,
,JavaScript,CSS,PHP,Python,,,SQL,,,,Perl,,,
Java,,,,,,,SQL,,,,,,,
Java,JavaScript,,,,,,,,,,,HTML5,,
,,,,,,,,C#,C++,,,,,
Java,,,,,,,SQL,,,,,,,ColdFusion
,,,,,,,,C#,,,,,,
,,,,,,,,,,,,,,
Java,,CSS,PHP,,,,SQL,,,,,,,Groovy
,,,,,,,,,,,Perl,,,bash
Java,,,,,,,,,,,,,,
,,,,Python,,,,,C++,C,Perl,,,
,JavaScript,CSS,,Python,,,,,,,,HTML5,,
Java,,,,Python,,,SQL,C#,C++,C,,,,
Java,JavaScript,CSS,PHP,,,,SQL,C#,,,,HTML5,,
Java,,,PHP,,Objective-C,,,,C++,C,,,,Cocoa
,,,,Python,,,,C#,C++,,Perl,,,
,,,,,,,,,,,,,,
Java,JavaScript,CSS,PHP,Python,,,SQL,,C++,C,,,,
Java,,,,,,Ruby,,,,,,,,scala
,,,,,,,,,,,,,,
,JavaScript,CSS,,,,,SQL,C#,,,,,,ASP
,JavaScript,CSS,,,,,,,,,,HTML5,,
,,CSS,,Python,,,,,,C,,HTML5,,shell
,JavaScript,CSS,,Python,,,SQL,,,,,HTML5,,Haskell
Java,JavaScript,,PHP,Python,,,,,C++,C,,,,
Java,JavaScript,,,,,,,C#,,,,,,
,JavaScript,CSS,,,,Ruby,SQL,C#,C++,C,,HTML5,,
Java,JavaScript,CSS,PHP,,,Ruby,SQL,,C++,C,,HTML5,,
Java,JavaScript,,PHP,,,,,,,,,,,
,,CSS,,Python,,,SQL,,,,,HTML5,,Delphi
,JavaScript,,PHP,Python,,,SQL,,,,,,,
,JavaScript,CSS,,,,,SQL,C#,,,,HTML5,,
Java,JavaScript,CSS,,,,,SQL,C#,,,,HTML5,,
Java,JavaScript,,,,,,,,C++,C,,,,Intel x86 Assembly
,,,PHP,,,,,,,C,Perl,,,
,JavaScript,CSS,PHP,,,,,,,,,HTML5,,
,JavaScript,,PHP,,,,,,,,,,,
,,CSS,PHP,,Objective-C,,,,,,,HTML5,,
Java,JavaScript,,,,,Ruby,,C#,,,,,,
,JavaScript,CSS,PHP,,,,SQL,,,,,HTML5,,
,,,,,,,,,,,,,,
,,,,,,,SQL,C#,C++,,,,,
Java,JavaScript,CSS,PHP,,,,,,,,,,,
Java,JavaScript,CSS,PHP,Python,,,SQL,,,,,,,
,,CSS,,,,,,C#,C++,C,,HTML5,,
,,,,,,,,,,,,,,
,,,,,,,,,,,,,,
,JavaScript,,PHP,,,,SQL,,,,,,,
Java,,,,,,,SQL,C#,,,,HTML5,,
,,,,,,,SQL,,C++,C,,,,
,,,,,,,,,,,,,,
,,,,,,,,,,,,,,
,,,,,,,,,,,,,,
Java,JavaScript,CSS,PHP,,Objective-C,,SQL,C#,,C,,HTML5,,
,JavaScript,CSS,,,,,SQL,C#,,,,,,
,JavaScript,CSS,PHP,,,,,,,,,HTML5,,
,,,,,,,,,,,,,,
,,,,,,,,,,,,,,
,,,,,,,,,,,,,,
,JavaScript,CSS,PHP,,,Ruby,SQL,C#,C++,,,,,
Java,,,,,,,,,,,,,,
Java,,CSS,PHP,,,,SQL,C#,,,,,,tcl
,,,,,,,,C#,,,,,,
,JavaScript,CSS,,,,,SQL,C#,,,,,,
,JavaScript,CSS,,,,,SQL,,,,,HTML5,,"asp, actionscript"
Java,,,PHP,,Objective-C,Ruby,,,,,,,,
,,,,,,,,,,,,,,
Java,,,,Python,,,,,,C,,,,
,JavaScript,CSS,,,,,SQL,C#,,,,,,XAML
Java,,,PHP,,,Ruby,SQL,C#,C++,C,,,,
,,,,Python,,,,,,,,,,
Java,JavaScript,,,,,Ruby,SQL,,C++,,,,,
Java,,,,,,,,,,,,,,
,JavaScript,CSS,PHP,,,,SQL,,,,,HTML5,,
,,,,Python,,,,,,,Perl,,,
,,CSS,,,,,,C#,,,,,,
,,,,,,,,,,,,,,
Java,JavaScript,CSS,,,Objective-C,,SQL,,,,,HTML5,,
Java,JavaScript,CSS,PHP,,,,SQL,,,,,HTML5,,
,,,,,,,SQL,C#,,,,,,
Java,,,,,,,,,,,Perl,,,
Java,JavaScript,CSS,,Python,Objective-C,,SQL,,C++,C,,HTML5,,CUDA
,JavaScript,,,,,,SQL,C#,,,,,,
,JavaScript,CSS,PHP,Python,Objective-C,,SQL,,,C,,HTML5,,
,JavaScript,CSS,,,,,,,,,,HTML5,,VB.NET
,,,PHP,Python,,,SQL,,,,,,,
,JavaScript,CSS,PHP,Python,,,SQL,,,,,HTML5,,
,JavaScript,CSS,,,,,SQL,C#,,,,HTML5,,
,JavaScript,CSS,,,,Ruby,SQL,C#,,,,HTML5,,
,,CSS,,,Objective-C,,SQL,,,C,,HTML5,,
,JavaScript,CSS,,,,,SQL,C#,,,,,,
,,,,,,,,,,,,,,none
,,,,,,,,,,,Perl,,,"Bash, powershell"
Java,,,,,Objective-C,,SQL,,,,,,,
,JavaScript,CSS,,Python,Objective-C,,,,,C,,HTML5,,
,JavaScript,CSS,PHP,,,,SQL,,,,,,,
,JavaScript,CSS,,,,,SQL,C#,,,,,,
,,,,,,,,C#,C++,C,Perl,,,
,,,,,Objective-C,,,,,C,,,,Assembly
,,,,,,,,,,,,,,
,,,PHP,,,Ruby,,,,,,HTML5,,
,,,,,,,,,,,,,,
Java,JavaScript,CSS,PHP,,,,SQL,C#,,,,HTML5,,
,,,,,,,,,,,,,,
,JavaScript,CSS,,Python,,,,,,,,HTML5,,
Java,,,,Python,,Ruby,,,,,,,,
Java,JavaScript,,,,,,,,,,,,,
Java,JavaScript,CSS,,,,,SQL,C#,,,,HTML5,,
Java,JavaScript,,PHP,,,,SQL,C#,C++,C,Perl,,,
,,,,,,,,,,,,,,Delphi
Java,JavaScript,CSS,,,,,,,,,,HTML5,,
,JavaScript,CSS,PHP,,,,SQL,,C++,C,,HTML5,,Pascal
Java,JavaScript,CSS,,Python,,Ruby,SQL,,,C,,,,Clojure
Java,JavaScript,,,,Objective-C,Ruby,SQL,C#,,,,HTML5,,
,,,,,,,,,,,,,,
Java,JavaScript,CSS,PHP,,,,SQL,,C++,C,Perl,HTML5,,
,,,,,Objective-C,,,C#,C++,C,,,,"SkookumScript, Lua"
,JavaScript,CSS,PHP,,,,SQL,,,,,HTML5,,
,,,,,,,,,,,,,,
Java,JavaScript,CSS,,,Objective-C,,SQL,,,,,HTML5,,
,,,,,,,SQL,C#,,,,HTML5,,
Java,,,,,,,,,,,,,,Groovy
Java,JavaScript,,,Python,,,SQL,,,C,,,,F#
,JavaScript,CSS,,,,,SQL,C#,,,,HTML5,,
,,,,,,,,,,,,,,
Java,JavaScript,CSS,PHP,,,,,,,,,HTML5,,
,,,,,Objective-C,,,,,,,,,
,,,,,,,,,,,,,,
Java,,,,,,,SQL,C#,C++,,,,,
,JavaScript,CSS,,,,,SQL,C#,,,,HTML5,,
,,,,Python,,,,,,C,,,,
Java,JavaScript,CSS,,,Objective-C,,SQL,C#,C++,C,,HTML5,,
,JavaScript,,,,,,,C#,,,,,,
Java,JavaScript,CSS,PHP,,,Ruby,SQL,C#,,,Perl,,,
Java,,,,Python,,Ruby,,,C++,C,,,,
Java,,,,,,,SQL,,C++,,Perl,,,
,JavaScript,CSS,PHP,Python,,,SQL,C#,C++,C,,,,
,,CSS,,,,,SQL,C#,,,,,,
Java,JavaScript,CSS,,,,,SQL,C#,C++,,Perl,HTML5,,
Java,JavaScript,CSS,,,,,SQL,C#,,,,HTML5,,Groovy
Java,JavaScript,,PHP,Python,Objective-C,,SQL,C#,C++,C,,,,
,JavaScript,,PHP,Python,,,,,,,,HTML5,,
Java,JavaScript,CSS,PHP,Python,,,SQL,,C++,,,HTML5,,
Java,JavaScript,CSS,PHP,,,,,C#,C++,C,,HTML5,,
Java,JavaScript,CSS,,,Objective-C,,SQL,,,,Perl,HTML5,,
Java,,CSS,,,,,SQL,,,,,HTML5,,
,JavaScript,CSS,,,,,,,,,,HTML5,,
Java,,,,,,,SQL,C#,C++,,,,,
,JavaScript,CSS,,,,,SQL,C#,,,,HTML5,,
Java,JavaScript,CSS,,,,,SQL,C#,,,,,,
,JavaScript,CSS,PHP,,Objective-C,,SQL,C#,,,,HTML5,,
,,,PHP,Python,Objective-C,,SQL,,,C,,,,
,,,,,,,,C#,C++,C,,,,
Java,JavaScript,,PHP,,,,SQL,,,,,HTML5,,VB.NET
Java,JavaScript,CSS,PHP,,,,,C#,,,,HTML5,,
Java,,,,,,,,,C++,,,,,
,,,,,,,SQL,C#,,,,,,
,JavaScript,CSS,,,,,SQL,C#,,,,,,
,JavaScript,CSS,PHP,,,,SQL,,,,,HTML5,,
,JavaScript,CSS,,,,,SQL,C#,,,,HTML5,,
,,,,,,,,,,,,,,
Java,JavaScript,CSS,PHP,,,Ruby,SQL,,,,,HTML5,,Scala
,,,,,Objective-C,Ruby,,,,,,,,
,,,,,,,,,,C,,,,"bash, vhdl"
,JavaScript,,,,,,SQL,C#,,,,HTML5,,
,JavaScript,,PHP,Python,,,SQL,,,,,,,
Java,JavaScript,CSS,,,,,SQL,,,,,HTML5,,
,,CSS,PHP,,Objective-C,,SQL,C#,C++,C,,,,
,,,,,,,SQL,C#,C++,,,,,
,,,,,,,,C#,C++,C,,,,
,,,,,,,,,,,,,,vb.net
Java,,,,,,,,C#,,,,,,
Java,JavaScript,CSS,PHP,,,,SQL,C#,C++,C,,,,
Java,JavaScript,CSS,,,,,SQL,,,,,HTML5,,
,JavaScript,,PHP,,,,SQL,C#,,,,HTML5,,
,,,,,,,,,,,,,,
,JavaScript,,PHP,,,,SQL,,,,,,,
Java,JavaScript,,,,,,SQL,,,,,,,
,,,,,,,,C#,C++,,,,,
Java,JavaScript,CSS,PHP,Python,,,SQL,,,C,Perl,HTML5,,
,JavaScript,CSS,,,,,SQL,C#,,,,HTML5,,
,,,,Python,,,,,C++,C,,,,
Java,JavaScript,CSS,PHP,Python,,,SQL,C#,,,,,,
,,,,,,,,C#,C++,,,,,
,JavaScript,CSS,,Python,,,,,,,,HTML5,,
,JavaScript,CSS,PHP,,,,SQL,C#,C++,,,HTML5,,
,JavaScript,,PHP,,Objective-C,,SQL,C#,,,,HTML5,,
,JavaScript,,,Python,,,,C#,C++,C,Perl,,,
,JavaScript,CSS,PHP,,,Ruby,SQL,,,C,,HTML5,,
,JavaScript,CSS,PHP,Python,,,SQL,,C++,C,,HTML5,,
,,,,,,,SQL,C#,C++,C,,,,
,,,,Python,,,,,,C,,,,
,JavaScript,CSS,,,,,SQL,C#,,,,HTML5,,
Java,JavaScript,CSS,PHP,,,,SQL,C#,,,,,,
,JavaScript,CSS,,,,,,,,,Perl,HTML5,,
,,,,,,,,,,,,,,
,JavaScript,CSS,,Python,,,SQL,,,C,,HTML5,,clojure
,,CSS,PHP,Python,,Ruby,,,,,,HTML5,,
Java,,,,,,,,,,,,,,
,,,,,,,,,,,,,,
,JavaScript,,,,,,,,,,,,,ColdFusion
,JavaScript,CSS,,,,,SQL,C#,C++,C,,HTML5,,
Java,,,,,,,,,C++,,,,,
Java,JavaScript,CSS,PHP,Python,,Ruby,SQL,C#,,,,HTML5,,
,,,,,,,SQL,C#,,,,,,
,,,,,,,,,,,,,,
,,,,,Objective-C,,,,,,,,,
,,,,,,,,C#,C++,C,,,,Lisp
,JavaScript,CSS,,,,,SQL,C#,,,,HTML5,,
,,CSS,,,,,SQL,C#,,,,HTML5,,MS Access VBA (I've made some poor choices in life)
,JavaScript,CSS,PHP,,Objective-C,,SQL,,C++,,,HTML5,,
Java,JavaScript,,,,,,SQL,C#,,,,,,
,,,,,Objective-C,,,,,,,,,
Java,JavaScript,CSS,,,,Ruby,SQL,,,,,HTML5,,
,,,,,,,,,,,,,,
,,,,,,,SQL,C#,,,,,,
,JavaScript,,,,,,SQL,C#,,,,HTML5,,
,JavaScript,CSS,PHP,,,,SQL,,,,Perl,HTML5,,
,,,,,,,,,,,,,,
,,,PHP,,,,,,,,,,,
Java,,,PHP,Python,,,SQL,C#,C++,C,,,,
,JavaScript,CSS,,,,,SQL,C#,,,,,,
,JavaScript,,PHP,,Objective-C,,,,,,Perl,HTML5,,
Java,,,,,Objective-C,,SQL,,C++,,,,,
,JavaScript,CSS,,,,Ruby,,,,,,HTML5,,
Java,JavaScript,CSS,,,,,SQL,,,,,HTML5,,
Java,JavaScript,CSS,,,,,SQL,,C++,,,HTML5,,
,JavaScript,,,,,,SQL,C#,,,,,,
,JavaScript,,,,,,SQL,C#,,,,,,
Java,JavaScript,CSS,,,,,SQL,,,,,HTML5,,
,,,,,,,SQL,,,,,,,vb.net
,JavaScript,CSS,,,,,,C#,,,,HTML5,,
,JavaScript,CSS,PHP,,Objective-C,,SQL,C#,,,,HTML5,,
,,,,,,,SQL,C#,,,,,,
,JavaScript,CSS,,Python,,,,,,,,HTML5,,
Java,JavaScript,CSS,PHP,,,,SQL,C#,C++,C,,,,
,JavaScript,CSS,,,Objective-C,,SQL,C#,,,,HTML5,,
Java,JavaScript,,PHP,,,Ruby,SQL,C#,C++,,,HTML5,,
,JavaScript,CSS,PHP,,,,SQL,,,,,,,
,,,,,,,,,,,,,,
Java,JavaScript,CSS,,,Objective-C,Ruby,SQL,C#,,,,HTML5,,
Java,JavaScript,CSS,PHP,,,,SQL,,C++,,,,,
Java,,,PHP,,,Ruby,SQL,C#,,,,,,
,JavaScript,CSS,PHP,,,,SQL,,C++,,Perl,HTML5,,
,,,,,,,SQL,C#,,,,,,
Java,JavaScript,CSS,PHP,Python,,,SQL,,,,Perl,HTML5,,bash
Java,JavaScript,,PHP,Python,Objective-C,Ruby,,,,,,,,
,JavaScript,CSS,,,,,SQL,C#,,,,,,
,JavaScript,CSS,PHP,,,Ruby,SQL,,,,,,,
,,,,,,,,,,,,,,
,,,,,,,,,,,,,,
,JavaScript,CSS,,Python,,Ruby,,,C++,C,,,,
,,CSS,,,,,SQL,,C++,,,,,
Java,JavaScript,CSS,PHP,Python,,,,,,,,,,Visual Basic
Java,,,,Python,,,,,C++,,,,,Google Go
,JavaScript,,,,,,,C#,,,,,,
Java,,,,Python,Objective-C,,,C#,,,,HTML5,,
,JavaScript,CSS,PHP,,,Ruby,SQL,,,,,HTML5,,
Java,JavaScript,CSS,PHP,Python,Objective-C,,SQL,C#,C++,C,,HTML5,,
,,,,,,,,,C++,C,,,,fortran
,JavaScript,CSS,PHP,,,,,C#,,,,,,
,JavaScript,CSS,,,,,SQL,C#,,,,HTML5,,
Java,JavaScript,CSS,PHP,Python,,Ruby,SQL,C#,,C,,HTML5,,
Java,,,,Python,,,,C#,C++,C,,,,
,JavaScript,CSS,PHP,,,,SQL,,,,,HTML5,,
Java,JavaScript,CSS,,,,,,,,,Perl,HTML5,,
Java,JavaScript,,PHP,Python,,,SQL,,,,,,,
Java,JavaScript,CSS,,,,,SQL,,,C,,HTML5,,
,JavaScript,CSS,,,,,SQL,C#,,,,,,
Java,,,,,,,SQL,,,C,,,,scala
,,,PHP,,,Ruby,,,,,,,,
,JavaScript,CSS,PHP,,,Ruby,SQL,,,,,HTML5,,
,JavaScript,CSS,,,,,SQL,C#,,,,HTML5,,
,JavaScript,CSS,,,,,SQL,C#,,,,,,
Java,JavaScript,CSS,PHP,,,,SQL,,,,,HTML5,,
,JavaScript,CSS,,,,,SQL,C#,,,,HTML5,,
,,,,,,,,C#,,,,,,
,JavaScript,CSS,,,,,SQL,C#,,,,HTML5,,
,JavaScript,CSS,PHP,,,,,,,,,,,
,,,,Python,,,,,,,,,,
Java,JavaScript,CSS,,Python,,Ruby,SQL,C#,C++,,Perl,,,
,JavaScript,CSS,,,,,SQL,C#,C++,,,,,
,JavaScript,CSS,PHP,,,,,,,,,HTML5,,
,,,,Python,,,,,,C,,,,
Java,JavaScript,CSS,PHP,Python,,,SQL,,,C,,HTML5,,
,JavaScript,,PHP,,Objective-C,,,,,,,,,
Java,JavaScript,CSS,,Python,,,SQL,C#,,,,HTML5,,LISP
,JavaScript,CSS,,,,,SQL,C#,,,,HTML5,,
Java,JavaScript,,,,,,SQL,,,,,HTML5,,
Java,JavaScript,CSS,,,,Ruby,SQL,,,,Perl,HTML5,,ActionScript
Java,JavaScript,CSS,,,,,SQL,C#,,,,HTML5,,
,,,,Python,,,,,C++,,Perl,,,
,JavaScript,CSS,PHP,,,,SQL,,,C,Perl,HTML5,,
Java,JavaScript,CSS,,,,Ruby,,C#,,,,HTML5,,
,,,,,,,SQL,C#,C++,,,,,
,JavaScript,CSS,PHP,,,,,,,,,HTML5,,
,JavaScript,,,,,,SQL,C#,,,,,,
,JavaScript,CSS,,,,,SQL,C#,,,,HTML5,,
,JavaScript,,,,,,SQL,C#,,,,HTML5,,
,JavaScript,CSS,PHP,,,,SQL,,,,,,,
Java,JavaScript,CSS,PHP,,,,SQL,,,,,,,
,JavaScript,CSS,PHP,,,Ruby,SQL,C#,,,,HTML5,,VB.net
,,CSS,,,,,SQL,,,,Perl,HTML5,,
,JavaScript,CSS,,,,Ruby,,,,,,,,"xsl, xpath"
Java,,,,,,,SQL,,C++,C,,,,
,,,,,,,SQL,C#,,,,,,
Java,,,PHP,Python,,,,,,C,Perl,,,
,JavaScript,CSS,,Python,,,,,C++,C,,HTML5,,
Java,JavaScript,,,,,,SQL,C#,,,,,,scala
,JavaScript,CSS,PHP,,,,,,,,,HTML5,,
,JavaScript,CSS,PHP,Python,,,SQL,,,,,HTML5,,
,JavaScript,CSS,,,,,SQL,C#,,,,HTML5,,
,,,,,,,SQL,C#,,,,,,
,,,,,,,,,,,,,,
Java,JavaScript,,PHP,Python,Objective-C,Ruby,SQL,,C++,C,,HTML5,,
,,,,Python,,,,,,C,,,,
Java,,,,Python,,,,,,C,Perl,,,
Java,,,,,,,SQL,C#,C++,C,,,,"F#, Scala, Clojure"
Java,,,,,,,,,C++,,,,,"scala, groovy"
Java,,,,,Objective-C,,,,C++,C,,,,
,JavaScript,CSS,,Python,,,SQL,C#,C++,C,,,,
Java,JavaScript,CSS,PHP,Python,,,SQL,,,,,,,
Java,,,,,,,,,,,,,,
Java,JavaScript,CSS,,Python,,,SQL,,,,,,,
,,,,Python,,,SQL,,,C,,HTML5,,
Java,,CSS,PHP,Python,Objective-C,,SQL,,,C,,,,
,JavaScript,CSS,PHP,,,,SQL,,,,,HTML5,,
Java,,,,,,,SQL,C#,C++,C,,HTML5,,
Java,JavaScript,CSS,,,,Ruby,SQL,,,,,HTML5,,
,JavaScript,CSS,PHP,Python,,,SQL,,,,,HTML5,,
,JavaScript,CSS,,,,Ruby,SQL,,C++,C,,HTML5,,
,JavaScript,CSS,PHP,,,,SQL,,,,,HTML5,,ASP.NET
,,,,,,,SQL,C#,,,,,,
Java,JavaScript,CSS,,,,Ruby,SQL,C#,,,,HTML5,,
,,,,,,,,,,,,,,
,JavaScript,CSS,,Python,,,SQL,,,,,HTML5,,
,JavaScript,CSS,,Python,,,SQL,C#,,,,HTML5,,
,JavaScript,CSS,PHP,,,,SQL,,,,,HTML5,,
,JavaScript,CSS,,,,,SQL,,,,,HTML5,,VB
,,,,,,,,C#,,,,,,
Java,JavaScript,CSS,,,,Ruby,SQL,,,,,HTML5,,
,,,,,,,,,,,,,,
Java,JavaScript,CSS,,,Objective-C,Ruby,,,,C,,HTML5,,
,,,,Python,,,,,C++,C,,,,
Java,JavaScript,,,Python,,Ruby,SQL,,,,,,,
,,,,,,,,,,,,,,
,JavaScript,CSS,PHP,,,,,C#,,,,HTML5,,
,JavaScript,,,,,Ruby,,,,,,,,
Java,JavaScript,CSS,,,,,SQL,C#,,,,HTML5,,
,,,,,,Ruby,SQL,C#,,,,,,Clojure
,,,,,,,,C#,,,,,,
Java,JavaScript,CSS,PHP,,,,SQL,C#,,,,HTML5,,
,,,,,,,,C#,,,,,,
,JavaScript,,,,,Ruby,,C#,,,,,,
,,,,,,,,,,,,,,
Java,JavaScript,CSS,PHP,Python,Objective-C,Ruby,SQL,C#,C++,C,Perl,HTML5,,
,JavaScript,,,,,,SQL,,,,,,,Coldfusion
,JavaScript,CSS,,Python,Objective-C,,SQL,C#,C++,C,,HTML5,,
Java,,CSS,,,,Ruby,SQL,C#,C++,,,HTML5,,
Java,,CSS,PHP,,,,SQL,C#,C++,,,HTML5,,
,,,,,,,,,,,,,,
,,,,,,,,C#,,C,,,,
,JavaScript,CSS,,,Objective-C,Ruby,SQL,,,C,,HTML5,,
Java,,,,,,,,C#,,,Perl,,,
,,,,Python,,,,,,,,,,
Java,JavaScript,CSS,PHP,Python,Objective-C,Ruby,SQL,C#,,C,Perl,HTML5,,
Java,,,,,,,SQL,C#,,,,,,
Java,,,,,,,SQL,,,,,,,
Java,JavaScript,CSS,,Python,,,SQL,,,,,,,
,JavaScript,CSS,,Python,,,,,,,,HTML5,,
Java,,CSS,PHP,,,,SQL,,,,,,,
,JavaScript,CSS,PHP,,,,,,,,,HTML5,,
Java,,,PHP,,,,SQL,C#,,,,HTML5,,
Java,JavaScript,CSS,PHP,Python,,,,C#,,C,,HTML5,,
,,,,,,,,C#,,,,,,
,JavaScript,,,,,,,C#,C++,,,,,
Java,,,,,,,,,,C,Perl,,,
Java,JavaScript,CSS,,,,,SQL,,,,,HTML5,,
,JavaScript,,,,,,,C#,,,,,,
Java,JavaScript,CSS,,,,,SQL,,C++,C,,HTML5,,
,JavaScript,CSS,,,,,SQL,,,,,HTML5,,Scala
Java,JavaScript,,,Python,Objective-C,,SQL,C#,C++,C,Perl,,,
Java,JavaScript,CSS,,,,,SQL,,C++,C,,HTML5,,lua
Java,JavaScript,CSS,PHP,Python,,,SQL,,,C,,HTML5,,Clojure
Java,JavaScript,CSS,,,,,,C#,,,,HTML5,,Delphi
,JavaScript,CSS,PHP,,,,SQL,C#,,C,,HTML5,,
,JavaScript,,,,,,SQL,C#,,,,,,HTML
Java,JavaScript,CSS,PHP,,,Ruby,SQL,,,,,HTML5,,
Java,JavaScript,CSS,PHP,,,,,,,,,,,
,JavaScript,CSS,,,,Ruby,SQL,C#,,,,HTML5,,
Java,JavaScript,CSS,PHP,,,,SQL,C#,C++,C,Perl,,,
,JavaScript,CSS,PHP,,,Ruby,,,,,,HTML5,,
Java,,,,Python,,,,,C++,C,,,,
,JavaScript,CSS,,,,,SQL,C#,,C,,,,VB.NET
Java,,,,,,,,C#,,,,,,F#
,JavaScript,,,,,,SQL,C#,,,,,,
,,,,,,,,,,,,,,
Java,JavaScript,CSS,PHP,Python,Objective-C,Ruby,SQL,,,C,,HTML5,,
Java,JavaScript,CSS,,,,,SQL,C#,,,,HTML5,,
Java,JavaScript,CSS,,,,,SQL,C#,,,,,,
Java,,,,,,,,,,,,,,Android
,JavaScript,,,Python,,Ruby,,,,,,,,
,JavaScript,CSS,,Python,,,,,,,,HTML5,,
Java,JavaScript,,,,,,SQL,,,,,,,
Java,JavaScript,CSS,,,,Ruby,,C#,,,,HTML5,,
,,,,,,,,C#,,,,,,
,,,PHP,,Objective-C,,SQL,C#,,,,,,
Java,JavaScript,CSS,,,,Ruby,,,,,,HTML5,,
Java,JavaScript,CSS,,,,,SQL,C#,,,,HTML5,,
,,,,Python,,,SQL,C#,,,,,,
,JavaScript,CSS,PHP,,,,SQL,C#,,,,HTML5,,
,,,,,,,,C#,,,,,,
Java,JavaScript,CSS,PHP,,,,SQL,,,,,HTML5,,
,JavaScript,CSS,PHP,,,Ruby,,,,,,HTML5,,Lua
Java,,,,,,,,,,,,,,
Java,,,,,,,SQL,,C++,C,,,,
Java,,,,Python,,,,,C++,C,,,,
Java,JavaScript,CSS,PHP,,,,SQL,C#,,,,HTML5,,
Java,JavaScript,CSS,PHP,,,,SQL,C#,,,,HTML5,,
Java,,,,,,,,,,,,,,
,JavaScript,CSS,,,,,SQL,C#,,,,HTML5,,
,JavaScript,CSS,,,,,SQL,C#,,,,HTML5,,
,,CSS,,,,,SQL,C#,,C,,,,"Delphi, FORTRAN, Forth, BASIC, VB, Pascal"
Java,,,,,,Ruby,SQL,,,,,,,
,,,,,,,,,,,,,,
Java,JavaScript,,,,,,SQL,,C++,C,,,,
Java,,,,,,,SQL,C#,,,,,,
,,,,,,,,,,,,,,
Java,,,,,Objective-C,Ruby,,C#,C++,,,,,
,JavaScript,,,Python,,Ruby,,C#,,,,HTML5,,
,JavaScript,CSS,,,,,SQL,C#,,,,HTML5,,
,JavaScript,CSS,PHP,Python,,,SQL,,,,,HTML5,,
,,,PHP,Python,,Ruby,,,,,,HTML5,,
Java,,,,,Objective-C,Ruby,SQL,,,,,,,
Java,,,,,,,,,C++,C,,,,
Java,,,,,,,,,,C,,,,
,JavaScript,CSS,,,,,SQL,C#,,,,HTML5,,
Java,JavaScript,CSS,,,,,SQL,C#,,,,HTML5,,
Java,JavaScript,CSS,,,Objective-C,Ruby,SQL,C#,,,Perl,HTML5,,
Java,JavaScript,CSS,PHP,,,Ruby,SQL,C#,,,,HTML5,,
,JavaScript,,,,,,,C#,,,,HTML5,,
,JavaScript,CSS,PHP,,,,SQL,,,,,HTML5,,
,JavaScript,CSS,,,,,SQL,C#,,,,,,
Java,,,,,,,SQL,,,,,,,
,,,,,,,SQL,C#,,,,,,Delphi
Java,JavaScript,CSS,,,,,SQL,,,,,HTML5,,
,JavaScript,,PHP,Python,,,SQL,,,,Perl,,,
,JavaScript,CSS,,,,,SQL,C#,,,,HTML5,,
,,,,Python,,,,C#,C++,C,,,,Lua
,,CSS,PHP,,,,SQL,,,,,HTML5,,
Java,JavaScript,CSS,,,,,SQL,C#,C++,C,Perl,HTML5,,
Java,JavaScript,CSS,PHP,,,,SQL,,C++,C,Perl,HTML5,,
,JavaScript,,,,,,SQL,C#,,,,,,
,,,,,Objective-C,,,,,,,,,
Java,,,,,,,,C#,,,,,,Pawn
Java,,,,,,Ruby,,C#,,C,,,,
,,,,,,,,,,,,,,
,,,,,,,,,,,,,,
Java,JavaScript,,,Python,,,SQL,,,,,,,Groovy
,,,,,Objective-C,,,C#,,,,,,Actionscript
,JavaScript,,,,,,,,,,,HTML5,,vb6 vb.net
Java,,,,Python,,,,,,,,,,
Java,,,,,,,SQL,,,,,,,
,,CSS,PHP,,,,SQL,,,,,,,
,,,,,,,,C#,C++,,,,,MATLAB
Java,JavaScript,CSS,,,,,SQL,C#,,C,,HTML5,,Groovy
,JavaScript,,,,,,SQL,C#,,,,HTML5,,
,JavaScript,CSS,PHP,Python,,,,,C++,,,HTML5,,"Scala, Clojure"
Java,,,,,,,SQL,,,C,,,,
Java,JavaScript,CSS,,,,,,,,,,HTML5,,Groovy
Java,,CSS,PHP,Python,,,SQL,C#,,,,,,
Java,JavaScript,CSS,PHP,,,Ruby,SQL,,,,,HTML5,,
,JavaScript,CSS,PHP,,,,SQL,,,,,HTML5,,
,JavaScript,,,,,,SQL,C#,,,,,,VB.NET
,,,,,,,,,,,,,,
Java,JavaScript,CSS,PHP,Python,,,,,,C,,HTML5,,Scala
,JavaScript,,PHP,,,,SQL,C#,,,,,,
,JavaScript,,,Python,,,,,,,,HTML5,,
Java,JavaScript,CSS,PHP,Python,,,SQL,,C++,C,,,,
Java,JavaScript,CSS,,,,,,,C++,C,,HTML5,,
,,,,,,,,,,,Perl,,,
Java,,,,Python,,,,,,C,,,,
,JavaScript,CSS,PHP,,,,SQL,C#,,,,HTML5,,
Java,,CSS,PHP,,,Ruby,SQL,C#,,,,,,
,JavaScript,CSS,PHP,Python,,,SQL,,,,,HTML5,,
,,,PHP,,,,,,,,,HTML5,,
,,,,Python,,,,,C++,C,Perl,,,
,,,,,,,,,,,,,,
Java,JavaScript,CSS,PHP,,,,,,C++,C,,HTML5,,
,,,,Python,,,,C#,,,,,,
Java,,CSS,PHP,,Objective-C,,SQL,,C++,C,Perl,HTML5,,Delphi
,,,,,,,,,,,,,,
,,CSS,PHP,,,,,,,,Perl,,,
Java,,,,,Objective-C,,,,,C,,,,
,JavaScript,CSS,,,,,SQL,C#,,,,HTML5,,
Java,JavaScript,,,Python,,Ruby,SQL,,,,,,,
Java,JavaScript,,,,,,,,,,,,,
,,CSS,PHP,,,,SQL,,,,,,,VBA
Java,,,,,,,,,C++,,,,,
Java,JavaScript,CSS,PHP,,,,SQL,,C++,C,,HTML5,,Erlang
Java,JavaScript,CSS,PHP,,Objective-C,,SQL,,,C,,HTML5,,
,,,,,,Ruby,,,,C,Perl,,,
Java,JavaScript,CSS,PHP,,,,SQL,,,,,HTML5,,
,,,,Python,,,,,C++,C,,,,
,,,,,,,,,,,Perl,,,
Java,JavaScript,,,,Objective-C,,,C#,C++,C,,,,
,JavaScript,CSS,,Python,Objective-C,,,,,C,,HTML5,,
,,CSS,,,,Ruby,,,,,,HTML5,,
,JavaScript,CSS,,,,,SQL,C#,,,,HTML5,,
,JavaScript,,PHP,Python,,,,,,,,,,
Java,,CSS,PHP,Python,,,SQL,,,,,,,
Java,JavaScript,CSS,PHP,,,,,,,,,HTML5,,
,JavaScript,CSS,PHP,,,,SQL,C#,,,,HTML5,,
Java,,,,,,,SQL,,,,,,,
,,,,,,,,,,,,,,
,JavaScript,,,,,,SQL,C#,,,,HTML5,,
Java,,,,,,,,C#,,,,,,
,JavaScript,CSS,PHP,,,,SQL,,,,,HTML5,,Tcl
Java,JavaScript,,PHP,,,,,,C++,,,,,
Java,JavaScript,CSS,,,,,SQL,C#,C++,C,,HTML5,,
,,,,,,,,,,,,,,
Java,,,,,,,,C#,,,,HTML5,,
,,,,,,,,,,,,,,
Java,JavaScript,CSS,PHP,Python,,,SQL,,C++,C,,HTML5,,
,JavaScript,CSS,PHP,,,,SQL,C#,,,,HTML5,,
,JavaScript,CSS,PHP,,,,SQL,,,,,HTML5,,
,,,,Python,,,SQL,C#,,C,,HTML5,,
,JavaScript,,,Python,,Ruby,,,,C,Perl,HTML5,,
,,,,,,,,,,,,,,
Java,JavaScript,CSS,,,,,SQL,,,,,,,
Java,,,,,,,,,,,Perl,,,
Java,,,,,,,,C#,,,,,,
,,,,,,,,,,,,,,
,,,PHP,,,,SQL,,,,,,,
Java,JavaScript,CSS,,,,,SQL,,,,,HTML5,,
,,,,Python,,,,,,,,,,
,JavaScript,CSS,PHP,,,,SQL,C#,,,,HTML5,,
,,,,,,,,,,,,,,
Java,JavaScript,CSS,,,,,,C#,,,,HTML5,,POWERSCRIPT
,JavaScript,CSS,,,,,SQL,C#,,,,HTML5,,
Java,JavaScript,CSS,PHP,,,,SQL,,,,,HTML5,,
,,,,,,,SQL,C#,,,,HTML5,,
Java,JavaScript,CSS,,Python,,,SQL,C#,C++,C,,HTML5,,
Java,JavaScript,CSS,PHP,,,,SQL,,,,,HTML5,,
,JavaScript,,,,,,SQL,C#,,,,HTML5,,
Java,JavaScript,CSS,PHP,Python,,,SQL,,,,,HTML5,,
,,,,,Objective-C,Ruby,SQL,C#,,,,HTML5,,
,,,,,Objective-C,,,,,,,,,
Java,,CSS,PHP,Python,,,,,,,,,,
Java,JavaScript,CSS,,,,,,,,C,,HTML5,,
Java,,,,Python,,,,,,,,,,
,JavaScript,CSS,PHP,,,Ruby,SQL,C#,,,,HTML5,,
Java,JavaScript,,,,,,,C#,,,,,,
,,,,,,,SQL,,,,Perl,HTML5,,ElasticSearch
,JavaScript,CSS,,,,,SQL,C#,C++,C,,HTML5,,
,,,,,,,,,,,,,,
Java,JavaScript,CSS,PHP,,,,SQL,,,,,HTML5,,
Java,JavaScript,CSS,PHP,Python,Objective-C,Ruby,SQL,,C++,C,,HTML5,,CoffeeScript
,,,,,,,,,,,,,,
Java,JavaScript,CSS,PHP,,,Ruby,,,,,,HTML5,,
Java,JavaScript,CSS,,Python,,Ruby,SQL,C#,C++,,,HTML5,,
,,,,,,,SQL,C#,C++,,Perl,,,
,,,,,,,,,,,,,,
,,,,,,,SQL,C#,,,,,,
,JavaScript,,,Python,,,SQL,C#,,,,HTML5,,
Java,JavaScript,CSS,,,Objective-C,,SQL,,,,,,,
,,,,Python,Objective-C,,SQL,C#,,C,Perl,HTML5,,
Java,JavaScript,CSS,,,,,,,,,,HTML5,,
,,,,Python,,,,,C++,C,,,,
,JavaScript,,,Python,,Ruby,SQL,C#,,,,,,
Java,,,,,Objective-C,,,,C++,C,Perl,,,
,JavaScript,CSS,,,,,SQL,C#,,,,HTML5,,
,JavaScript,CSS,PHP,Python,,,SQL,,,,,HTML5,,
,,CSS,,,,,SQL,C#,,,,HTML5,,
,,,,Python,,,,C#,C++,C,,,,
Java,JavaScript,CSS,PHP,,,,SQL,C#,,,,HTML5,,
,JavaScript,CSS,PHP,,,,SQL,,,,,HTML5,,
Java,JavaScript,CSS,,,,,SQL,C#,C++,C,,,,"PIC, ARM7, AVR32, X86 and X64 assembly"
,,,,Python,,,SQL,C#,,,,,,
,JavaScript,,,,,,SQL,C#,,,,,,
,,,,Python,Objective-C,,,,,,,,,
,,,,,,,,,,,,,,
Java,JavaScript,CSS,,Python,,,SQL,,,C,,HTML5,,
,JavaScript,CSS,PHP,,,,,,,,,HTML5,,
,JavaScript,,,,,,,C#,,,,,,
,,,,,,,,,,,,,,
,JavaScript,,,Python,,,SQL,C#,C++,,,,,
,,,PHP,,,,SQL,,,C,Perl,,,
,,CSS,,,,,,C#,,,,HTML5,,
Java,JavaScript,CSS,,,,,SQL,C#,C++,,,,,
Java,JavaScript,CSS,,,Objective-C,,,,,,,HTML5,,
Java,JavaScript,CSS,PHP,Python,,,SQL,,C++,C,,,,
,JavaScript,CSS,,Python,,,,,,C,,HTML5,,
,JavaScript,CSS,PHP,Python,,,SQL,C#,,,,HTML5,,
,JavaScript,CSS,PHP,,,,SQL,C#,,,,HTML5,,
Java,,CSS,,,,,,,,C,,HTML5,,
,,,,,,,,,,,,,,
,JavaScript,CSS,,,,,SQL,C#,,,,,,ASP.NET
,JavaScript,CSS,,,,Ruby,SQL,C#,,,,HTML5,,
,JavaScript,CSS,PHP,,,,SQL,C#,C++,C,,HTML5,,
,JavaScript,CSS,,,Objective-C,,SQL,C#,,,,HTML5,,ColdFusion
Java,,,,,,,,,,,,,,
,JavaScript,CSS,PHP,,,,,,,,,HTML5,,
,JavaScript,CSS,,,,,SQL,C#,,,,,,
,,,,Python,,,SQL,C#,,,,,,
Java,JavaScript,CSS,,Python,,,,,,C,,HTML5,,MIPS and other RISC assembly
,JavaScript,CSS,PHP,,,,,,,,,HTML5,,
,,CSS,,,Objective-C,,,,,,,HTML5,,
,JavaScript,CSS,,,,,SQL,C#,,,,,,
Java,JavaScript,CSS,,Python,,Ruby,SQL,,C++,C,,HTML5,,
Java,JavaScript,CSS,PHP,,,,SQL,,C++,,,HTML5,,
,,,,,,,,,,,,,,VB.NET
,JavaScript,CSS,,,,,SQL,C#,,,,HTML5,,
,,CSS,,,,,SQL,,,,,,,VB.Net
Java,JavaScript,CSS,,Python,,,SQL,,C++,C,,HTML5,,
,,,,,,,,,,,,,,
Java,JavaScript,CSS,PHP,,,,SQL,,,,,HTML5,,
Java,JavaScript,,,,,,SQL,,,C,,,,"liso, haskell"
,,,,,,,,,,,,,,
,,,,,,,,C#,,,,,,
,,,,,,,,,,,,,,
,,,,,,,,,,,,,,
Java,,,PHP,,,,SQL,,C++,C,,,,
,JavaScript,CSS,,,,,,,,,,HTML5,,
,,CSS,,Python,,,,,C++,C,,,,
,,,,,,,,,,,,,,
,,,,,,,SQL,,,C,Perl,,,
Java,JavaScript,CSS,PHP,Python,,,SQL,,,,,HTML5,,
Java,JavaScript,CSS,PHP,,,,SQL,C#,C++,,,HTML5,,
,JavaScript,,,,,,SQL,C#,,,,HTML5,,
Java,JavaScript,CSS,,,,,SQL,C#,,,,HTML5,,
,JavaScript,,,,,Ruby,SQL,,,,,HTML5,,
,JavaScript,CSS,,Python,,Ruby,SQL,,,,,HTML5,,
,JavaScript,CSS,PHP,,,,,,,,,HTML5,,
,JavaScript,CSS,PHP,,,,SQL,C#,,,,,,
Java,JavaScript,CSS,,Python,,,SQL,C#,C++,C,,HTML5,,
Java,JavaScript,CSS,PHP,,,,SQL,C#,,C,Perl,HTML5,,
,,,,,,,,,,,,,,shell
,JavaScript,CSS,PHP,,,,SQL,C#,C++,C,,HTML5,,
,JavaScript,CSS,PHP,,,,SQL,,,,,HTML5,,
,JavaScript,CSS,,,,Ruby,SQL,,C++,C,,HTML5,,
,JavaScript,,PHP,,,,SQL,C#,,,,,,
,JavaScript,,,Python,,,,C#,,,,,,
,JavaScript,CSS,,,,,SQL,C#,,,,,,"ASP , MVC"
,,,PHP,,,,,,,,,,,
,JavaScript,CSS,PHP,,,,SQL,,,,,HTML5,,
,,,,,,,SQL,,,,,,,PowerShell
Java,,,,,,,SQL,,,C,Perl,,,
,JavaScript,CSS,PHP,,,,SQL,C#,,,,HTML5,,
,JavaScript,CSS,,,Objective-C,,SQL,C#,,,,HTML5,,
,,,,,,,,,,,,,,
,,,,,,,,C#,,,,,,
Java,JavaScript,CSS,PHP,,,,SQL,,,,,HTML5,,
,,,,,,,,,,,,,,
,JavaScript,CSS,,Python,,,SQL,C#,,,,HTML5,,
,,,,Python,,,,,,C,,,,
Java,,,,,,,,,,,,,,
,,,,,,,,,,,,,,
Java,JavaScript,,,,,,SQL,C#,C++,C,,HTML5,,
Java,,CSS,,Python,,Ruby,SQL,,C++,C,,,,"Ada, LISP"
,,,,,,,SQL,C#,,,,,,
,,,,,,,,C#,,,,,,
Java,,,,Python,,,,C#,,,,,,
,JavaScript,,,,,,,C#,,,,,,x++
Java,JavaScript,CSS,,Python,,,,,C++,C,,,,
,JavaScript,CSS,,,,,SQL,,,,,HTML5,,VB.NET
Java,,,,,,,SQL,,,,,,,
Java,JavaScript,,,,,,SQL,,,,,,,
,,,,,,,SQL,C#,,,,,,
,JavaScript,CSS,,Python,,,,C#,,,,,,
,,,,,,,SQL,C#,,,,,,
,,,,,,,,,,,,,,
Java,,,,Python,,,,,,,,,,
,JavaScript,CSS,,,,,SQL,C#,,,,HTML5,,
,,,,,,,,,,,,,,
,,,,,,,,,,,,,,
Java,,,,,,,,C#,,C,,,,
Java,JavaScript,CSS,PHP,,,,,,,,Perl,,,
,JavaScript,,,,,,SQL,C#,C++,C,,,,"VB, VB.Net"
Java,JavaScript,CSS,,Python,,,SQL,C#,C++,C,,,,
Java,,,,Python,,,,,C++,,,,,
Java,,,,,,,,,,,,,,
,,,,,,,,,,,,,,
,JavaScript,CSS,,,,,,,,,,,,
Java,JavaScript,CSS,,,,,SQL,C#,,,,HTML5,,
Java,JavaScript,CSS,PHP,,,,SQL,,,,,,,Groovy
,JavaScript,CSS,,,,,,C#,,,,HTML5,,
Java,JavaScript,,,,,,,,,,,,,
,JavaScript,CSS,,Python,,,SQL,,C++,,Perl,,,
,,,,,,,,,,,,,,
Java,JavaScript,CSS,,,,,SQL,C#,,,,,,
Java,,,,Python,,,,C#,,C,,,,
,,,,Python,Objective-C,,SQL,,,C,,,,
,,,,,,,,,C++,C,,,,
Java,,,,,,,SQL,,,,,,,
,,,,,,,,,,,,,,
,,,,Python,,,,,,,,,,
,JavaScript,,,,,,SQL,C#,C++,C,,HTML5,,
,,,,Python,,,,,,,,,,
Java,JavaScript,CSS,,,,,SQL,,C++,C,,,,
Java,JavaScript,CSS,,Python,,,SQL,,C++,C,,HTML5,,
,JavaScript,CSS,PHP,,,,,,,,,HTML5,,
Java,JavaScript,CSS,PHP,,,,,,,,,HTML5,,
,JavaScript,CSS,PHP,Python,,,,,,,,,,
,,,PHP,,Objective-C,,SQL,,,C,,,,
,,,,,,,,,,,,,,
,JavaScript,CSS,,,Objective-C,Ruby,SQL,,,C,,HTML5,,
Java,JavaScript,,,,Objective-C,,,,,,,HTML5,,
Java,JavaScript,CSS,PHP,Python,,Ruby,SQL,,C++,,,HTML5,,COFFEESCRIPT
,JavaScript,,PHP,,,Ruby,SQL,,C++,C,,,,
,JavaScript,,,Python,,,SQL,C#,,,Perl,,,
,JavaScript,CSS,,Python,,,SQL,C#,,,,HTML5,,
,JavaScript,,PHP,Python,,Ruby,SQL,C#,C++,C,,,,
,,,,,,,,,C++,C,,,,
,JavaScript,CSS,PHP,,,,SQL,,,,,HTML5,,
,JavaScript,CSS,,,,,,C#,C++,C,,HTML5,,
,JavaScript,CSS,PHP,,,,SQL,,,,,HTML5,,
,,,,,,,,,,,,,,
,JavaScript,,,,,,SQL,C#,,,,,,Asp.Net
Java,,,,,,,,,C++,C,,,,
,,,,,,,SQL,C#,,,,,,
,JavaScript,,,,,,SQL,C#,,,,,,ActionScript
,,CSS,,,,,SQL,C#,,,,HTML5,,
Java,JavaScript,CSS,,,,,SQL,C#,,,,,,
,,,,,Objective-C,,,,,,,,,
,JavaScript,,,,,,,C#,,,,HTML5,,
,,,,,,,,,,,,,,
Java,,,,,Objective-C,,SQL,C#,C++,C,,,,
Java,,,PHP,,,,SQL,,C++,,,HTML5,,
,JavaScript,CSS,PHP,Python,,,SQL,,,,,HTML5,,xslt
Java,JavaScript,CSS,PHP,,Objective-C,,,,C++,C,,HTML5,,
,,,,,,,SQL,,,,,,,Vb.net
,JavaScript,CSS,PHP,Python,,Ruby,,,,,,,,
,,,,,,,,,,C,Perl,,,shell
,,,,,,,,,,,,,,
,,,,,,,,C#,,,,,,
Java,JavaScript,,,Python,,,SQL,C#,C++,C,,,,
,JavaScript,CSS,PHP,Python,,,,,C++,C,,,,
,JavaScript,,,,,,SQL,C#,,,,,,
,JavaScript,CSS,,,,,SQL,C#,,,,,,
,,,,Python,,,SQL,,C++,C,Perl,,,Pascal
,,,,,,Ruby,,,,,,,,
Java,JavaScript,CSS,,Python,,,,,C++,C,,HTML5,,
,,,,,,,SQL,C#,,,,,,Delphi
Java,,,PHP,Python,,Ruby,,,,,,,,
Java,,,,Python,,,,,,C,,,,
Java,,,PHP,,,,,,,,,,,Visual Basic Dot Net
Java,JavaScript,CSS,PHP,Python,,Ruby,SQL,,C++,C,Perl,HTML5,,
,,,,,,,,,,,,,,
,,,,,,,,,,,,,,
,,,,,,,,C#,,,,,,
,,,,,,,,,,,,,,
,,,,,,,,,,,,,,
,,,,,,,,,,,,,,VB
Java,,,PHP,,,,SQL,C#,C++,C,,HTML5,,Delphi
,,CSS,,Python,,,SQL,,,C,,HTML5,,
,,,,,,,,,,,,,,
Java,,,,,,,,C#,C++,C,Perl,,,
,JavaScript,CSS,PHP,,Objective-C,,,,,,,HTML5,,
Java,JavaScript,CSS,PHP,,,,SQL,,,,,,,
Java,JavaScript,CSS,PHP,,,Ruby,SQL,,,C,Perl,HTML5,,
,,,,,,,SQL,C#,,,,,,Flex/Actionscript
,JavaScript,CSS,,,,,SQL,C#,,,,,,
,JavaScript,CSS,,Python,,,,C#,,,,HTML5,,
Java,,,,,,,,,,,,,,
Java,JavaScript,,,,Objective-C,,SQL,,,C,Perl,,,Erlang
,,,,,,,,C#,,,,,,
,,,,,,,SQL,,,,,HTML5,,"VB.NET, VB6"
Java,JavaScript,CSS,PHP,,,,SQL,,,,,,,
,JavaScript,CSS,,,,,SQL,C#,,,,HTML5,,vb.net
,,,,,,,SQL,C#,,,,,,
Java,JavaScript,CSS,PHP,,Objective-C,,SQL,C#,,,,HTML5,,
,,,,,,,,,,,,,,
,JavaScript,CSS,PHP,,,,SQL,,,,Perl,HTML5,,
Java,JavaScript,CSS,PHP,,,,SQL,C#,,,,,,
Java,,,PHP,,,,,,,C,,,,Matlab
,,CSS,,,,,SQL,C#,,,,,,
,,,PHP,Python,,,SQL,C#,C++,C,,,,
Java,,,,,,,SQL,C#,,,,,,
,JavaScript,CSS,PHP,,,,,,,,,,,
Java,,,,,,,,,,,,,,
,,,,,,,,C#,C++,C,,,,TCL
Java,JavaScript,,,,,,SQL,,,,,,,"Clojure, Bash"
,JavaScript,CSS,PHP,,,,SQL,C#,,,,,,
,JavaScript,CSS,PHP,,,,SQL,,,,Perl,,,
,,,,,,,SQL,,,,,,,
,,,,,,,,C#,,,,,,VB.Net
,,,,,Objective-C,,SQL,C#,,,,,,
,JavaScript,CSS,PHP,,,Ruby,SQL,C#,C++,,,HTML5,,"Visual Basic, Visual Basic.NET"
,,,,,,,,,,,,,,
,JavaScript,CSS,PHP,,,,SQL,,,,,,,
,,,,,,,,C#,C++,,Perl,,,
,JavaScript,CSS,PHP,,,,SQL,,,,,HTML5,,
,JavaScript,CSS,PHP,,,,,,,,,HTML5,,
,,,,,,,,,,,,,,
Java,,,PHP,,,,,,C++,,,,,
Java,,,,,,,,,C++,,,,,
Java,,CSS,PHP,,,Ruby,,,,,,HTML5,,
,JavaScript,CSS,,,,,SQL,C#,,,,HTML5,,
Java,JavaScript,CSS,PHP,,Objective-C,,SQL,C#,C++,C,,HTML5,,
,JavaScript,CSS,PHP,Python,Objective-C,,,,,,,HTML5,,
,,,,,,,SQL,C#,,,,,,
Java,JavaScript,CSS,,,,,,C#,,,,HTML5,,"Erlang, Scala"
Java,JavaScript,CSS,,,Objective-C,,SQL,,,C,,HTML5,,
,JavaScript,CSS,PHP,,,Ruby,SQL,,C++,C,,HTML5,,
Java,JavaScript,CSS,PHP,,,,,,,,,,,
,,CSS,PHP,,,,,,,,,HTML5,,
Java,,,,Python,,,,,C++,C,,,,
Java,JavaScript,,,,,,SQL,C#,,,,,,
Java,JavaScript,,PHP,,,,,,,,,HTML5,,ActionScript
Java,JavaScript,CSS,PHP,,,,SQL,,,,,,,ActionScript
,JavaScript,,PHP,Python,,,,,,,,,,
,JavaScript,CSS,,,,,,,,C,,,,Progress 4GL
,JavaScript,CSS,,,,,SQL,C#,,,,,,
,,,,,,,,,C++,C,,,,
Java,,,,,,,SQL,,,,,,,
,,,PHP,Python,,,,,,C,,,,
Java,,,PHP,,,,SQL,,,,,,,
,,,,,,,,C#,,,,,,
Java,JavaScript,,,Python,,,SQL,C#,,,,,,
,,,PHP,,,,,,,,,,,
,,CSS,PHP,,Objective-C,,SQL,C#,C++,,,,,jquery :P (just love it)
Java,,,PHP,,,,,,,,,,,
,,,,,,,,,,,,,,
Java,,,,,,,,,C++,,,,,
Java,JavaScript,CSS,PHP,,,,SQL,,,,,HTML5,,
,JavaScript,CSS,PHP,Python,,,SQL,C#,,,,HTML5,,
,,,PHP,,,,,,,,,,,
Java,,,,,,,,,,,,,,
Java,,,,,,,SQL,C#,,,,,,
Java,JavaScript,CSS,PHP,Python,,Ruby,SQL,,C++,C,,HTML5,,
,JavaScript,CSS,,,,,SQL,C#,,,,,,
,JavaScript,CSS,,,,,SQL,C#,C++,C,,HTML5,,
Java,JavaScript,CSS,PHP,,,,SQL,C#,,,,HTML5,,
Java,,,,,,,,,C++,,,,,
,JavaScript,,,,,,SQL,C#,,,,,,
,JavaScript,,PHP,,,,SQL,C#,,,,,,
,,,,,,,,,,,,,,
,JavaScript,,,,,,,,,,,,,
,,,,,,,,,,,,,,
,,,PHP,Python,,,,,,C,,,,
Java,,,,,,,,,,,,,,
Java,JavaScript,CSS,PHP,,,,SQL,C#,C++,C,,,,
,JavaScript,CSS,,Python,Objective-C,,SQL,,C++,,,,,
,JavaScript,,,,,,SQL,C#,,,,HTML5,,
Java,JavaScript,CSS,,,,Ruby,SQL,,,,,,,
,JavaScript,CSS,PHP,,,,SQL,,,,,,,
,JavaScript,CSS,PHP,,,,,,,,,HTML5,,
Java,,CSS,,Python,,,SQL,,,,,,,"Scala, Groovy"
Java,,,,,,,,,,,,,,
,JavaScript,CSS,PHP,,,,SQL,C#,,,,,,
Java,JavaScript,CSS,PHP,,,,SQL,,C++,C,,,,
Java,,,,Python,,,,,C++,,,,,
,JavaScript,CSS,PHP,,,,SQL,,,,,,,
Java,,,,,Objective-C,,,,,,,,,
,,,,,,,,,C++,C,Perl,,,
,,,,,,,,,,,,,,fuck you for having so few countries on the 1st page. fuck you
,,,,,,,,,,,,,,
,JavaScript,CSS,PHP,,,,SQL,C#,,,,HTML5,,Delphi
Java,JavaScript,CSS,PHP,,,,SQL,C#,,,,,,
,,,PHP,,,,,,,,,,,Magento
,JavaScript,CSS,PHP,,Objective-C,,SQL,,,,,HTML5,,"ActionSctip2/3, Flex, Go"
,JavaScript,CSS,PHP,,,,,,,,,HTML5,,
Java,JavaScript,CSS,,,,,SQL,C#,C++,C,,,,
Java,,,,,,,,,,,,,,
,,CSS,,,,,,,,,,,,
Java,,CSS,,,Objective-C,,SQL,C#,C++,,,,,vb
,,,,,,,,,,,,,,
Java,,,,,,,SQL,C#,,,,,,
,,,,,,,,C#,,,,,,
,,,,,,,,,,,,,,
,,,,Python,,,,,,,,,,
,,CSS,,,,,,,,C,,,,"Python, HTML"
Java,JavaScript,CSS,,,,,SQL,C#,C++,C,,,,
Java,,,,,,,SQL,,C++,C,Perl,,,
Java,JavaScript,CSS,PHP,Python,,,SQL,,C++,C,Perl,HTML5,,
,,,,,,,SQL,C#,,,,,,PowerBuilder
,JavaScript,CSS,PHP,,,,,,,,,HTML5,,
,JavaScript,CSS,,,,,SQL,,,,,HTML5,,ColdFusion
Java,JavaScript,CSS,PHP,,,,SQL,,,,,HTML5,,
Java,JavaScript,CSS,PHP,,,Ruby,SQL,,C++,C,,HTML5,,
Java,JavaScript,CSS,,,,Ruby,SQL,C#,,,,,,
Java,,,,,,,,,C++,C,,,,Bash
Java,JavaScript,CSS,PHP,Python,,,,,,,,HTML5,,
,,,,,,,,C#,C++,C,,,,
Java,JavaScript,CSS,PHP,,,,SQL,C#,,,,HTML5,,
Java,JavaScript,CSS,PHP,,,,SQL,,,,,,,
,JavaScript,CSS,PHP,,,,SQL,,,,,,,
Java,JavaScript,CSS,PHP,,,,SQL,C#,,,,HTML5,,
Java,JavaScript,CSS,,,,,,,,C,,,,
Java,JavaScript,CSS,,,,,,,,,,HTML5,,
,,,,Python,,,,,,C,,,,Scheme
,JavaScript,CSS,,,Objective-C,Ruby,SQL,,,C,,,,
Java,,,,Python,,,SQL,C#,C++,C,Perl,,,
,,,,,,,,,,,,,,
,,,,,,,,,,,,,,
,,,,,,,,C#,,,,,,
,JavaScript,CSS,PHP,,,,,,,,,HTML5,,
,JavaScript,CSS,,,,Ruby,,,,,,HTML5,,
,,,,,,,,,,,,,,
,,,,,,,,,,,,,,
Java,,,,,,,,C#,,,,,,
,,,,,,,,C#,,,,,,
Java,JavaScript,CSS,PHP,Python,,,SQL,,C++,C,Perl,,,
Java,,,PHP,Python,,,SQL,,,C,,,,
,,,,Python,Objective-C,,,,C++,C,,,,
,JavaScript,CSS,PHP,,,Ruby,SQL,,,,,HTML5,,
,JavaScript,CSS,PHP,,,,SQL,,,,,HTML5,,
,,,,Python,,,SQL,C#,,,,,,
,JavaScript,CSS,,,,,SQL,C#,,,,HTML5,,
,,,,,,,,C#,C++,,,,,
,,,,Python,,,SQL,,,,,,,
,JavaScript,CSS,PHP,,,,SQL,C#,,,,,,
Java,,,,Python,,Ruby,,,,,,,,Haskell
Java,,,,,,,,C#,C++,,,,,
,JavaScript,CSS,,,,Ruby,,,,,,HTML5,,
Java,JavaScript,CSS,,,,,,,,,Perl,HTML5,,
,JavaScript,CSS,,,,,,,,,,HTML5,,
Java,JavaScript,CSS,,Python,Objective-C,Ruby,SQL,,,C,,HTML5,,TCL
,,,,,,,SQL,C#,,,,,,
Java,JavaScript,CSS,,Python,,,SQL,C#,C++,,,HTML5,,
,JavaScript,,,,,,SQL,C#,,,,,,
,,,,Python,,,,C#,,,Perl,,,
Java,JavaScript,CSS,PHP,Python,,,SQL,,,,Perl,HTML5,,
,,,,,,,SQL,,C++,C,,HTML5,,
,,CSS,PHP,Python,Objective-C,,SQL,,C++,,,HTML5,,
,,,,,,,SQL,,C++,C,,,,
,JavaScript,CSS,PHP,,Objective-C,,SQL,C#,,,,HTML5,,
Java,JavaScript,,PHP,,,,SQL,,,,,,,
,,,,Python,,,,,C++,,,,,
Java,JavaScript,,,,,,,C#,,,,,,
Java,JavaScript,CSS,PHP,,Objective-C,,SQL,C#,,,,HTML5,,
,JavaScript,CSS,PHP,,Objective-C,Ruby,SQL,C#,C++,C,,HTML5,,
,,,,,,,,,,,,,,
,JavaScript,CSS,,,,,SQL,,C++,C,,HTML5,,RPG
,,,,,,,,,,,,,,
,,,,,,,,,,,,,,
,,,,,,,,,,,,,,
,,CSS,PHP,,,,SQL,,,,,HTML5,,
,,CSS,,,,,SQL,C#,C++,,,,,
Java,JavaScript,CSS,,,,,SQL,C#,,,,HTML5,,
Java,,,,Python,,Ruby,SQL,,,C,Perl,,,
Java,JavaScript,CSS,PHP,,,,,,C++,,,,,
,,,,,,,SQL,C#,,,,,,
,,,,,,,,C#,,,,,,
,,,,,,,SQL,C#,C++,,,,,
,,,PHP,,,,SQL,C#,,,,,,vb.net
,,,,,,,,,,,,,,
Java,JavaScript,,PHP,,,,SQL,,C++,C,Perl,,,
,,,,Python,,,SQL,C#,C++,,,,,
,,CSS,PHP,,,,SQL,C#,C++,,,HTML5,,
,JavaScript,CSS,,,,,SQL,C#,,,,,,Powershell
Java,JavaScript,,,Python,,,SQL,,,,,,,
,,,,,,,,,,,,,,
,,,,,,,,,,,,,,
,JavaScript,CSS,,,,,SQL,C#,,,,HTML5,,
Java,,,,,,,,C#,,,,,,
,,,,,,,,,,,,,,
,,,,,,,,,,,,,,
,,CSS,,,,,,C#,,,,,,
Java,JavaScript,CSS,PHP,Python,,,,C#,,C,,HTML5,,Racket / Scheme
,JavaScript,,,,,,SQL,C#,,,,HTML5,,
Java,,,,,,,SQL,,C++,C,,,,
Java,JavaScript,,,Python,,,SQL,C#,,,,,,
Java,,,,,,,SQL,C#,,,,,,
,JavaScript,,,,,,SQL,C#,,,,HTML5,,
Java,JavaScript,CSS,PHP,,,,SQL,C#,C++,C,,,,
,JavaScript,CSS,,,,,SQL,C#,,C,Perl,HTML5,,
,,,,,,,SQL,C#,,,,HTML5,,
Java,,,PHP,,,,SQL,C#,C++,C,Perl,,,Assembler
Java,JavaScript,CSS,PHP,,,,SQL,C#,C++,C,,HTML5,,
Java,JavaScript,CSS,,,Objective-C,,SQL,,,,,,,
Java,,CSS,PHP,,,,,C#,,,,HTML5,,
,,,,,,,SQL,C#,,,,HTML5,,
,,,,,,,SQL,C#,,,,,,
,JavaScript,CSS,PHP,,,,,,C++,C,,HTML5,,R
,JavaScript,CSS,,Python,Objective-C,,SQL,C#,C++,C,,HTML5,,
Java,JavaScript,CSS,PHP,,,,SQL,C#,C++,C,,,,Lua
,,,,,,,SQL,C#,,,,,,
,JavaScript,CSS,,,,,SQL,C#,,,,HTML5,,
,JavaScript,,PHP,,,Ruby,SQL,,,,,HTML5,,
Java,JavaScript,CSS,,,,,,,,,,HTML5,,
,JavaScript,CSS,PHP,,,,,,,,,HTML5,,
Java,,,,,,,SQL,,C++,,,,,
,,,,,,,,C#,C++,C,,,,
Java,,,,,,,,,,,,,,
,JavaScript,CSS,PHP,,,,SQL,,,,,HTML5,,
,JavaScript,CSS,,,,,SQL,C#,,,,,,.NET/ASP.NET
Java,,,PHP,,,,SQL,C#,,,,,,
,,,,Python,,,,,,,,,,
,,CSS,PHP,,,,SQL,,,,,,,
Java,JavaScript,CSS,PHP,,,,,,,,,HTML5,,
,,,,,,,,,,,,,,
Java,JavaScript,CSS,,,Objective-C,,SQL,,,,,HTML5,,
,,,,Python,,,SQL,C#,,,,,,
,,,,,,,,C#,,,,,,VB
,,,,Python,,,,,C++,C,,,,IDL
,,,,,,,SQL,C#,,,,,,
,,,,,,,,,,,,,,
Java,JavaScript,,PHP,,,,SQL,,C++,C,,,,
,JavaScript,CSS,,,,,SQL,C#,,,,HTML5,,
,,,,Python,,,,,C++,,,,,
,JavaScript,CSS,PHP,,,,SQL,C#,C++,C,,HTML5,,
,,,PHP,,,Ruby,,,,,,,,
,JavaScript,CSS,PHP,,,Ruby,,,,,,HTML5,,
,,,,,,,,,,,,,,
Java,,,,,Objective-C,,,,,,,,,
,,,,,,,,,,,,,,
Java,JavaScript,CSS,PHP,Python,Objective-C,Ruby,SQL,C#,C++,C,Perl,HTML5,,"esparanto, troll."
,,,,,,,,C#,,,,,,
,JavaScript,,PHP,,,,,,,,,HTML5,,
,,,,,Objective-C,,,,,,,,,Cobol
,,,,,,,,,,,,,,
,,,,,,,,,,,,,,
,JavaScript,,,,Objective-C,,SQL,C#,,,,,,
,JavaScript,,,,,,SQL,C#,,,,,,
,JavaScript,CSS,,,,,SQL,C#,,,,HTML5,,ActionScript
Java,JavaScript,,,,,,SQL,C#,C++,C,,HTML5,,
,JavaScript,,,Python,,,SQL,C#,C++,C,,HTML5,,
,JavaScript,CSS,PHP,,Objective-C,,SQL,,,,,HTML5,,
,,,,,,Ruby,SQL,,,,,HTML5,,
Java,JavaScript,CSS,PHP,Python,,,SQL,C#,,C,,HTML5,,
,JavaScript,CSS,,,,,SQL,C#,,,,,,
,JavaScript,CSS,,,Objective-C,Ruby,,,,,,HTML5,,
Java,JavaScript,,PHP,,,,,,,C,,,,
,JavaScript,CSS,,,,,SQL,C#,,,,HTML5,,Silverlight
,JavaScript,,,,,,SQL,C#,,,,HTML5,,
Java,,,,,,,SQL,,C++,,,,,
,JavaScript,,,,,,SQL,C#,,,,HTML5,,
,,,,,,,,,,,,,,
,,,,,,,SQL,C#,C++,C,,,,
,JavaScript,CSS,,,,,SQL,C#,,,,HTML5,,
,JavaScript,CSS,,,,,SQL,C#,,,,,,
,JavaScript,CSS,,,,,SQL,C#,,,,HTML5,,
,JavaScript,CSS,PHP,,,Ruby,SQL,C#,C++,C,,HTML5,,
,,,,,Objective-C,,,,,,,,,Visual Basic
Java,,,PHP,,,,,,C++,C,Perl,,,
,,,,,,,,,,,,,,
,,,,,,,SQL,C#,,,,,,VB.NET
,,,PHP,Python,,,SQL,C#,C++,C,,,,
Java,JavaScript,CSS,PHP,,,,SQL,,,,Perl,HTML5,,
,,,,,,,,C#,C++,C,,,,
Java,JavaScript,,PHP,,Objective-C,,SQL,C#,C++,C,,,,
,,,,,,,,,,,,,,
Java,,,,,,,SQL,,C++,C,,,,
,JavaScript,CSS,,,,Ruby,,,C++,,,,,
,JavaScript,CSS,,,,,,C#,,,,,,Powershell
,,CSS,,,,,,,,,,HTML5,,
,JavaScript,CSS,PHP,Python,,,SQL,,,,,HTML5,,
Java,,,PHP,,,,SQL,,C++,C,,,,
,JavaScript,CSS,,,,,SQL,C#,,,,HTML5,,
Java,JavaScript,CSS,PHP,Python,Objective-C,,SQL,C#,C++,C,,HTML5,,
Java,JavaScript,,,,Objective-C,,SQL,,,C,,HTML5,,
,JavaScript,,,,,,SQL,C#,C++,C,,HTML5,,
,JavaScript,CSS,PHP,,,,SQL,,,,,,,
,,,,Python,,Ruby,,,,C,,,,
,,,,,,,SQL,,C++,C,,,,
,,,,,Objective-C,,,,C++,C,,,,
,,CSS,PHP,,,,SQL,C#,,,,HTML5,,bash
Java,JavaScript,CSS,PHP,,,,,,,,,HTML5,,
Java,JavaScript,CSS,,,,,SQL,,,,,,,
,JavaScript,CSS,PHP,,,,SQL,,,,,HTML5,,
Java,JavaScript,CSS,PHP,Python,,,SQL,,C++,C,,HTML5,,
Java,JavaScript,CSS,PHP,Python,,,,C#,,,,HTML5,,
,JavaScript,,,,,,SQL,C#,,,,HTML5,,
,,,,,,,SQL,C#,C++,,,,,
Java,JavaScript,,PHP,,,,SQL,,,,Perl,,,
,,,,,,,SQL,,,,,,,PL/SQL
Java,,,,,,,,,,,,,,
Java,JavaScript,CSS,PHP,,,,SQL,,,,,HTML5,,
,,,,,,,,,,,,,,
,JavaScript,CSS,PHP,,,Ruby,SQL,,,,,HTML5,,
Java,JavaScript,,,,,,SQL,C#,,,,HTML5,,
,JavaScript,CSS,PHP,,,,SQL,C#,,,,HTML5,,"VB6, VBScript"
,,,,,,,,,,,,,,-
,JavaScript,,,,,,SQL,C#,,,,,,
Java,,,,,,,,,C++,C,,,,
Java,,,,,,,,,,,,,,
Java,JavaScript,,,,,,SQL,C#,C++,C,,,,
Java,,,,,,,,,,,,,,
,JavaScript,,PHP,,,,SQL,,,,,,,
,,,,,,,,C#,,,,,,
Java,JavaScript,,,,Objective-C,,,,,,,,,
,,,,,,,SQL,C#,,,,,,
,,,,,,,,,,,,,,
,,,,,,,,,,,,,,
,,CSS,,,,,SQL,C#,,,,HTML5,,
Java,JavaScript,CSS,PHP,,,,,,,,,,,
,JavaScript,CSS,PHP,,,,SQL,,C++,,,,,
,JavaScript,,,,,,SQL,C#,,,,HTML5,,
,,,,,,,SQL,C#,,,,,,VB.NET
Java,JavaScript,,PHP,,,,SQL,C#,C++,C,,,,
,,,PHP,,,,,,,,,,,
,JavaScript,CSS,,,,,SQL,C#,,,,HTML5,,
,,,,Python,,,,,,C,,,,CUDA
,JavaScript,CSS,PHP,,,,SQL,,,,,HTML5,,
Java,JavaScript,CSS,PHP,,,,SQL,,,,Perl,HTML5,,
,,CSS,PHP,Python,,,SQL,C#,,,,,,
Java,,,,,,,,C#,,,,,,
,,,,,,,,C#,C++,,,,,
,,,,,,,,,,,,,,
Java,,CSS,PHP,,,,SQL,C#,C++,C,,HTML5,,Lua
Java,JavaScript,CSS,,Python,,Ruby,SQL,,C++,C,,HTML5,,
,JavaScript,CSS,,,,,SQL,C#,,,,,,vb.net
Java,JavaScript,CSS,,,,,SQL,,,,,HTML5,,
,JavaScript,,,,,,,C#,,,,,,
Java,JavaScript,CSS,PHP,Python,,,SQL,,,,,HTML5,,Assembly
,,,,,,,,,C++,,Perl,,,
,JavaScript,CSS,PHP,,Objective-C,,SQL,,,,,HTML5,,
,JavaScript,CSS,PHP,Python,,,,,,,,HTML5,,
,JavaScript,,,,,,SQL,C#,,,,,,
,,,,,,,,,,,,,,Mathematica
,JavaScript,CSS,PHP,,,Ruby,SQL,,,,,HTML5,,
,,CSS,,,,,SQL,C#,,,,,,
Java,JavaScript,CSS,,,,,SQL,,,,,,,
,,,,,,,,,,,,,,
Java,,,,,,,,,,,,,,
,,,,,Objective-C,,,,C++,C,,,,
Java,JavaScript,CSS,PHP,Python,,,SQL,C#,C++,C,,HTML5,,
,,,,Python,,,SQL,C#,C++,,,,,
,,,,,,,,,,,,,,"english, russian :)"
Java,JavaScript,CSS,,,,,SQL,,C++,,,,,
,,,,,,,,C#,,,,,,
,JavaScript,CSS,,,Objective-C,,SQL,,,C,,HTML5,,
,JavaScript,CSS,PHP,,,,SQL,C#,,,,HTML5,,
Java,,,,,,,SQL,,C++,C,,,,
,,,,,,,,,,,,,,
Java,,,,Python,,,SQL,,,,,,,
,,,,,,,,,,,,,,
Java,JavaScript,CSS,PHP,Python,,,SQL,,C++,,Perl,HTML5,,
,,,,,,,,,,,,,,
,JavaScript,CSS,,,,,SQL,,,C,,,,
,JavaScript,CSS,PHP,,Objective-C,,SQL,,,,,HTML5,,
,,,,,,,,,,,,,,
,,,,Python,,,,,,C,,,,
Java,,,,,,,,,C++,,,,,
Java,JavaScript,CSS,,,,,SQL,,,,,HTML5,,
,,,,Python,,,,,,,,,,
Java,,CSS,,,,Ruby,SQL,,,,,HTML5,,
Java,,,,,,,,,,,,,,
Java,,,,,,,,,,,,,,
Java,,,,,,,,,,,,,,
,,,,Python,,,,,C++,,,,,
,,,PHP,,Objective-C,,,,,C,,,,
,,,PHP,,,,,C#,C++,,,,,
,,,,Python,,,,C#,,,,,,
,,,PHP,,,,,,,,,,,
Java,JavaScript,,,Python,,,,C#,,C,,,,
,,,,,,,,,C++,C,,,,
Java,JavaScript,CSS,,,,,SQL,,,,,HTML5,,
Java,JavaScript,CSS,PHP,,,,SQL,C#,,,,HTML5,,
,JavaScript,CSS,,,,,SQL,C#,,,,,,
Java,JavaScript,CSS,PHP,,,,SQL,,C++,,,HTML5,,
Java,JavaScript,CSS,PHP,,,,SQL,C#,,,,,,VB.NET
,,,,,,,,,,,,,,
,,,,,,,,,,,,,,
,,,,,,,,C#,,,,,,
,,,,,,,,,,,,,,
,,,,,,,,,,,,,,
,,,,,,,,,,,,,,
,JavaScript,CSS,PHP,Python,,,SQL,,C++,C,,,,
Java,JavaScript,CSS,PHP,,,,SQL,,,,,HTML5,,
,,,,,,,,,,,,,,
,,,,,,,,,,,,,,
,,,,,,,,,,,,,,
Java,JavaScript,,,,,Ruby,SQL,,,,,,,
Java,,,,,,,,,,,,,,
,JavaScript,CSS,,,Objective-C,Ruby,,,,,,HTML5,,
,JavaScript,CSS,,,,Ruby,,C#,C++,C,,,,
,,,,,,,,C#,,,,,,
,,,,,,,,C#,C++,C,,,,
,,,,,,,,C#,,,,,,
,JavaScript,CSS,,,,,SQL,C#,,,,,,
,JavaScript,CSS,PHP,,,,SQL,,,,,,,
,,,,,,,SQL,C#,C++,,,,,
,,,PHP,,,,,,,,,,,
,,,,,,,,,,,,,,
,JavaScript,,,,,,SQL,C#,C++,C,,,,
Java,JavaScript,CSS,,,,,,,,C,Perl,HTML5,,
Java,JavaScript,,PHP,,,,,C#,C++,C,,,,"Various assembler's languages, VB6"
Java,,,,,,,,,,,,,,
,JavaScript,,PHP,,,,,,C++,C,,,,Functional prg. languages
,,,,,,,,C#,,,,,,
,JavaScript,CSS,PHP,,,,SQL,,C++,C,,HTML5,,
Java,JavaScript,CSS,PHP,,,,SQL,C#,,,,HTML5,,
,,,,,,,SQL,C#,,,,,,
,JavaScript,CSS,PHP,Python,,Ruby,SQL,C#,,,,,,VB
Java,JavaScript,CSS,,,,,SQL,,,,Perl,HTML5,,
Java,JavaScript,CSS,PHP,Python,,,SQL,,,,,,,
,,,,,,,,,,,,,,
Java,,,,,,,,,,,,,,
,,,,Python,,,,,C++,,,,,
,JavaScript,CSS,PHP,,,,SQL,,,,,HTML5,,Shell scripting
,JavaScript,,,Python,Objective-C,,,,,C,,,,
Java,,CSS,PHP,,,,SQL,,C++,,,HTML5,,
,,,,,,,,,,,,,,
Java,JavaScript,CSS,,Python,,Ruby,SQL,C#,C++,C,,HTML5,,
Java,JavaScript,CSS,,Python,,Ruby,,,,C,,HTML5,,
Java,JavaScript,CSS,PHP,,,,SQL,C#,,,,HTML5,,
,JavaScript,CSS,PHP,Python,,,SQL,,C++,C,,HTML5,,
,,,,,,,,C#,,,,,,
Java,JavaScript,,,,Objective-C,,SQL,C#,C++,,,HTML5,,
,JavaScript,CSS,,,,,SQL,C#,,,,,,
,,CSS,PHP,,,,SQL,C#,,,,HTML5,,
,,,,,,,,,,,,,,
Java,,,,,,,,,C++,,Perl,,,Matlab
,JavaScript,CSS,,,,,,C#,,,,HTML5,,"jquery, openxml-sdk"
,JavaScript,CSS,,,,,SQL,C#,,,,,,
,JavaScript,CSS,PHP,Python,,,SQL,,,,,HTML5,,
,,,,,,,,,,,,,,
Java,JavaScript,CSS,PHP,Python,Objective-C,Ruby,SQL,,,,,HTML5,,
Java,,,,,,,,,,C,Perl,,,COBOL
,,,,,,,,,,,,,,
,,,,,,,,C#,,,,,,
,,,,,,,,,,,,,,
,,,PHP,,,,,C#,,,,HTML5,,vb.net
,JavaScript,CSS,PHP,Python,,,SQL,,,C,,HTML5,,
,,,,,,Ruby,SQL,,,,,,,
,,,,,,Ruby,,,,,,,,
Java,,,,,,,,,C++,,,,,
Java,JavaScript,CSS,PHP,,Objective-C,,SQL,C#,C++,C,,HTML5,,
Java,JavaScript,CSS,PHP,,,Ruby,SQL,,,,,HTML5,,
Java,JavaScript,CSS,PHP,,,,SQL,,,,,HTML5,,
,,,,,,,,,,,,,,"Visual Basic, Progress OpenEdge"
,JavaScript,CSS,PHP,,,,SQL,,,,,,,
,,CSS,PHP,,Objective-C,Ruby,SQL,,,,,,,
Java,JavaScript,CSS,PHP,Python,,,SQL,,C++,C,,HTML5,,
,JavaScript,CSS,PHP,,,,SQL,C#,C++,,,HTML5,,
,JavaScript,CSS,,,,,SQL,C#,,,,,,
Java,JavaScript,CSS,PHP,Python,,,SQL,,,,,,,
,JavaScript,,,Python,,Ruby,,,,,,HTML5,,
,,,,,,,,,,,,,,
Java,JavaScript,CSS,PHP,Python,Objective-C,,SQL,,C++,C,,HTML5,,
Java,JavaScript,CSS,PHP,Python,,,SQL,,C++,,,HTML5,,
,JavaScript,,,,,,SQL,C#,,,,HTML5,,
,,CSS,,,,,,,,,,,,
Java,,,PHP,Python,,,SQL,,C++,C,,,,
,JavaScript,CSS,,,,,SQL,C#,,,,HTML5,,ASP/VBScript
,,,,,,,,,,,,,,
,,,,,,,,,,,,,,
,JavaScript,,PHP,,,,SQL,,,,,HTML5,,
,JavaScript,CSS,PHP,,,,SQL,,,,,,,
,JavaScript,CSS,PHP,,,,SQL,,,,,,,
,,,,,Objective-C,,SQL,,,,,HTML5,,VB9
,,,,,,,,,,,,,,
,,,,,,,,,,,,,,
,JavaScript,CSS,PHP,,,,,,,,,,,Lua
Java,JavaScript,CSS,,,,Ruby,SQL,,,,,,,
,,,,,,,,,,,,,,
,,,,Python,,,,,C++,,,,,
,JavaScript,CSS,PHP,Python,,,SQL,C#,,,Perl,HTML5,,
,JavaScript,CSS,PHP,,,,SQL,C#,C++,C,Perl,HTML5,,
,,,,,,,,,,,,,,
,JavaScript,,PHP,,Objective-C,,SQL,,,C,Perl,HTML5,,
,,,,Python,,,,,,C,Perl,HTML5,,
Java,JavaScript,,,,,,,,C++,C,Perl,,,
,JavaScript,,,,,,SQL,C#,,,,,,
,JavaScript,,,,,,SQL,C#,,,,,,vb.net
Java,,,,Python,,,,,,,,,,
,JavaScript,CSS,,,,Ruby,SQL,C#,,,,HTML5,,
Java,JavaScript,CSS,PHP,,,,,,,,,HTML5,,
Java,JavaScript,CSS,,,,,,C#,,C,,,,ColdFusion
,,,,,,,,,,,,,,
,,,,,,,,,,,,,,
,JavaScript,CSS,PHP,,,,SQL,C#,,,,,,
Java,JavaScript,CSS,PHP,Python,,,SQL,,C++,C,,,,
Java,,,,,,,,,C++,C,,,,
Java,JavaScript,CSS,,,,,SQL,,,,,HTML5,,
Java,JavaScript,CSS,,,,,SQL,C#,,,,HTML5,,
Java,JavaScript,CSS,,,,,SQL,C#,,,,HTML5,,
Java,,,,,Objective-C,Ruby,,,,,,,,Rexx
,,,,,,,,,,,,,,
,JavaScript,CSS,PHP,Python,Objective-C,,SQL,,,C,,HTML5,,
Java,JavaScript,CSS,,,,,,,C++,C,Perl,HTML5,,Haskell
,JavaScript,CSS,,Python,,Ruby,SQL,C#,,,,HTML5,,
,,,,Python,,,,,C++,C,,HTML5,,
,JavaScript,CSS,PHP,,,Ruby,SQL,,C++,,,HTML5,,
,JavaScript,,,,,,,C#,,,,,,
Java,JavaScript,CSS,,Python,,,SQL,,,,,,,
Java,,,PHP,Python,,,SQL,C#,,C,,,,
Java,JavaScript,CSS,PHP,Python,,,SQL,,,,,HTML5,,Nodejs
Java,,CSS,,Python,,,SQL,C#,,C,,HTML5,,
,,,,,,,SQL,C#,,,,,,VB .NET
,,,,Python,Objective-C,,,C#,C++,C,,,,
,,,,,,,SQL,C#,,,,,,"VB6, VB.NET, VBA"
,,,,,,,,,,,,,,
Java,JavaScript,CSS,PHP,Python,Objective-C,Ruby,SQL,C#,C++,C,Perl,HTML5,,
Java,JavaScript,CSS,PHP,,,,SQL,C#,C++,,,HTML5,,
,JavaScript,CSS,,,,,SQL,C#,,,,HTML5,,
,JavaScript,CSS,PHP,,,,SQL,,,,,HTML5,,
Java,JavaScript,,PHP,,,,,,C++,C,,HTML5,,"UniBasic, UniQuery"
Java,,,,,,,,,,,,,,
,JavaScript,CSS,,Python,,,,,,,,HTML5,,
Java,JavaScript,CSS,,,,,SQL,C#,C++,,,HTML5,,
,JavaScript,CSS,,,,,SQL,C#,,,,,,
Java,JavaScript,CSS,,Python,,,,,C++,C,,HTML5,,
Java,JavaScript,CSS,PHP,,,,SQL,C#,,,,,,
Java,JavaScript,,PHP,,,,SQL,,C++,C,,HTML5,,LISP
,,,,,,,SQL,C#,,,,,,
Java,JavaScript,,,,,,SQL,,C++,,,HTML5,,
Java,JavaScript,,PHP,Python,,,SQL,,C++,C,Perl,,,"Assembly, Scheme"
,,,,,,,,,,,,,,
,JavaScript,,,,,Ruby,,,,,,,,
Java,JavaScript,CSS,PHP,,Objective-C,,SQL,,,,,,,
Java,JavaScript,CSS,,Python,Objective-C,Ruby,,,C++,,,HTML5,,
Java,JavaScript,CSS,,,,,SQL,,,,,,,
,,,,Python,,,,,,,,,,
,,,,,,,SQL,C#,,,,,,
,JavaScript,CSS,,,,,SQL,C#,,,,,,
,,,,,,,,,,,,,,
,,,,,,,,,,,,,,
,,,,,,,SQL,,,,,,,
Java,JavaScript,CSS,,,,,,C#,,,,,,
,,,,,,,,,C++,C,,,,
,,,,Python,,,,,,,,,,
,JavaScript,CSS,PHP,,,,,,,,,HTML5,,
Java,JavaScript,CSS,PHP,,,,SQL,C#,,,,HTML5,,VHDL
,JavaScript,CSS,,,,,SQL,C#,C++,,,HTML5,,
Java,,,,,,,SQL,,,,Perl,,,"Scala, Smalltalk, PL/SQL"
Java,JavaScript,,,,,,,,C++,,Perl,,,
,JavaScript,CSS,,,Objective-C,,,,,C,,HTML5,,
,JavaScript,CSS,,,,,SQL,C#,,,,,,
,JavaScript,CSS,,,,,SQL,C#,,,,HTML5,,
,,,,,,,,,,,,,,
Java,JavaScript,CSS,,,Objective-C,Ruby,SQL,,,,,HTML5,,
,JavaScript,,,,,,,C#,,C,,,,
,,,,,,,,,,,,,,
,,,PHP,Python,,,SQL,C#,C++,C,,,,Scheme
,JavaScript,CSS,PHP,,,,SQL,,,,,HTML5,,
,,,,,,,,,,,,,,
,JavaScript,CSS,,,Objective-C,Ruby,,C#,,,,HTML5,,
,JavaScript,,PHP,,,Ruby,SQL,,,,,,,
,,,,,,,,,,,,,,
Java,,,,,,,SQL,C#,,,,,,
,,,,,,,SQL,C#,,,,,,
,JavaScript,CSS,,,,,SQL,,,C,,,,
Java,,,PHP,,,,SQL,C#,C++,C,,HTML5,,
,,,,,,,SQL,C#,,,,,,
Java,JavaScript,CSS,PHP,Python,,,SQL,,C++,,,HTML5,,
,JavaScript,,,,,,SQL,C#,C++,,,,,
,,,,,,,,,,,,,,Haskell
,,,PHP,,,,,,,,,,,
,,,,,,,,,,,,,,
Java,JavaScript,CSS,,,,Ruby,,,,,,,,
Java,,,,,,,SQL,,,,,HTML5,,
,,,,,,,,,,,,,,
Java,JavaScript,CSS,,,,,SQL,,,,,,,
Java,JavaScript,CSS,,Python,,,SQL,,,C,,HTML5,,
,JavaScript,CSS,,,,,SQL,C#,,,,HTML5,,
Java,JavaScript,CSS,,,,,SQL,C#,,,,,,
,JavaScript,CSS,PHP,Python,,,,,,C,,HTML5,,
Java,JavaScript,CSS,PHP,,,,SQL,,,,,,,
,JavaScript,CSS,PHP,Python,,,SQL,,,,,,,
,JavaScript,CSS,PHP,,,,SQL,,,,,,,
,JavaScript,CSS,PHP,,,,,,,,,HTML5,,
Java,,,,,,,,,,,,,,
,JavaScript,,PHP,,Objective-C,Ruby,SQL,C#,,,,HTML5,,
,,,,Python,,,,,,,,,,
,,CSS,PHP,Python,,,,,C++,,,,,R
,,,,,Objective-C,,,,,,,,,
,,,,,,,,,,,,,,
,,,,,,,,,,,,,,
,,,,,,,,C#,,,,,,
,,,,,,Ruby,,,,C,,,,
,,,,,,,,,,,,,,ColdFusion
Java,JavaScript,CSS,PHP,,Objective-C,,SQL,,,,,,,
,,,,,,Ruby,,C#,,C,,HTML5,,
,,,,,,,,C#,,,,,,
Java,,,PHP,,,,SQL,,C++,C,,,,
,,,,,,,SQL,C#,C++,,,,,
Java,JavaScript,CSS,PHP,,,Ruby,SQL,,,,,HTML5,,
Java,JavaScript,CSS,PHP,,,,SQL,,,,,HTML5,,
,JavaScript,CSS,PHP,Python,,Ruby,SQL,,,,,HTML5,,
,,,,Python,,,,,,,,HTML5,,
,,,,,,,SQL,C#,C++,,,,,
,JavaScript,CSS,PHP,,,,SQL,,,,,HTML5,,
,JavaScript,CSS,PHP,,,Ruby,SQL,,,,,,,
Java,JavaScript,CSS,PHP,,,,SQL,,,,,HTML5,,
Java,,,,,,,SQL,,,,,,,
,,,,,,,,,,,,,,
Java,JavaScript,CSS,PHP,,,,SQL,C#,,,,HTML5,,
,JavaScript,,,Python,,,SQL,,,,,,,
,,,,,,,SQL,C#,,C,,,,
,,,,Python,,,,,,C,,HTML5,,
,JavaScript,,PHP,,,,SQL,,,,,,,
,JavaScript,CSS,PHP,,,,SQL,,,,,HTML5,,
Java,JavaScript,CSS,,,,,SQL,C#,C++,C,,HTML5,,
,JavaScript,CSS,PHP,Python,,,,,,,,HTML5,,
,JavaScript,CSS,PHP,,,Ruby,SQL,,,,,HTML5,,
Java,,,,,,,,,,C,,,,Haskell
Java,JavaScript,CSS,PHP,Python,,,,,,,,HTML5,,
,JavaScript,CSS,,Python,,,,,,,,HTML5,,
,,CSS,,,,,,C#,,,,HTML5,,
Java,JavaScript,,,Python,,,,,C++,C,,,,
,,CSS,,,,,SQL,,,,,,,vb.net
Java,JavaScript,,,,,,SQL,,,,,,,
,JavaScript,CSS,,,,,SQL,C#,,,,,,
Java,,,PHP,,Objective-C,,,,,,,,,
,,,,,,,SQL,C#,,,,,,
,,,,,,,,,,,,,,
,,,,,,,,C#,,,,,,
,JavaScript,CSS,,,,,SQL,C#,C++,C,,,,
,,,,,,,,,C++,C,,,,
,JavaScript,CSS,PHP,Python,Objective-C,,SQL,,,,,HTML5,,
,JavaScript,CSS,PHP,,,,SQL,,C++,C,,HTML5,,
,,,,,Objective-C,,,,,C,,,,
,,,,,,,,,,,,,,
Java,,CSS,,,,Ruby,SQL,C#,C++,C,,HTML5,,
,,,,,,,SQL,C#,,,,,,
Java,JavaScript,CSS,,,,,,,,,,HTML5,,
,JavaScript,CSS,,,,,SQL,C#,,,,,,
,JavaScript,CSS,PHP,,,,,,,,,,,
Java,,,,Python,,,,C#,C++,,,,,
Java,JavaScript,,PHP,Python,,,SQL,,,,,HTML5,,
Java,JavaScript,CSS,PHP,,,,SQL,,,,,HTML5,,
,JavaScript,,,,,,SQL,C#,,,,HTML5,,
,JavaScript,CSS,PHP,Python,,,,,,,,,,
,,CSS,,,,,SQL,C#,,,,HTML5,,
,JavaScript,CSS,,,,Ruby,SQL,C#,,,,,,
,,,,,,,SQL,C#,,,,,,
,JavaScript,CSS,PHP,,,,SQL,C#,,,,,,
Java,JavaScript,,,Python,,,SQL,,C++,C,,HTML5,,
Java,JavaScript,CSS,PHP,Python,,,SQL,C#,,,,,,
Java,JavaScript,CSS,PHP,,,,,,,,,HTML5,,
Java,JavaScript,CSS,PHP,,,,SQL,C#,,,,,,
,,,,,,,,,,,,,,
Java,JavaScript,CSS,,Python,,,SQL,C#,C++,,,,,
,,,,Python,,,SQL,,C++,,,,,
,,,,,,,,,,,,,,
Java,JavaScript,CSS,PHP,,,,,,C++,,,HTML5,,
Java,JavaScript,,,,,,SQL,C#,,,,,,
Java,,,PHP,,Objective-C,,,,C++,C,,,,
,,CSS,,,,,SQL,C#,,,,,,
Java,JavaScript,CSS,PHP,Python,,,SQL,C#,C++,C,,HTML5,,Haskell
,JavaScript,CSS,,,,,SQL,C#,,,,,,
Java,,,,,,,,C#,,,,,,
,JavaScript,,,,,,SQL,C#,,,Perl,HTML5,,
,,,,,,,,,,,,,,"HTML,VB6"
,JavaScript,CSS,PHP,,,,SQL,,,,,HTML5,,
,,,,,,,SQL,C#,,,,,,
,,,,,,,,,,,,,,
,JavaScript,CSS,PHP,,,,SQL,C#,C++,,,HTML5,,
Java,JavaScript,CSS,PHP,Python,,,SQL,,C++,,,HTML5,,
,,,,Python,,,SQL,,,,,,,
Java,,,,,Objective-C,,SQL,,,,,,,
,,,,,,,,,,,,,,
Java,JavaScript,CSS,,,,,SQL,C#,,,,HTML5,,
,JavaScript,CSS,,,,,SQL,C#,,,,HTML5,,
,,,,,,,,,,,,,,
,JavaScript,CSS,PHP,,,,SQL,,,,,,,
,,,,,,,,,C++,C,,,,
Java,,,,,,,,,,,,,,
,,,,,,,,,,,,,,
Java,JavaScript,,,,Objective-C,,,,C++,C,Perl,HTML5,,
,JavaScript,CSS,PHP,,,,SQL,C#,,,,,,
Java,,,,,,,,,C++,C,,,,
Java,JavaScript,CSS,PHP,,,Ruby,SQL,C#,,,,HTML5,,
Java,,,PHP,Python,,,SQL,C#,C++,C,,,,
,JavaScript,CSS,,,Objective-C,,SQL,C#,,,,,,
Java,,,,,,,,,,,,,,
Java,JavaScript,CSS,PHP,Python,,,SQL,,C++,,,HTML5,,
,,,PHP,,,,,,,,,,,Delphi
,,,,,,,,,,,,,,
,JavaScript,CSS,PHP,,,,SQL,,,,,HTML5,,
Java,,,,,,,,C#,C++,,,,,Pascal
,,,,,,,,C#,,,,,,
Java,,CSS,PHP,Python,,,,,,,,,,
,,,,Python,,,,,,,,,,
,JavaScript,CSS,PHP,Python,,,SQL,C#,C++,C,,HTML5,,"Delphi, Bash"
,JavaScript,,,,,,SQL,C#,,,,HTML5,,
,,,,,,,,,,,,,,
,,CSS,PHP,,,,SQL,C#,,C,,,,
,,,,,,,,,,,,,,
Java,,,,,,,,,C++,,,,,
,,,,Python,Objective-C,,,,C++,,,,,
,,,,,,,,,,,,,,
Java,JavaScript,,PHP,,,,SQL,,,,,,,Matlab
,,,,,,,,,,,,,,
,,,,,,,SQL,C#,,,,,,
Java,,,,Python,,,SQL,,,,,,,clojure
,,,,,,,SQL,C#,C++,,,,,
Java,JavaScript,CSS,,,,,SQL,C#,,,,,,
Java,,,,,,,SQL,C#,,,,,,
Java,,,,,,,SQL,,C++,C,,,,Delphi
,,,,,,,,,,,,,,
,JavaScript,,,,,,SQL,C#,,,,,,
,JavaScript,CSS,,,,,,,,,,,,
Java,,,,,,,,,C++,C,,,,
,JavaScript,CSS,PHP,,,,SQL,,,,,HTML5,,
,JavaScript,,,,,,SQL,C#,,,,,,
Java,,,,,Objective-C,,,,C++,,,,,
Java,,,,Python,,,,,C++,C,,,,
,,,,,,,,C#,,,,,,
Java,,,,,,,,C#,,,,,,
Java,JavaScript,CSS,PHP,,,,SQL,,C++,,,HTML5,,
Java,,,,,,,,,,C,,,,
Java,JavaScript,CSS,PHP,Python,,,,,,C,,HTML5,,
Java,JavaScript,CSS,,,,,SQL,,C++,C,,HTML5,,
Java,JavaScript,CSS,PHP,,,,,C#,,,,HTML5,,
Java,JavaScript,CSS,,,,,,C#,C++,,,,,
,JavaScript,CSS,,,,,SQL,C#,,,,,,Visual Basic.Net
Java,,CSS,PHP,,,,SQL,,,,,HTML5,,
,,,,,,,,,,,,,,
Java,JavaScript,,,,,,SQL,,,,,,,
Java,,,,,,,,,C++,C,,,,
,,,,,,,,,,,,,,
Java,JavaScript,CSS,,,,,SQL,C#,,,,HTML5,,
Java,JavaScript,CSS,PHP,,,,SQL,,C++,C,,HTML5,,
,JavaScript,CSS,PHP,Python,,,,C#,,C,,HTML5,,
,JavaScript,CSS,,,,,SQL,C#,,,,HTML5,,
Java,JavaScript,CSS,,,,,SQL,,,,,HTML5,,
,,,,,,,,,,,,,,
Java,,,,,,,,,,,,,,
,,CSS,PHP,,,,SQL,C#,,,,,,
,,CSS,,,,,SQL,C#,C++,C,,,,"Pascal, Delphi"
Java,JavaScript,CSS,PHP,Python,,,SQL,,C++,C,,,,"ADA 95, XHTML"
,,,,,,,SQL,C#,C++,,,,,
,JavaScript,CSS,PHP,,,,,C#,,,,,,
,JavaScript,CSS,,,,,SQL,C#,,,,HTML5,,
,,,,,,,,,C++,C,,,,
,,,,,,,,,,,,,,
Java,,,,,,,,,C++,C,,,,
,JavaScript,CSS,,,,,,C#,,,,HTML5,,
,,,PHP,,,,,,,,,,,
Java,,,,,,,SQL,,,C,,HTML5,,
,,,,,,,,C#,,,,,,
,,,,,,,,C#,C++,C,,,,bash script
,,,,,,,,,,,,,,
Java,,,PHP,,,,SQL,,,C,,,,
,,,,,,,,,C++,C,Perl,,,
,,,,,,,,,,,,,,
Java,JavaScript,CSS,,,,,SQL,,,C,,,,
Java,JavaScript,CSS,,,,,SQL,,,,,,,
,,,,,,,,,,,,,,
,,,,,,,SQL,C#,,,,,,Delphi
Java,JavaScript,CSS,PHP,Python,,,SQL,,,,,,,ActionScript
,,CSS,,,,,SQL,C#,,,,HTML5,,
,JavaScript,CSS,,Python,,,SQL,,C++,,Perl,,,
Java,,,,Python,,,,,C++,C,,,,
,,,PHP,,,,SQL,C#,,,,,,Visual Basic
Java,,,,,Objective-C,,,,,,,,,
,,,,,,,SQL,C#,,,,,,
Java,JavaScript,,,,,,,,C++,,,,,
,,,,,,,,,,,,,,
,JavaScript,CSS,,,,,SQL,C#,,,,HTML5,,
,JavaScript,CSS,,Python,,,SQL,C#,C++,C,Perl,HTML5,,Isabelle/HOL
,,,,Python,,,,C#,,,Perl,,,
,JavaScript,,PHP,,,Ruby,SQL,,,C,,,,
,,,PHP,,Objective-C,,,,,,,,,
,,CSS,PHP,Python,,,,,,C,,HTML5,,
Java,JavaScript,CSS,PHP,,,,,,,,,HTML5,,
Java,,,,,,,,,,,,,,
,,,PHP,,,,,,,C,,,,Scilab
,,,,,,,SQL,C#,C++,C,,,,
Java,JavaScript,,,,,,,,,C,,HTML5,,
,,,,,,,,,,,,,,
,JavaScript,,,Python,,,SQL,C#,,,,HTML5,,
Java,,,,,,,,,C++,,,,,
Java,JavaScript,CSS,PHP,,,,,,,,,HTML5,,
,,,,,,,,,,,,,,
,JavaScript,CSS,PHP,,,,,,,,,HTML5,,
,JavaScript,CSS,,,,,SQL,C#,,,,,,
Java,,,PHP,Python,,,SQL,C#,C++,C,,,,
,JavaScript,CSS,PHP,Python,,,SQL,C#,,,,HTML5,,
,JavaScript,,,Python,,,SQL,,,,,,,
,,,,,Objective-C,,,,,,,,,
Java,JavaScript,CSS,PHP,,,,SQL,C#,C++,C,,HTML5,,
,,CSS,PHP,,,,SQL,C#,,,,,,
,JavaScript,,,,,,SQL,C#,,,,HTML5,,
,,,,,,,SQL,C#,C++,,,,,
,JavaScript,CSS,,,,,SQL,C#,,,,HTML5,,
,JavaScript,CSS,PHP,Python,,,,,,,,HTML5,,
,,,,,,,,,,,,,,Delphi
,,,,,,,,,,,,,,
Java,,,,,,,,C#,,C,,,,
Java,,CSS,PHP,Python,,,SQL,,C++,,,,,
,,CSS,,Python,Objective-C,,,,C++,C,,HTML5,,
,JavaScript,,,,,,,C#,,,,,,
Java,JavaScript,CSS,,Python,,,SQL,,C++,C,Perl,HTML5,,
Java,,,,,,,,,C++,C,,,,
,,,,,,,,C#,,,,,,
,,,,,,,,,,,,,,
Java,,,,Python,Objective-C,Ruby,,,C++,C,Perl,,,
Java,,,,,,,,,,,,,,Action Script
Java,JavaScript,CSS,PHP,Python,Objective-C,Ruby,,,,,,HTML5,,
,,,,,,,,,,,,,,
Java,JavaScript,CSS,PHP,Python,Objective-C,,SQL,,C++,C,Perl,,,
,JavaScript,CSS,PHP,Python,,,,,,,,,,
Java,,,,Python,,,SQL,,,,,,,
,JavaScript,CSS,,Python,,,,,,,,HTML5,,
,JavaScript,CSS,PHP,Python,,,SQL,,,,,HTML5,,
Java,,CSS,PHP,,,Ruby,SQL,C#,C++,C,,HTML5,,
,JavaScript,CSS,,,,,SQL,C#,,,,,,
,,,,,,,,,,,,,,
,JavaScript,CSS,,Python,,,,,,,,,,
Java,,,PHP,Python,,,,,,,,,,
,JavaScript,,,,,,SQL,C#,,,,,,VB.NET
Java,JavaScript,CSS,PHP,Python,,,SQL,,,,Perl,HTML5,,
,JavaScript,,,,,,SQL,C#,,,,HTML5,,
,JavaScript,,,,,,SQL,C#,,,,,,
Java,JavaScript,CSS,PHP,,Objective-C,,SQL,C#,C++,C,Perl,HTML5,,haXe FTW !
,,,,Python,,,,C#,,,,,,
,,,,,,,SQL,,,,,,,
,JavaScript,CSS,PHP,,,Ruby,SQL,,,,,HTML5,,
Java,JavaScript,,,,Objective-C,Ruby,SQL,C#,,C,,,,CoffeesScript
,,,,,,,SQL,C#,,,,,,
,,,,,,,,,,,,,,
Java,JavaScript,,,,,,SQL,,C++,,,HTML5,,
,JavaScript,CSS,PHP,,,,SQL,C#,,,,HTML5,,VB.Net
Java,JavaScript,,,,,Ruby,,,,,,,,
Java,JavaScript,,PHP,,,,,,C++,C,,,,
Java,,,,,,Ruby,,C#,,,,,,
,JavaScript,CSS,,,,,SQL,C#,,,,HTML5,,
Java,,,,,,,SQL,,C++,C,,HTML5,,
Java,,,,,,,,,,C,,,,XML
Java,JavaScript,CSS,,,,,SQL,,,,,HTML5,,
,,,,Python,,,,C#,C++,C,,,,Fortran
,,,,,Objective-C,,,,,,,,,
Java,,,,,,,SQL,,,,,,,
,,,,,,,,C#,C++,C,,,,"VB6, VB.NET"
,JavaScript,CSS,PHP,Python,,,SQL,C#,C++,C,,HTML5,,
Java,,,,Python,,,,,,,,,,Flex
,,CSS,,,,,SQL,,,,,HTML5,,ASP
,JavaScript,,PHP,,,,,,,,,HTML5,,
Java,JavaScript,CSS,PHP,,Objective-C,,,,,,,,,
Java,JavaScript,CSS,PHP,Python,Objective-C,Ruby,SQL,C#,C++,C,Perl,HTML5,,all languages
Java,JavaScript,CSS,,Python,Objective-C,,SQL,C#,C++,C,Perl,HTML5,,
Java,JavaScript,CSS,PHP,,,,SQL,,,,,HTML5,,
Java,JavaScript,CSS,,,,,SQL,C#,,,,HTML5,,
,,,,,,,,,,,,,,
Java,JavaScript,,PHP,Python,,Ruby,SQL,,C++,C,,HTML5,,
,,,,Python,,,SQL,,,,Perl,,,
,JavaScript,,,,,,SQL,C#,,,,HTML5,,
Java,JavaScript,,,,Objective-C,,SQL,,C++,C,Perl,HTML5,,
,,CSS,,,,,SQL,C#,C++,C,,HTML5,,
Java,,,,,,,SQL,C#,,,,,,
Java,,CSS,PHP,Python,,,SQL,C#,,,,HTML5,,
,JavaScript,,,,,,SQL,C#,,,,,,
Java,JavaScript,,,,,,SQL,C#,,,,HTML5,,
,,CSS,,Python,,,,,,C,,HTML5,,
,JavaScript,CSS,PHP,,Objective-C,,SQL,,,,,,,
Java,JavaScript,CSS,PHP,,,,SQL,C#,,C,,,,
Java,JavaScript,,,Python,,,,C#,,,,HTML5,,
,,,,,,,,,,,,,,
,,,,,,,,,,,,,,
,,,,,,,SQL,C#,,,,,,
Java,,,PHP,,,,SQL,,,,Perl,,,
Java,,CSS,,Python,,,SQL,C#,,,,,,
,JavaScript,CSS,PHP,,,,,,,,,,,
,JavaScript,CSS,,,,,SQL,C#,,,,HTML5,,
,JavaScript,,,,,,SQL,C#,,,,,,
,JavaScript,,PHP,,,,SQL,,,,,HTML5,,
,,,,,,,,,C++,C,,,,assembly
Java,JavaScript,CSS,PHP,,,,SQL,,C++,C,,HTML5,,
,,,,Python,,,,,C++,C,,,,
Java,,,,,,,,,C++,C,,,,
,JavaScript,CSS,PHP,,,,SQL,C#,,,,,,
,JavaScript,CSS,PHP,Python,,,,,C++,C,,,,tcl
Java,JavaScript,CSS,PHP,,,,SQL,,,,,,,
,JavaScript,,,,,,SQL,C#,,,,,,
,,,,,,,,,,,,,,Delphi
Java,JavaScript,CSS,,Python,,Ruby,SQL,,C++,C,Perl,HTML5,,
,,CSS,,,,,,C#,,,,HTML5,,
,JavaScript,CSS,PHP,,,Ruby,SQL,,,,,HTML5,,
Java,JavaScript,CSS,,,,,SQL,,C++,C,Perl,,,
Java,JavaScript,CSS,PHP,Python,Objective-C,,SQL,,C++,C,Perl,HTML5,,
Java,JavaScript,CSS,,Python,,Ruby,SQL,C#,C++,,,HTML5,,
,JavaScript,,PHP,,,,,,,,,HTML5,,
,,,,,,,,,,,,,,
,JavaScript,CSS,PHP,,,,,,,,,HTML5,,
Java,JavaScript,CSS,,,,Ruby,,C#,,,,HTML5,,
,JavaScript,CSS,PHP,,,,SQL,,,,,,,
,,,,,,,,,,,,,,
,,,,,,,SQL,C#,,,,,,
Java,JavaScript,CSS,,Python,,,SQL,C#,,,,HTML5,,
,JavaScript,,,,,,SQL,C#,C++,C,,HTML5,,
,JavaScript,,PHP,,,,,,,,,,,
,JavaScript,CSS,,,,,SQL,C#,C++,,,HTML5,,
,JavaScript,CSS,PHP,,,,SQL,,,,,HTML5,,
,,,,,,,,,,,,,,
Java,JavaScript,CSS,,,,,SQL,C#,,,,,,
,,,,,,,,,,,,,,
Java,JavaScript,,PHP,,Objective-C,,,,C++,,,,,
,JavaScript,CSS,,,,,SQL,C#,,,,HTML5,,
,JavaScript,CSS,,,,,SQL,,,,,HTML5,,VB.NET
Java,,,,,,,,C#,C++,C,,,,Actionscript
,,CSS,,,,,,,,,,HTML5,,
,JavaScript,CSS,PHP,,,,,,,,,,,
,JavaScript,,,,,,SQL,C#,,,,HTML5,,
,JavaScript,CSS,PHP,,,,SQL,,,,,HTML5,,
Java,JavaScript,CSS,,,,,SQL,C#,,,,,,
Java,JavaScript,,,,,,,,C++,C,,,,
Java,,,PHP,Python,Objective-C,,SQL,,,,,,,
Java,JavaScript,,,,,,SQL,C#,,C,,,,"Haskell, Scala"
,,,,,,,,C#,,,,,,
Java,JavaScript,CSS,PHP,,,,SQL,,C++,C,,HTML5,,
,,,,,,,,,,,,,,
Java,,,,Python,,,,,,,,,,
,JavaScript,CSS,PHP,,,,SQL,,,,,HTML5,,
Java,JavaScript,CSS,,,,,SQL,,,,,,,
,JavaScript,,PHP,Python,,,,C#,C++,C,,HTML5,,Matlab
,,,,,,,,C#,,,,,,
,,,,,,,,,,,,,,
,,,,,,,,,,,,,,
,JavaScript,,,Python,,,,,,C,,,,
,,CSS,PHP,,,,SQL,,,,,HTML5,,
Java,JavaScript,,,,,,SQL,C#,,,,,,
Java,,,PHP,,Objective-C,,,C#,,,,HTML5,,
,JavaScript,CSS,PHP,,,,SQL,C#,,,Perl,HTML5,,Classic ASP (VBScript)
Java,JavaScript,CSS,,Python,,,SQL,C#,C++,,,HTML5,,
,,,,,,Ruby,,C#,,,,,,
,,CSS,PHP,Python,,,SQL,,,,,HTML5,,
Java,,,,,,,,,C++,C,,,,
,,,,,,,,,,,,,,
,JavaScript,CSS,PHP,,,,SQL,,,,,HTML5,,
,,,,,,,,,,,,,,
,,,,,,,,,,,,,,
Java,JavaScript,CSS,,,,Ruby,SQL,C#,,,,HTML5,,XSL
,JavaScript,CSS,,,,,SQL,C#,,,,HTML5,,
,JavaScript,CSS,,,,,,C#,,,,HTML5,,
,,,,,,,,,,,,,,
,,,,,,,SQL,C#,C++,C,,,,
,JavaScript,CSS,,,,,SQL,C#,,,,HTML5,,
,,CSS,PHP,,,,,,,,,HTML5,,
,JavaScript,CSS,PHP,,,,SQL,,,,,HTML5,,
,,CSS,PHP,,,,,,,,,HTML5,,
,JavaScript,CSS,,,,,SQL,C#,,,,HTML5,,
,,CSS,,Python,,,SQL,C#,,,,HTML5,,
Java,,,,,,,,,,,,,,
,JavaScript,CSS,,,,,,,,,,HTML5,,
Java,,,,,,,SQL,C#,,,,,,
Java,,,,,Objective-C,Ruby,SQL,,C++,,,,,
,,,,,,,SQL,C#,C++,C,,,,
,JavaScript,,,,,,,C#,,,,HTML5,,
,,,,Python,,,,C#,,,,,,
,,,,,,,,,,,,HTML5,,
,JavaScript,CSS,,,,,SQL,C#,,,,HTML5,,
Java,,,,,,,,,,,,,,
Java,JavaScript,CSS,,Python,,,SQL,,,,,,,
,JavaScript,CSS,PHP,Python,,Ruby,SQL,,C++,C,,HTML5,,
Java,JavaScript,CSS,PHP,,,,SQL,C#,,,,,,
Java,JavaScript,CSS,PHP,,,,,,,,,HTML5,,
Java,,,PHP,,,,SQL,,,,,,,
,JavaScript,,,,,,SQL,C#,,,,,,
,JavaScript,,,,,,,C#,,,,,,
,,,,,,,,,,,,,,
,,CSS,PHP,,,,SQL,,,,,HTML5,,
,,,,,,,,,,,,,,
Java,JavaScript,CSS,PHP,Python,,,SQL,,,,Perl,HTML5,,
Java,JavaScript,CSS,PHP,Python,,,SQL,,C++,,,HTML5,,
,,,,,,,,C#,,,,,,
Java,JavaScript,CSS,,,,,SQL,,,,,HTML5,,
,JavaScript,CSS,,,,,SQL,C#,,,,HTML5,,
,,,,,,,,,,,,,,
,JavaScript,CSS,PHP,,Objective-C,,SQL,,,,,HTML5,,
,JavaScript,CSS,PHP,,,,SQL,C#,,,,,,
,JavaScript,CSS,PHP,Python,,,SQL,,,,,,,Matlab
Java,JavaScript,,,,,,,,,,,,,
,,,,,,,,,,,,,,
,JavaScript,CSS,,,,,SQL,C#,,,,HTML5,,
,,,,Python,,Ruby,,,,,,HTML5,,"F#, Scala"
Java,JavaScript,CSS,PHP,,Objective-C,,,C#,,,,,,
Java,JavaScript,,,,,Ruby,SQL,,,C,,,,
,,CSS,,Python,Objective-C,,SQL,,,C,,HTML5,,
Java,,,,,,,,,,,,,,
Java,,,,,,,,,,,,,,
,,CSS,PHP,,,,SQL,,,,,HTML5,,
,JavaScript,CSS,,,,,SQL,C#,,,,,,
Java,JavaScript,CSS,PHP,Python,,Ruby,SQL,,C++,,,HTML5,,
,JavaScript,CSS,PHP,,,Ruby,SQL,,,,,HTML5,,
,,,,,,,,C#,,,,,,
,JavaScript,,PHP,,,Ruby,,C#,,,,,,
,,,,,,,,,,,,,,
,JavaScript,CSS,PHP,,Objective-C,Ruby,SQL,,C++,C,,HTML5,,
Java,JavaScript,CSS,,,,,,,,,,,,
Java,JavaScript,CSS,PHP,,,,SQL,,,,,,,
,,,,,,,,,,,,,,
,JavaScript,CSS,PHP,Python,,,SQL,C#,,,Perl,,,
Java,,,,Python,,,,,,,,,,
,JavaScript,CSS,PHP,Python,Objective-C,,SQL,C#,,,,HTML5,,
Java,JavaScript,CSS,,Python,,Ruby,SQL,,C++,C,Perl,HTML5,,
,,,,,,,,C#,C++,,,,,
Java,,CSS,,,,,SQL,,,C,,,,
,JavaScript,,,,,,,C#,C++,,,HTML5,,
Java,,,,Python,Objective-C,,,,C++,C,,,,
,,,PHP,,Objective-C,,,,,,,,,
Java,,,PHP,,,,,,,,,HTML5,,
,JavaScript,CSS,PHP,,,,SQL,C#,,,,HTML5,,
,,CSS,,Python,,,,,,,,,,
,,,,Python,,,,,,,Perl,,,
,,,,,,,,,,,,,,
,JavaScript,,PHP,,,,,,,,,,,Actionscript
,JavaScript,CSS,,,,,SQL,C#,,,,HTML5,,
Java,JavaScript,CSS,PHP,,,,,,C++,,,HTML5,,
,,,PHP,,,,SQL,C#,,,,,,
,JavaScript,CSS,PHP,,,,,,,,,HTML5,,
Java,,,,,,,,C#,,,,,,
,,,,,,,,,,,,,,
,JavaScript,CSS,,,,,SQL,,,,,,,
Java,,,,,,,,,,,,,,
,,,,,,,,,,,,,,
,,,,,,,,,,,,,,
,JavaScript,CSS,PHP,Python,,,SQL,C#,,,,HTML5,,
,,,,,,,,,,,,,,
,,,,,,,SQL,,C++,C,,,,
Java,,,,,,,,,,,,,,
Java,JavaScript,CSS,PHP,Python,,,SQL,,,C,,,,
,,,,,,,,,,,,,,
Java,JavaScript,CSS,PHP,Python,,,SQL,,C++,C,Perl,HTML5,,
,,,,,,,,,,,,,,
,,,,,,,,C#,,,,,,
Java,JavaScript,,,,,,,,,,,,,
,,,,,,,SQL,C#,,,,,,vb.net
Java,,,,,,,,,,,,,,
,,,,,,,,,,,,,,
,JavaScript,,,,,,,C#,,,,,,
,JavaScript,CSS,,Python,Objective-C,,,,,C,,HTML5,,
,,,,,,,,,,,,,,
Java,JavaScript,CSS,,,,,,,C++,C,,,,
Java,JavaScript,CSS,,,Objective-C,,SQL,,,,,HTML5,,
,JavaScript,CSS,PHP,,,,SQL,,C++,C,,HTML5,,
Java,JavaScript,,PHP,,,,SQL,C#,C++,C,,HTML5,,
,,,,Python,,,,,,C,,,,
Java,,,,,,,SQL,C#,,,,,,ActionScript
Java,,,,,,,SQL,,,,,,,PL/SQL
Java,,,,,,,SQL,,,C,,,,
Java,JavaScript,CSS,PHP,Python,,,SQL,,C++,C,,HTML5,,
,,CSS,PHP,,,,SQL,,,,,HTML5,,R
Java,,CSS,,,,,SQL,,,,,HTML5,,
Java,JavaScript,CSS,,Python,,,,,,,,HTML5,,
,,,,,,,,,,,,,,
,JavaScript,CSS,,,,,SQL,C#,,,,,,
,JavaScript,CSS,PHP,,Objective-C,,,,,,,HTML5,,
,,,,,,,,,,,,,,
,,,,,,,,C#,,,,,,F#
Java,JavaScript,CSS,,,,,SQL,,,,,,,
,,,,,,,,,,,,,,
Java,,CSS,PHP,Python,Objective-C,Ruby,SQL,,C++,C,,,,
Java,JavaScript,,PHP,,,,,,,C,,,,
,,,,,,,,,,,,,,
Java,,,,,,,,,,,,,,
,,CSS,,,,,SQL,C#,,C,,,,VB.NET
,,,,,,,,,,,,,,
,,,PHP,,,,SQL,,,,,,,
Java,JavaScript,CSS,,,,,SQL,,,,,HTML5,,
Java,JavaScript,CSS,PHP,,,,SQL,,C++,C,,HTML5,,
Java,,,,,,,SQL,,,,,,,
Java,JavaScript,CSS,,,Objective-C,Ruby,SQL,C#,C++,C,,HTML5,,
Java,,,,Python,,,,,C++,C,,,,ARM Assembly
Java,JavaScript,CSS,,,,,,C#,,,,HTML5,,
Java,JavaScript,CSS,,,Objective-C,,SQL,,,,,HTML5,,
Java,,,,Python,,,,,C++,C,Perl,,,
Java,JavaScript,,,,,,SQL,,,,,,,
Java,,CSS,,,,,SQL,,,,,,,Unix and Batch scripting
,JavaScript,CSS,,,,,SQL,C#,,,,HTML5,,
,JavaScript,CSS,PHP,Python,,,,,,,,,,
Java,JavaScript,,,,,,,,,,Perl,,,
Java,,,,,,,,,C++,C,,,,Delphi
,,,,,,,,,C++,C,,,,
,,CSS,PHP,Python,,,SQL,,,C,,,,
,,,,,,,SQL,C#,,,,,,
Java,,,,,,,SQL,,,C,,HTML5,,
,,,,,,,,,,,,,,
Java,,,,Python,,,SQL,C#,,,,,,
,JavaScript,CSS,PHP,Python,,,SQL,,,,,HTML5,,
,JavaScript,CSS,PHP,,,,SQL,,,,,,,
,,,,,,,,,,,,,,
,,,,Python,Objective-C,,,,,C,,,,
,,,,,,,SQL,C#,,,,,,
,,,,,,,,,,,,,,
Java,JavaScript,CSS,,,,,SQL,,,,,,,
Java,JavaScript,CSS,PHP,,Objective-C,,SQL,,,C,,,,
,,,,,,Ruby,SQL,,,,,,,
Java,,,,,,,,,C++,C,,,,
,JavaScript,,,,,,SQL,C#,C++,C,,,,
Java,,,,Python,,,,,,,,HTML5,,
,,,,,,,,C#,,,,,,
,,,,,,,,,,,,,,
,,,,,,,,C#,C++,C,,,,
,JavaScript,CSS,PHP,Python,,,SQL,,C++,C,,HTML5,,
,,,,,,,,,,,,,,
,,,,,,,,,C++,C,,,,
,JavaScript,CSS,,,,,SQL,C#,,,,,,
,JavaScript,,,,,,SQL,C#,,,,,,
Java,,,,,,,SQL,,,,,,,
Java,JavaScript,CSS,PHP,,,,SQL,C#,,,,HTML5,,
,,,,,,,SQL,C#,,,,,,
,,,PHP,Python,Objective-C,,,C#,C++,,,,,
Java,JavaScript,CSS,PHP,Python,,,SQL,,,C,,HTML5,,
,JavaScript,,PHP,,,,SQL,C#,C++,,,,,
,,,,,Objective-C,,,,,,,,,
Java,JavaScript,,,,,Ruby,,,,,Perl,,,
,JavaScript,CSS,PHP,,,,SQL,,C++,C,,HTML5,,
,,,,Python,,,SQL,C#,C++,,,,,"Scheme, Ada, VBscript"
Java,JavaScript,CSS,PHP,Python,,,SQL,C#,C++,,,,,Delphi (/pascal); ASP(.NET)
Java,,,,,,,,,C++,,,,,
Java,,,,,,,SQL,C#,,,,,,
,,,,,,,,,,,,,,
,,,,,,,,,,,,,,
Java,JavaScript,CSS,PHP,,,Ruby,SQL,,,,Perl,,,
,JavaScript,CSS,PHP,,Objective-C,,SQL,,C++,,,HTML5,,
,,,PHP,,,Ruby,,,,,,HTML5,,
Java,JavaScript,,PHP,,,,,,C++,,,HTML5,,
Java,JavaScript,,,,,,SQL,,,,,,,
,,,,,Objective-C,,,,,,,,,
,,,,,,,,,,,,,,
Java,JavaScript,CSS,PHP,,Objective-C,,,C#,,,,,,
Java,JavaScript,CSS,PHP,,,,,,C++,C,,,,
,,,,,,,SQL,C#,,,,,,
,,,,,,,SQL,,,,,,,
Java,JavaScript,CSS,PHP,,,,SQL,C#,C++,,,HTML5,,
,JavaScript,CSS,PHP,,,,,,,,,HTML5,,
,,,,,,,,,C++,,,,,
Java,,,,,,Ruby,,,,C,,,,
Java,JavaScript,CSS,PHP,Python,,,SQL,C#,C++,C,,HTML5,,
Java,JavaScript,CSS,,,,Ruby,,,,,,HTML5,,"CoffeeScript, Clojure, Haskell"
Java,JavaScript,CSS,PHP,,,,SQL,C#,,,,HTML5,,
Java,,,,,,,SQL,C#,C++,,,,,
,,,,,,,,C#,,,,,,
Java,,,,,,,SQL,,,,,,,
Java,JavaScript,,,Python,,,,C#,C++,,,,,
,JavaScript,CSS,,,,,SQL,C#,,,,HTML5,,
,,,,,,,,,,,,,,
,JavaScript,CSS,PHP,,,,,,C++,C,,,,MATLAB
,JavaScript,,,,,Ruby,,,,,,HTML5,,
Java,JavaScript,CSS,PHP,,,,,,,,,HTML5,,
,JavaScript,CSS,PHP,,,,SQL,,,,,HTML5,,
,JavaScript,CSS,,,,Ruby,,,,,,,,
Java,,,,,,,SQL,C#,C++,C,,HTML5,,
,,,,,,,,,,,,,,
,,,,Python,,,,,C++,C,,,,fortran
Java,JavaScript,CSS,PHP,,,,SQL,C#,C++,C,,HTML5,,
,JavaScript,CSS,,,,,,,,,,HTML5,,
Java,JavaScript,CSS,,,,Ruby,,,,,,,,
,,,,,,,,,,,,,,
Java,,,,,,,,,,C,,,,
Java,,,,,,,,,C++,C,,,,
,,,PHP,,,,,,,,,,,
,JavaScript,,,,,,,C#,,,,,,
Java,,,,,,,,,,,,,,
,,,,,,,,,,,,,,
,,,PHP,Python,,,,,C++,C,,,,
Java,JavaScript,CSS,PHP,Python,Objective-C,,SQL,C#,,C,,HTML5,,
,,,,,Objective-C,,,,C++,C,,,,
Java,JavaScript,CSS,,,,Ruby,SQL,,,,,,,
,,,,,,,SQL,C#,,,,,,
,JavaScript,CSS,PHP,,,,SQL,,,,,HTML5,,
Java,,,,,,,,,C++,,,,,
,,,,,,,,,,,,,,
,,,,,Objective-C,,,,,,,,,
,JavaScript,CSS,PHP,,,Ruby,SQL,,,,,HTML5,,
,,,,,,,,,,,,,,
,JavaScript,CSS,PHP,Python,Objective-C,,,C#,C++,,Perl,HTML5,,
,,,,,Objective-C,,,,,C,,,,
,,,,,,,,,,,,,,
,JavaScript,,,,,,SQL,C#,,,,,,
,,,,,,,SQL,C#,,,,,,
Java,,,,,Objective-C,,SQL,C#,,,,,,
,,,,Python,,Ruby,SQL,C#,,,,,,
,,,,,Objective-C,,,,C++,,,,,
,,CSS,,Python,Objective-C,,,,C++,C,,,,
,JavaScript,,,,,,,C#,,,,,,
,JavaScript,CSS,PHP,,Objective-C,Ruby,SQL,,,,,HTML5,,
,JavaScript,,PHP,Python,Objective-C,,SQL,,C++,C,,HTML5,,
,JavaScript,CSS,,,,,SQL,C#,,,,HTML5,,
Java,JavaScript,,,,,,,,,,,,,
,JavaScript,,,,,,,,,C,,HTML5,,
,,CSS,PHP,Python,,,SQL,,C++,,,HTML5,,
Java,JavaScript,,,,,,SQL,,,,,,,
,JavaScript,CSS,,,,,SQL,C#,,,,,,VB
,,,,,,,,,,,,,,
Java,JavaScript,,,Python,,,,C#,,,,HTML5,,
,,,,,,,SQL,C#,,,,,,
Java,,,,,,,SQL,,,,,,,Pl/sql
,,,,,,,,,C++,,,,,
,,,PHP,,,,SQL,,,C,Perl,,,
,,,,,,,,,,,,,,
Java,JavaScript,CSS,,Python,,Ruby,SQL,,C++,C,,,,
,,,,Python,,,SQL,C#,C++,C,,,,
Java,JavaScript,CSS,,Python,,,SQL,C#,C++,C,,HTML5,,
,JavaScript,CSS,,,,,,C#,,,,HTML5,,
,,CSS,,Python,Objective-C,Ruby,,,,C,,,,
Java,JavaScript,CSS,PHP,Python,,,,,,,,,,
Java,JavaScript,CSS,PHP,,,,,,,,,HTML5,,
Java,,CSS,PHP,,Objective-C,,SQL,C#,,,,,,
,,,,Python,,,,,,,,HTML5,,
Java,JavaScript,,,,Objective-C,,,,,,Perl,HTML5,,
,JavaScript,,,,,,SQL,C#,,,,,,
,JavaScript,CSS,,,,,SQL,C#,,,,HTML5,,
Java,,,,,,,,C#,,,,,,
,JavaScript,CSS,PHP,,,,SQL,C#,,,,HTML5,,
Java,JavaScript,CSS,PHP,,,,SQL,,,,,HTML5,,
,JavaScript,CSS,PHP,,,,SQL,C#,,,,HTML5,,
Java,JavaScript,CSS,PHP,,,,,,,,,,,
Java,JavaScript,CSS,PHP,,,,SQL,C#,C++,C,,HTML5,,
,,,,,,,,,C++,C,,,,"Lua, D, x86 assembly"
Java,,,,,,,,,C++,C,,,,
,,,,,,,SQL,,,,,,,"Pascal, plpgsql"
Java,JavaScript,CSS,,,,,SQL,C#,C++,,,HTML5,,
,,,,,,,,,,,,,,
,JavaScript,CSS,PHP,,,,SQL,,,,,HTML5,,
,,,,,,,,,,,,,,
Java,,,PHP,,,,SQL,C#,,,,,,
,,CSS,PHP,,,,SQL,C#,,,,HTML5,,
,,,,,,,,C#,,,,,,
,,,,,,,,,,,,,,
,,,,,,,,,,,,,,ActionScript
,JavaScript,,,,,,SQL,C#,,,,,,
,,,,,,,,C#,,,,,,
,JavaScript,,,,,,SQL,C#,,,,,,
Java,JavaScript,CSS,PHP,,,,SQL,C#,,,,HTML5,,
Java,,,,,,,SQL,C#,,,,,,
Java,JavaScript,CSS,,,,,SQL,,,,,,,
,,,,,,,,,,,,,,
,JavaScript,CSS,PHP,Python,,,,C#,,,Perl,,,
,,CSS,,,,Ruby,,,,,,HTML5,,
,,,,,,,,,,,,,,
Java,JavaScript,CSS,PHP,Python,,Ruby,SQL,,,,,HTML5,,octave
Java,JavaScript,CSS,,,,,SQL,C#,C++,C,,,,
Java,,,,Python,Objective-C,,,,,,Perl,,,
,,,,,,Ruby,,,C++,,,,,
Java,,CSS,PHP,,,,,,,,,,,"Processing, Max/MSP/Jitter"
,,,,,,,,,,,,,,
,JavaScript,CSS,,,,Ruby,,,,,,HTML5,,
Java,JavaScript,CSS,,,Objective-C,,SQL,,,,,HTML5,,
Java,,,,,Objective-C,,SQL,C#,,,,,,
Java,JavaScript,CSS,,,,Ruby,,,,,,HTML5,,
Java,,,PHP,Python,,,,,,,,,,
,,,,Python,Objective-C,,,,,C,Perl,HTML5,,
,,,,,,,,,,,,,,
,JavaScript,CSS,,,Objective-C,Ruby,SQL,,,C,,HTML5,,
,JavaScript,CSS,PHP,,,,SQL,,,,,,,
,,,,,,,,,,,,,,
,,,,Python,,,,,C++,C,,,,
,JavaScript,CSS,PHP,,Objective-C,Ruby,SQL,C#,,,,HTML5,,"Pascal, Delphi"
Java,JavaScript,CSS,PHP,,,,SQL,C#,,C,,,,
,JavaScript,CSS,PHP,Python,,,,C#,,,,HTML5,,AutoHotkey
Java,JavaScript,CSS,PHP,Python,,,SQL,,,,,HTML5,,
Java,JavaScript,CSS,,,,Ruby,SQL,,C++,C,,HTML5,,
Java,JavaScript,,,,,,,C#,C++,,,,,
,,,,,,,,C#,C++,,,,,
,JavaScript,CSS,,,,,,,C++,,,HTML5,,
,JavaScript,,,,,,,C#,C++,,Perl,,,
,,,,,,,,,,,,,,
Java,JavaScript,,,,,Ruby,SQL,,,,,HTML5,,
,,,,,,,,,,,,,,
,JavaScript,CSS,PHP,,,Ruby,,,,C,,,,
,JavaScript,CSS,,,,,,,,,Perl,HTML5,,
,,,,,Objective-C,,,,,C,,,,
,,,,,,,,,,,,,,
Java,,CSS,PHP,,,,,,,,,,,
Java,JavaScript,CSS,,,,,SQL,,C++,C,,HTML5,,Smalltalk
Java,,,PHP,,,,,,,,,,,
,JavaScript,CSS,,,,,SQL,C#,,,,HTML5,,
,JavaScript,CSS,,Python,,,,,,,,HTML5,,
,JavaScript,CSS,PHP,,,,SQL,,,,,HTML5,,
,JavaScript,CSS,PHP,,,,,,,,,HTML5,,
Java,,,,,,,,,,,,,,
,JavaScript,CSS,,,,,SQL,C#,,,,HTML5,,
,,,PHP,,,,SQL,,,,Perl,,,plsql (Oracle)
Java,JavaScript,CSS,PHP,Python,,,SQL,C#,C++,C,,HTML5,,
,,,,,,,,,,,,,,
Java,JavaScript,CSS,PHP,Python,,,SQL,C#,,,,HTML5,,
,,,,,,,,C#,,,,,,
,,,,,,,,,,,,,,
,JavaScript,,,,,,SQL,C#,,,,,,
Java,,,,,,,SQL,C#,,,,,,
,,,,,,,,,,,,,,
,,,,,Objective-C,,,,,C,,,,
Java,,,,,,,,C#,C++,,,,,
Java,,,,,,,,,,C,,,,
,,,,,,,,,,,,,,
,JavaScript,CSS,,Python,,,,,,,,HTML5,,
,,,,,,,,,,,,,,
,JavaScript,,PHP,,,,,C#,C++,,,,,
,,,,,Objective-C,,,,C++,C,,,,
,JavaScript,CSS,PHP,Python,,,SQL,,,,Perl,HTML5,,"SH, XML, pike"
,JavaScript,,,,,,SQL,C#,,,,HTML5,,
,,,,,,,SQL,C#,,,Perl,HTML5,,
,,,,,,,,,,,,,,
Java,JavaScript,CSS,PHP,Python,,Ruby,SQL,C#,,,Perl,HTML5,,
,,,,,,,,,,,,,,
,,,,,,,,,,,,,,
,JavaScript,,,,,,SQL,C#,,,,,,
,,,,,,,SQL,C#,C++,,,,,
Java,,,,,,,,,,,,,,
Java,,CSS,,,,,SQL,C#,C++,C,,,,"Prolog, powershell"
,,,,,,,,,,,,,,
,,,,,,,,,,,,,,
,,,,,,,,C#,C++,,,,,Matlab
,JavaScript,,,Python,,,,,,,,,,
Java,JavaScript,CSS,PHP,,,,SQL,C#,C++,C,,,,
Java,,,,,Objective-C,,SQL,C#,C++,C,,,,
,,CSS,,,,,SQL,C#,,,,,,
,,,,,,,,,,,,,,VB
Java,JavaScript,CSS,PHP,,,,,C#,C++,,,HTML5,,
Java,JavaScript,CSS,,,,Ruby,,,,,,HTML5,,
Java,JavaScript,CSS,,Python,,,SQL,C#,,,,HTML5,,
Java,JavaScript,CSS,PHP,,,Ruby,SQL,,,C,,HTML5,,Haskell
,,,,,,,,,,,,,,
,JavaScript,CSS,PHP,Python,,,SQL,,,,,,,
,,CSS,,,,Ruby,SQL,C#,,,,,,
Java,JavaScript,CSS,PHP,Python,,,SQL,,,,,HTML5,,
,,,,,,,SQL,C#,C++,C,,,,
Java,JavaScript,CSS,PHP,Python,,,,,,C,Perl,,,
,,,,Python,,,,,,,,,,
Java,JavaScript,CSS,PHP,,,,SQL,,,,,HTML5,,
,,,,,Objective-C,,SQL,,C++,,,,,Delphi
Java,JavaScript,CSS,,,,,SQL,C#,,,,HTML5,,
,,,,,,,,,,,,,,
Java,JavaScript,CSS,,,,,,C#,C++,,,,,
,,CSS,PHP,,,,SQL,C#,,,,,,
Java,JavaScript,CSS,PHP,,,,SQL,,,C,,HTML5,,
,,,,,,,,,,,,,,
,JavaScript,CSS,PHP,,Objective-C,,SQL,,,,Perl,HTML5,,
,,,,,Objective-C,,,C#,C++,C,,HTML5,,
,JavaScript,CSS,PHP,,,Ruby,SQL,,,,,HTML5,,
Java,JavaScript,,,,,,,,,,,,,android
,JavaScript,CSS,,,,Ruby,,,,,,HTML5,,
Java,,CSS,,Python,,,,,C++,,,,,
,,,,,,,,,,,,,,
,,CSS,,Python,,,SQL,C#,C++,C,,,,
,,,,,,,,,,,,,,
Java,,,,,,,,,,,,,,
,,,,,,,,,C++,,,,,
Java,JavaScript,CSS,,,,,SQL,,,,,,,
,JavaScript,CSS,,,,,SQL,C#,,C,,HTML5,,
,,CSS,PHP,,,,,,,,,HTML5,,
,JavaScript,CSS,PHP,,,,,,,,,HTML5,,
,,,,,,,,,,,,,,
Java,,,,,Objective-C,,SQL,C#,C++,,,,,
,,,,,,,,,,,,,,
Java,JavaScript,CSS,PHP,,,,SQL,,C++,,,HTML5,,
,,,,,,,SQL,,C++,,,,,Mathematica
Java,,,,,,,SQL,C#,,,,,,
,JavaScript,CSS,,,,,SQL,C#,C++,C,Perl,,,Powershell
Java,,,,,,,,,,,,,,
,,,,,Objective-C,,,,,,,,,
,JavaScript,CSS,PHP,,,,SQL,,,,,,,
,,,,,,,,,,,,,,
,,,,,,,,,,,,,,
,JavaScript,CSS,PHP,Python,,Ruby,SQL,,C++,,,HTML5,,
,,,,,,,,,,,,,,
,JavaScript,CSS,PHP,Python,,,SQL,,,,,HTML5,,
,JavaScript,CSS,PHP,,Objective-C,,SQL,,C++,C,,HTML5,,
Java,JavaScript,CSS,PHP,,,,SQL,C#,C++,C,Perl,HTML5,,
Java,,CSS,,,,,SQL,C#,,,,HTML5,,
Java,JavaScript,CSS,PHP,,,,SQL,,,,,HTML5,,.NET
Java,,CSS,PHP,Python,,,SQL,,C++,C,,,,
Java,JavaScript,CSS,,,,Ruby,,C#,,,,HTML5,,ActionScript
,,,,,,,,C#,,,,,,VB.net
,,,,,,,,,,,,,,
,,,,,,,,,,,,,,
,,,,,,,,,,,,,,
,JavaScript,CSS,,,Objective-C,,,,,,,HTML5,,
Java,JavaScript,CSS,,,,,SQL,C#,C++,,,,,
Java,,,,,,,,,,,,,,
,,,,Python,,,,,,,,,,
,JavaScript,CSS,PHP,,,Ruby,,,,,,HTML5,,
Java,,,,,Objective-C,Ruby,SQL,,C++,,,,,
,,,,,,,SQL,C#,,,,,,F#
,,,,,,,,C#,,,,,,
,JavaScript,,PHP,,,,SQL,,,,,,,
Java,JavaScript,,,Python,,,,,,,,,,"actionscript-3,processing,max-msp"
Java,JavaScript,CSS,PHP,,,Ruby,,,,,,HTML5,,
,,,,,,,,,,,,,,
,,,,,,Ruby,,C#,,,,,,
Java,JavaScript,CSS,,,,,SQL,C#,,,,,,
,,,,,,,,C#,,,,,,
Java,,CSS,PHP,,,,SQL,,C++,C,,,,
Java,JavaScript,CSS,,,,,,C#,C++,C,,HTML5,,
,,,,,,,,C#,C++,,,,,
,JavaScript,CSS,,,,,,,,C,,HTML5,,
Java,,CSS,,Python,,,,,C++,,,HTML5,,
Java,JavaScript,,,Python,,,SQL,C#,,C,,HTML5,,
Java,,,PHP,,,,,C#,,C,,,,
,,,,,,,,,,,,,,
,,,,,Objective-C,,,,,,,,,
Java,,,,,,,,C#,,,,,,
Java,,,,Python,,,SQL,C#,,,,HTML5,,
,,,,,,,,,,,,,,
,JavaScript,,,,,,SQL,C#,,,,,,
Java,JavaScript,CSS,,,Objective-C,Ruby,,,C++,,,HTML5,,
,,,,,,,,,,,,,,
Java,,,,,,,SQL,,,,,,,
,JavaScript,CSS,PHP,Python,,,,C#,C++,,,,,
Java,,,PHP,Python,,,SQL,,,C,Perl,,,
,JavaScript,CSS,PHP,,,Ruby,SQL,,,,,HTML5,,
,,,,,,,,,,,,,,
,,CSS,,,,Ruby,SQL,C#,,,,,,
Java,JavaScript,CSS,PHP,Python,,Ruby,SQL,,C++,C,Perl,HTML5,,
,JavaScript,CSS,PHP,,,,,C#,,,,,,
Java,JavaScript,,PHP,,,,,C#,C++,C,,,,
,,,,,,,SQL,C#,C++,,,,,
,,,,,,,,,,,,,,
Java,JavaScript,CSS,,Python,,,,,,,,HTML5,,XSLT
,JavaScript,CSS,PHP,,,,SQL,,C++,C,,HTML5,,
Java,,,,Python,Objective-C,,SQL,C#,C++,C,Perl,,,
Java,JavaScript,CSS,PHP,,,,SQL,C#,C++,C,,HTML5,,
,JavaScript,,,Python,Objective-C,,,,,C,,,,
,JavaScript,,,,,Ruby,,,,,,,,
,,CSS,PHP,,,,SQL,,,,,,,
,JavaScript,CSS,PHP,,Objective-C,,,,C++,,,HTML5,,
,,,,,,,,,,,,,,
Java,,,,,Objective-C,Ruby,SQL,,,,,,,
,JavaScript,CSS,PHP,,,,SQL,,,,,HTML5,,
Java,JavaScript,CSS,PHP,,Objective-C,,,,,,,HTML5,,Brainfuck
Java,,,,Python,,,,C#,C++,C,,,,
,,,,,,,,,C++,C,,,,delphi
,JavaScript,,,Python,,,SQL,,,,,HTML5,,
,JavaScript,,,,,,SQL,C#,,,Perl,,,
,JavaScript,,,,,,SQL,C#,C++,C,,HTML5,,
Java,,,PHP,,,,,,,C,,,,
,,,,Python,,,,,,,,,,
,JavaScript,,,Python,,,,C#,C++,,Perl,,,
Java,JavaScript,CSS,PHP,,,,SQL,C#,,,,HTML5,,
,,,,Python,,,,,,C,,,,
Java,JavaScript,CSS,,,,,SQL,C#,,,,HTML5,,
,,,,Python,,,SQL,,C++,C,Perl,,,
Java,,,,,,,,,,C,,,,
,,,,Python,,,,,,C,,,,
,JavaScript,CSS,,,Objective-C,,SQL,C#,,,,,,
Java,JavaScript,CSS,,,,,,,,,,,,
Java,,,,,,,,C#,,,,,,
Java,,CSS,,,,,,C#,,C,,,,
,JavaScript,CSS,,,,,,,,,,HTML5,,
,,,,,,,,,,,,,,
,,,,Python,,,SQL,,C++,C,Perl,,,"Informix 4GL, Clojure"
Java,JavaScript,CSS,PHP,,,,SQL,,,,,HTML5,,"vba, delphi, pascal"
,JavaScript,CSS,,,,,,C#,,,,HTML5,,
,,,,,,,,,,,,,,
,JavaScript,CSS,PHP,,,,,,,,,HTML5,,
Java,,,,,,,,C#,,,,,,delphi
Java,,,,,,,,,,,,,,
,,,,,,,,C#,,,,,,
Java,JavaScript,CSS,,,,,,,,,,,,Google App Engine
Java,JavaScript,CSS,PHP,,,,,C#,C++,C,,HTML5,,
,JavaScript,,PHP,,,,SQL,,,,,HTML5,,
,JavaScript,CSS,,,,,,C#,,,,HTML5,,
,,,,Python,Objective-C,,SQL,,,C,,,,
Java,,,PHP,Python,,,,,,C,,,,
,,,,,,,,,,,,,,
,JavaScript,CSS,,,,,,C#,C++,C,,HTML5,,
Java,,,,,,,SQL,C#,,C,,,,
,JavaScript,CSS,PHP,,,,,,,,,HTML5,,
,,,,,,,,,,,,,,
,,,,,,,,,,,,,,
,JavaScript,,,,,,SQL,C#,,,,,,
,JavaScript,CSS,,,,Ruby,SQL,,,,,HTML5,,
,,,,,,,,C#,,,,,,
Java,,,,,,,,C#,C++,,,,,
,,,,,,,SQL,C#,,,,,,
,JavaScript,CSS,,,,,SQL,C#,,,,,,
Java,,,,,,,,,,,,,,
Java,JavaScript,CSS,PHP,Python,,,SQL,,,,,HTML5,,
,,,,,,,,,C++,C,,,,Haskell
,JavaScript,,,Python,,,,C#,,,,HTML5,,
Java,JavaScript,CSS,PHP,Python,Objective-C,,SQL,C#,C++,C,Perl,HTML5,,"js, css, html...? Those are not ""languages""! The only people who refer to those as languages are people who arent smart enough to learn a real language."
,JavaScript,CSS,PHP,,,,SQL,,,,,HTML5,,
Java,JavaScript,,PHP,,Objective-C,Ruby,SQL,C#,C++,C,,,,
,,,,,,,,,,,,,,
,JavaScript,CSS,PHP,,,,SQL,C#,,,,HTML5,,Visual Basic .NET.
Java,JavaScript,,PHP,,,,SQL,C#,,,,HTML5,,
,,,,,,,,,,,,,,
,JavaScript,CSS,PHP,,,,SQL,,,,,HTML5,,
Java,JavaScript,CSS,PHP,,,,SQL,,,,,HTML5,,
,,,,,,,,,,,,,,
Java,JavaScript,CSS,PHP,,,,SQL,,,,Perl,HTML5,,
,,CSS,PHP,Python,,,SQL,,,,,,,
,,,,,,,,,,,,,,c#
,,CSS,PHP,,Objective-C,,,,,,,,,
,JavaScript,CSS,,,,,SQL,C#,,,,HTML5,,
Java,JavaScript,CSS,,Python,,Ruby,,,,,,,,
,JavaScript,CSS,,,,,SQL,C#,,,,,,
Java,,CSS,,Python,,,,,C++,C,,,,
,JavaScript,CSS,PHP,,,,SQL,C#,,,,,,
,JavaScript,,PHP,,,,,,,,,HTML5,,
,,,,,Objective-C,,,,C++,C,,,,
,,,,,Objective-C,,,,C++,C,,,,
Java,JavaScript,CSS,PHP,,Objective-C,Ruby,,C#,,,,,,Scala
,,,,,,,,,,,,,,
,JavaScript,CSS,PHP,,,,SQL,C#,C++,,,HTML5,,
,,,,,,,SQL,C#,,,,,,
Java,JavaScript,CSS,PHP,Python,,,SQL,C#,C++,C,,HTML5,,
Java,JavaScript,CSS,,,,,,C#,C++,,,HTML5,,
Java,JavaScript,CSS,PHP,,,,SQL,,C++,,Perl,HTML5,,
,,CSS,,,,,,C#,C++,C,,HTML5,,VB.NET
,JavaScript,CSS,PHP,,,,SQL,C#,,,,HTML5,,
Java,JavaScript,CSS,PHP,Python,,,SQL,,,,,,,
,,CSS,PHP,,,Ruby,SQL,,,,,HTML5,,
,JavaScript,CSS,PHP,Python,,,SQL,,,,,HTML5,,
,JavaScript,CSS,,Python,,,SQL,,,,,HTML5,,python
,,,,Python,,,,,,,,,,Brainfuck
,,,,,,,,,C++,,,,,
,,,,,,,SQL,C#,,,,,,Delphi
,,,,,Objective-C,,,C#,C++,,,,,
Java,JavaScript,CSS,,,,,SQL,,,,,HTML5,,
,,,,,,,,,,,,,,
Java,JavaScript,CSS,PHP,,Objective-C,,SQL,C#,C++,C,,HTML5,,
Java,JavaScript,CSS,,,Objective-C,,,,,C,Perl,HTML5,,"Haskell, Common Lisp"
Java,,,PHP,,,,,,C++,,,,,
,,,,,Objective-C,,,,,,,,,
Java,,,,,,,,,C++,,,,,
Java,JavaScript,,,,,,,,C++,,,,,
,,,,,,,,C#,,C,,,,
Java,,,,,,,SQL,,,,Perl,,,
Java,,,PHP,,,,SQL,,C++,C,,,,
Java,,,,Python,,,,,C++,C,,,,
,,,PHP,,,,SQL,,,,,HTML5,,Delphi
Java,,,,,,,,,C++,C,Perl,,,
,,,,,,,,,,,,,,
,,,,,,,SQL,C#,,,,,,
,,,,,,,,,,,,,,
,,,,,Objective-C,,,,,,,,,
,,,,,,,,,C++,C,Perl,,,
,JavaScript,CSS,,,,,SQL,C#,,,,HTML5,,
,,,,,,,,,,,,,,
,JavaScript,CSS,,,,,,,,,,HTML5,,
,JavaScript,CSS,,,,,SQL,,,C,Perl,HTML5,,
Java,JavaScript,CSS,PHP,,,,SQL,,,,,HTML5,,
,JavaScript,,PHP,,,,,,,,,,,
,,,PHP,,,,,,C++,,,,,
Java,JavaScript,CSS,PHP,,,,SQL,C#,C++,C,,HTML5,,
,,,,,,,,,,,,,,
,,,,Python,,,,,C++,,,,,
,JavaScript,CSS,,,,,SQL,C#,C++,C,,HTML5,,
,JavaScript,,,,,Ruby,SQL,C#,,,,HTML5,,
Java,JavaScript,CSS,PHP,,,,SQL,,,C,,,,
,JavaScript,,,,,,SQL,C#,,,,,,asp.net
,,CSS,,,,,SQL,C#,C++,,,,,
Java,,,,,,,,C#,,,,,,
,JavaScript,CSS,PHP,,Objective-C,,SQL,,C++,,,HTML5,,Qt
Java,JavaScript,CSS,PHP,,,,SQL,,C++,C,,HTML5,,
Java,,,,Python,,,,,,,,,,
,,,,,,,,,,,,,,"Haskell, Prolog, Coq"
Java,JavaScript,CSS,PHP,,,,SQL,C#,,,,HTML5,,
,JavaScript,CSS,,,,,SQL,C#,,,,HTML5,,
Java,JavaScript,CSS,,,,,SQL,,,,,,,"Grails, Groovy"
,,,PHP,,,,SQL,,C++,C,,,,
,,CSS,,,,,SQL,C#,,,,HTML5,,
,JavaScript,CSS,,,,,SQL,C#,,,,,,
Java,,,,,,,,,,,,,,groovy
Java,JavaScript,CSS,PHP,,,Ruby,SQL,C#,,,,,,
Java,,,,,,,SQL,,C++,C,,,,
,JavaScript,CSS,PHP,,,,SQL,,C++,C,,HTML5,,
,,,,,,,,C#,,,,HTML5,,
,,,,,,,,,,,,,,
,,,,,,,,,,,,,,
Java,,,,,,,,,C++,,,,,
,,,,,,Ruby,,,,,,,,
,,,,,,,,,,,,,,
,JavaScript,,,,,,,C#,,,,,,
Java,JavaScript,CSS,,,,,SQL,,,,,HTML5,,
Java,,,,,,,,,C++,C,,HTML5,,
,JavaScript,CSS,,,Objective-C,,SQL,,,C,,HTML5,,
,JavaScript,CSS,PHP,,,,,,,,,,,
,,CSS,,,Objective-C,,SQL,C#,,,,HTML5,,
,JavaScript,CSS,PHP,,,,SQL,,,C,,HTML5,,
,JavaScript,CSS,PHP,,,,SQL,C#,,,,HTML5,,
,,,,,,,SQL,,,,,,,VB
Java,,,PHP,Python,,,SQL,,C++,,,,,
Java,,CSS,,Python,,Ruby,,,C++,C,,,,VHDL
,JavaScript,CSS,PHP,,,,SQL,,,,,HTML5,,
,JavaScript,,PHP,,,,,,,,,,,ActionScript 3
,,,,,,,,,,,,,,
,JavaScript,CSS,PHP,,,,SQL,,,,,HTML5,,
Java,JavaScript,CSS,PHP,,,,,,C++,C,Perl,,,
,,,,,,,,,,,,,,
,,,,,,,,,,,,,,
,JavaScript,CSS,PHP,,,,,,C++,,,,,
,,CSS,,,,,,C#,,,,,,
,,,,,,,,,,,,,,
Java,JavaScript,CSS,PHP,,,,SQL,C#,,,,HTML5,,android
Java,JavaScript,CSS,PHP,,,,SQL,,,,,,,
Java,,,PHP,,,,SQL,,C++,,,,,
,JavaScript,,,Python,,,,,,C,,,,
,JavaScript,,PHP,,,,SQL,,,,,HTML5,,
,,,,Python,Objective-C,,SQL,C#,,,,,,
,JavaScript,CSS,PHP,Python,,,SQL,,,,,HTML5,,
Java,,CSS,PHP,,,,SQL,C#,C++,,,,,
,JavaScript,CSS,PHP,Python,,,SQL,,,C,,HTML5,,
,,,,Python,,,SQL,,,,,,,
Java,JavaScript,CSS,,,,,,,,,,,,
,JavaScript,CSS,PHP,Python,,,SQL,,,,,HTML5,,
,JavaScript,CSS,,,,,SQL,C#,,,,,,
,,,,,,,,,,,,,,
Java,JavaScript,CSS,,,,,SQL,,,,,HTML5,,
,JavaScript,CSS,,,,,SQL,C#,,,,HTML5,,
,,,,Python,,,,,C++,,,,,
,,,,,,,,,,,,,,
Java,JavaScript,CSS,,Python,,,SQL,,,C,,,,
Java,JavaScript,CSS,PHP,Python,Objective-C,,SQL,C#,,C,Perl,HTML5,,
Java,JavaScript,,,Python,,Ruby,,,C++,C,Perl,,,"VB.NET, Bash, and Emacs Lisp"
,,,,,,,,,,,,,,
Java,JavaScript,CSS,PHP,Python,,,,C#,C++,C,,,,
Java,,,PHP,,,,SQL,C#,C++,C,Perl,,,
,JavaScript,CSS,PHP,,,,SQL,,,,,HTML5,,
,JavaScript,CSS,,,,,SQL,C#,,,,,,
Java,JavaScript,CSS,PHP,,,,SQL,C#,C++,C,,,,
,,CSS,,,,Ruby,,,,,,HTML5,,
,JavaScript,CSS,,,,,SQL,C#,,,,,,
Java,JavaScript,CSS,PHP,,,,SQL,,,,Perl,,,Visual Dataflex
,JavaScript,CSS,,,,,SQL,C#,,,,,,
,JavaScript,CSS,,,,,,C#,C++,C,,,,"VB.NET, HTML/XML"
,,,,,,,,C#,,C,,,,
Java,JavaScript,,,,,,,,C++,,,,,learning Haskell
,JavaScript,CSS,,,,,,,,,,HTML5,,
Java,JavaScript,,,Python,,,SQL,C#,,,,,,
,,,,,,,,,,,,,,
Java,JavaScript,CSS,,,,Ruby,,C#,,,,HTML5,,
Java,,,,,,,,,,,,,,
Java,JavaScript,CSS,,,,,SQL,,,,,HTML5,,
,,CSS,,,Objective-C,,SQL,C#,,,,,,
,JavaScript,CSS,PHP,Python,,,SQL,,,,,,,
,,CSS,,,,,SQL,,,,,HTML5,,
,JavaScript,CSS,,Python,,,SQL,,,C,,HTML5,,
,,,,,,,,,,,,,,
Java,JavaScript,CSS,PHP,,,,SQL,C#,C++,C,Perl,HTML5,,
Java,,,,Python,Objective-C,,,,C++,C,,,,
,JavaScript,CSS,PHP,,,,SQL,,,,,HTML5,,
,,,,,,,,C#,,,,,,
,JavaScript,,,,,,SQL,C#,,,,,,
,,CSS,PHP,,,,SQL,,,,,,,
,JavaScript,,,,,,SQL,C#,,,,,,
,JavaScript,CSS,,Python,,,SQL,,C++,C,,HTML5,,
,,,,,,,,,,,,,,
Java,,CSS,,,,Ruby,,,C++,,,,,
,,,,,,,,,,,,,,
,,,PHP,Python,,Ruby,SQL,C#,,C,,HTML5,,coldfusion
,JavaScript,,,,,,SQL,C#,,,,,,
,,,,,,,,,,,,,,
,,,,,Objective-C,,SQL,C#,,,,,,
,JavaScript,CSS,PHP,Python,,Ruby,SQL,C#,C++,,,HTML5,,
Java,,,,Python,,,SQL,,C++,C,Perl,,,
Java,JavaScript,,,,,,SQL,,,,,,,ColdFusion
Java,,,,,Objective-C,,SQL,C#,,C,,,,
Java,JavaScript,CSS,PHP,Python,,Ruby,SQL,C#,,,,,,
Java,,,,Python,,,,,,,,,,Clojure
,,CSS,PHP,,,,SQL,C#,,,,,,
Java,JavaScript,CSS,PHP,,Objective-C,,SQL,,,,,HTML5,,
Java,,,PHP,,,,SQL,C#,,,,,,
Java,JavaScript,CSS,PHP,,,,SQL,C#,,,,HTML5,,
,,CSS,,,,Ruby,,C#,C++,,,HTML5,,
,,,,,,,,,,,,,,Delphi
,,,,Python,,,,,C++,C,,,,
,,,,,,,,,,,,,,
,,,,Python,,,,,C++,C,,,,
,,,,,,Ruby,,,,,,,,
,,,,,,,SQL,C#,,,,,,
Java,,,,,,,SQL,C#,,,,,,VB
,JavaScript,CSS,PHP,,,,SQL,,,,,HTML5,,
,JavaScript,CSS,,,,Ruby,SQL,,,,Perl,,,
Java,JavaScript,CSS,PHP,,,,SQL,C#,,,,HTML5,,
,,,,,,,SQL,C#,,,,,,VB.NET
,,CSS,,,,,SQL,,,C,,,,"lisp, R"
Java,,CSS,PHP,,,,SQL,,,,,HTML5,,
,JavaScript,CSS,,,,,SQL,C#,,,,HTML5,,
Java,JavaScript,,PHP,,,,SQL,,,,,,,VB
,JavaScript,CSS,,,,,,C#,,,,HTML5,,
,,,,,,,,,,,,,,
Java,,,,,Objective-C,,,,,C,,,,
,JavaScript,CSS,PHP,,,Ruby,SQL,,,,,,,
,JavaScript,,,Python,,,SQL,C#,,,,,,ActionScript
,JavaScript,CSS,,,,Ruby,SQL,C#,,,,HTML5,,
Java,,,,,,,SQL,,C++,,,HTML5,,
,,,,Python,,,,,C++,,,,,"Shell, Fortran"
,JavaScript,CSS,,,,Ruby,,C#,,,,HTML5,,
Java,JavaScript,CSS,,Python,,Ruby,,,C++,C,Perl,,,
,,,,,,,,,C++,C,,,,VB
Java,JavaScript,CSS,,,Objective-C,,SQL,,C++,C,,HTML5,,
,JavaScript,CSS,PHP,Python,,,SQL,C#,,C,,HTML5,,Go
Java,JavaScript,CSS,PHP,Python,,,,C#,C++,C,,,,
Java,,CSS,,,Objective-C,,SQL,C#,,,,,,
,,,,,,,,,,,,,,
Java,,,,,,,SQL,,,,,,,
,,,,,,,SQL,C#,,,,HTML5,,
Java,JavaScript,CSS,,,,,SQL,C#,,,,,,
Java,JavaScript,CSS,,,,,SQL,,,,,,,
,JavaScript,CSS,PHP,,,,SQL,,,,,HTML5,,
,JavaScript,CSS,,,,,SQL,C#,,,,,,Salesforce Apex
,,,,,,,,C#,,,,,,
,,,,,,,,,,,,,,
Java,JavaScript,CSS,PHP,,Objective-C,Ruby,SQL,C#,,C,,HTML5,,
Java,,,,,,,SQL,C#,C++,C,,,,
Java,JavaScript,CSS,,Python,,,SQL,,,C,,HTML5,,
Java,,,,Python,,,,,C++,C,,,,
,,,,,,,,C#,,,,,,Maxscript
,JavaScript,CSS,,,,,SQL,C#,C++,,,HTML5,,
Java,JavaScript,CSS,,,,,SQL,,,,,HTML5,,
,,,,,,,SQL,,,C,,,,RPG
,JavaScript,CSS,,,,Ruby,SQL,C#,,,,,,Scala
,JavaScript,,,,,,SQL,C#,,,,,,
,JavaScript,CSS,PHP,,,,SQL,C#,,,,HTML5,,
Java,JavaScript,CSS,,,,,SQL,,,,,,,
,,,,,,,,C#,,,,,,
,JavaScript,CSS,PHP,Python,,,SQL,C#,,,Perl,HTML5,,
,,,,,,,SQL,C#,,,,,,
Java,JavaScript,CSS,,,,Ruby,SQL,,,,Perl,HTML5,,
,,,,,,,,C#,,,,,,
,JavaScript,CSS,,Python,,,,,,C,,HTML5,,
,JavaScript,CSS,PHP,Python,,,SQL,C#,C++,C,,HTML5,,
,JavaScript,CSS,PHP,,,,SQL,,,,,HTML5,,
,,,,,,,,C#,,,,,,
Java,JavaScript,CSS,,,,Ruby,,,C++,,,,,
Java,,,,,,,SQL,,C++,,,,,
,,,,,,,SQL,,C++,,,,,
,,,,,,,,C#,,C,,,,Visual Basic
,,,,,,,SQL,C#,,,,,,Powershell
,JavaScript,CSS,PHP,,,,SQL,C#,,,,HTML5,,
Java,JavaScript,CSS,,Python,Objective-C,,SQL,,C++,C,,HTML5,,go
,,,,,,,SQL,C#,,,,,,"XML, XAML"
Java,,,,Python,,,,C#,C++,C,Perl,,,
Java,JavaScript,CSS,,,,,SQL,C#,C++,,,HTML5,,
,,,,Python,,,SQL,C#,,,,,,
,,CSS,,,,,,C#,,,,HTML5,,
Java,JavaScript,,,,,,,,,,,,,
,,,,Python,Objective-C,,SQL,,,C,,,,
Java,JavaScript,CSS,,Python,,,SQL,C#,C++,C,,,,
,JavaScript,,,,,Ruby,,,,,,HTML5,,
,JavaScript,CSS,PHP,,Objective-C,,SQL,C#,,C,,HTML5,,
Java,JavaScript,CSS,PHP,,,,SQL,C#,,,,,,
,JavaScript,,,,,,SQL,C#,,,,,,"VB.NET, F#"
,,,,,,,SQL,C#,,,,HTML5,,
,JavaScript,CSS,PHP,,,,SQL,,,,,,,
,,,,Python,,,SQL,,,,,,,
,,,,,,,SQL,C#,,,,,,
,,,PHP,,,,,,,,,,,
,,,,,,,,C#,,,,,,
,JavaScript,CSS,,,,,SQL,C#,,,,HTML5,,
Java,,,,,,Ruby,SQL,C#,,,Perl,,,
,JavaScript,CSS,,,,,,C#,,,,,,
,,CSS,PHP,,,,,,,,,HTML5,,
,,,,,,,SQL,C#,,,,HTML5,,
Java,,,,,,,,,,,,,,Groovy
Java,JavaScript,CSS,PHP,,,,SQL,C#,C++,C,,HTML5,,
Java,,,,,,,SQL,C#,C++,C,,,,
,JavaScript,CSS,PHP,,,,SQL,C#,,C,,HTML5,,
Java,JavaScript,CSS,PHP,Python,Objective-C,,,C#,,,,HTML5,,Actionscript
,,,,,,,SQL,C#,,,,,,
Java,JavaScript,CSS,,,,Ruby,SQL,,,,,,,
Java,JavaScript,CSS,PHP,,,,SQL,C#,,,,HTML5,,
,,,,,,,,,,,,,,
,,,PHP,,,,SQL,,,,Perl,,,
,JavaScript,CSS,PHP,Python,,,SQL,C#,,,,HTML5,,
,JavaScript,CSS,,,,Ruby,SQL,,,,,HTML5,,
Java,,,,,,,,,C++,C,,HTML5,,asm64
Java,,CSS,,,Objective-C,,SQL,C#,,,,,,erlang
,JavaScript,CSS,,Python,,,SQL,,,,,HTML5,,
,JavaScript,CSS,,,,,SQL,C#,,,,,,
,JavaScript,CSS,PHP,,,,,,,,,HTML5,,Delphi
,JavaScript,CSS,,Python,,,SQL,,,,,HTML5,,Basic
,JavaScript,CSS,PHP,,,,,,,,,HTML5,,
,JavaScript,CSS,,,,,SQL,C#,,,,HTML5,,"ASP.net,ASp.net MVC"
Java,,,,,,,,,,,,,,
,,CSS,PHP,Python,,,,,C++,C,,,,
Java,JavaScript,CSS,PHP,,,,SQL,,C++,C,Perl,HTML5,,ColdFusion
,,,,Python,,,,,,,,,,Django
,JavaScript,CSS,PHP,Python,,,,,C++,C,,HTML5,,
,,,PHP,,,,,,,,,,,
Java,JavaScript,CSS,PHP,Python,,,SQL,,C++,,,,,
Java,,,PHP,Python,,,,,,,,,,
,,,PHP,,,,,,,,,,,
Java,,,,,,,SQL,C#,,,,,,VB.NET
,,,,Python,,,SQL,C#,C++,C,,,,
,,,,,,,,,,,,,,
,JavaScript,,,,,,SQL,C#,,C,,,,
Java,JavaScript,CSS,,Python,,,SQL,,C++,,Perl,,,
,JavaScript,CSS,,,,,SQL,C#,,,,HTML5,,
,,CSS,,,,,SQL,C#,,,,,,
Java,JavaScript,CSS,,Python,Objective-C,Ruby,,,,C,,HTML5,,
,,,,,,,,,,,,,,
Java,,,,,,,SQL,C#,,,,,,
,,CSS,,,,,SQL,C#,,,,,,"R,MATLAB"
,,,,,,,SQL,C#,,,,,,
Java,,,,,,,SQL,,,,,,,Matlab
,JavaScript,CSS,,Python,,,,,,,,HTML5,,
,JavaScript,,,,,,,C#,,,,,,
,,,,,,,,,,,,,,
,JavaScript,CSS,,,,,SQL,C#,,,,HTML5,,
,JavaScript,CSS,PHP,,,,SQL,,,,,,,
Java,,,,Python,,,SQL,,,,,,,
Java,,,PHP,Python,,,SQL,C#,C++,,Perl,,,
,JavaScript,CSS,,,,,SQL,C#,,,,,,
Java,JavaScript,CSS,PHP,,,,SQL,,,,,,,
Java,JavaScript,CSS,PHP,,,,SQL,C#,,,,,,
,,,PHP,,,,,,,,,,,
,JavaScript,CSS,PHP,,,,SQL,,,,,HTML5,,
Java,,,,,,,,,C++,C,,,,
Java,JavaScript,,PHP,Python,,,,,,,,,,
,JavaScript,CSS,,,,,,C#,,,,,,
,JavaScript,,PHP,,,,SQL,,,,,,,
Java,JavaScript,CSS,PHP,,,Ruby,SQL,,C++,,,,,
,JavaScript,CSS,PHP,,,,SQL,C#,,,,HTML5,,
,,,,,,,,,,,,,,
Java,JavaScript,CSS,PHP,,,,,C#,C++,C,,,,
Java,,,,,,,,,C++,,,,,
Java,JavaScript,CSS,,,,,SQL,,,,,,,
,,,,,,,,,,,,,,
,JavaScript,CSS,PHP,Python,,,,,,,,,,
,JavaScript,CSS,,,,,SQL,C#,,,,,,
,JavaScript,CSS,,,,,,C#,C++,C,,HTML5,,
,,CSS,,,,,SQL,C#,C++,C,,HTML5,,
Java,,,,Python,,,SQL,C#,C++,,,,,
,JavaScript,CSS,,,,,SQL,C#,,,,HTML5,,
Java,JavaScript,CSS,PHP,,,,,,,C,,HTML5,,
Java,JavaScript,CSS,,Python,Objective-C,Ruby,SQL,C#,,,,,,
,JavaScript,CSS,PHP,,,Ruby,SQL,,,,,HTML5,,
Java,,CSS,PHP,,,,SQL,,,,,HTML5,,
,,,PHP,,,,SQL,C#,,,,,,VB6
,JavaScript,,,,,,SQL,C#,C++,,,,,GW-BASIC
Java,,,,Python,,,SQL,,C++,C,,,,
Java,JavaScript,CSS,PHP,,,,SQL,,C++,C,Perl,,,
,,,,,,,,,,,,,,
Java,JavaScript,,PHP,Python,,,,,C++,C,Perl,,,
,,,,,,,,C#,,,,,,
,JavaScript,CSS,PHP,,,,SQL,C#,,,,HTML5,,
,JavaScript,CSS,,,,Ruby,SQL,C#,,C,,,,Delphi
,,CSS,PHP,Python,,Ruby,SQL,,,,,,,
Java,JavaScript,CSS,PHP,,Objective-C,Ruby,SQL,,C++,C,,HTML5,,
,JavaScript,,,,,,,C#,,,,HTML5,,
,,,,,,,,,,,,,,Delphi
,JavaScript,,,Python,,,,,,,,,,
Java,,,,,Objective-C,,,,,,,,,
,,CSS,,,,,,C#,,,,HTML5,,
Java,JavaScript,CSS,PHP,Python,,,SQL,C#,,,Perl,,,"vb, vba"
Java,,,,,,,SQL,,,,,,,
,JavaScript,CSS,PHP,,,,,,C++,,,,,
,,,,,,,,,,,,,,
,JavaScript,CSS,PHP,Python,Objective-C,,SQL,,,,,HTML5,,
,JavaScript,,,,,,,C#,,,,,,
,JavaScript,CSS,PHP,,,,SQL,,,,,,,"Learning C/C++, donno if I'm proficient yet."
,JavaScript,CSS,PHP,,Objective-C,,SQL,C#,C++,,,HTML5,,
,,,,,,,,C#,,,,,,
,,,,,,,,,,,,,,
,,,,,,,,,,,,,,
,JavaScript,,,,,,SQL,C#,,,,,,
,,,,,,,SQL,C#,,,,,,VBA! F# Excel
Java,JavaScript,CSS,PHP,,,,SQL,,,,,HTML5,,
Java,JavaScript,CSS,,Python,,,SQL,C#,,C,,,,
Java,JavaScript,CSS,PHP,,,,SQL,C#,,C,,,,
,JavaScript,,,,,,SQL,C#,C++,C,,,,
,,,,,,,,,,,,,,
Java,,,,,,,SQL,,,,,,,
,,,,,,,,,,,,,,
,JavaScript,,,Python,,,,,C++,C,,,,
,JavaScript,CSS,PHP,,,,SQL,C#,,,Perl,,,
,,,,,,,,,,,,,,
,JavaScript,CSS,PHP,,,,,,,,,,,
,,,,,Objective-C,,,C#,,,,,,
,JavaScript,,,,,,SQL,C#,,,,,,
,,,,,,,,,,,,,,
,,,,,,,,,,,,,,
,JavaScript,CSS,PHP,,,,,,,,,HTML5,,
Java,,,PHP,Python,,,SQL,,,,,,,
,,,PHP,,,,SQL,,C++,C,,,,
,JavaScript,CSS,PHP,,,Ruby,SQL,,,,,HTML5,,
,JavaScript,CSS,PHP,,,,SQL,,,,,,,
Java,JavaScript,CSS,,Python,,,SQL,,,,Perl,HTML5,,
,JavaScript,CSS,PHP,,,,,C#,,,,,,Powershell
Java,JavaScript,,PHP,,Objective-C,,SQL,C#,C++,C,,,,
Java,JavaScript,CSS,,,Objective-C,,SQL,,C++,C,,,,
Java,,,,Python,,,SQL,C#,,,,,,
,JavaScript,CSS,,,,,SQL,C#,,,,HTML5,,
Java,,,,,,,SQL,C#,C++,,,,,
,JavaScript,CSS,,Python,,,,C#,,C,,,,
,,,,,,,SQL,C#,,,,,,
,JavaScript,,,,Objective-C,,SQL,,,C,,,,
,JavaScript,,,,,,,C#,,,,,,
,JavaScript,CSS,PHP,Python,,,,C#,,,,,,
,JavaScript,CSS,,,,,SQL,C#,,,,HTML5,,
Java,JavaScript,CSS,,Python,,,SQL,C#,C++,C,,,,
,,,,,Objective-C,,,C#,C++,C,,,,
,,,,Python,,,,C#,,,,,,
,JavaScript,CSS,,,,,SQL,C#,,,,,,
Java,JavaScript,CSS,PHP,,,,SQL,,,C,,HTML5,,
,JavaScript,CSS,PHP,,,,SQL,,,,,,,
,,,,,,,,,,,,,,
,,,,,,,,,,,,,,
,,,,,,,,,,,,,,
Java,,,,,,,SQL,,,,,,,
,,,,,,,,,,,,,,
,,CSS,,,,,SQL,C#,C++,,,,,
,JavaScript,CSS,,,,,SQL,C#,C++,C,,,,
,JavaScript,CSS,,,,,SQL,C#,C++,,,,,
,,,PHP,Python,,,,,,,,,,
,,,,,,,,,,,,,,
,,,PHP,,,,,,,,,,,
,,,,Python,,,,,,C,,,,
,JavaScript,,,,,,,,,C,,,,
,,,,,,,,,C++,C,,,,
,JavaScript,CSS,PHP,,,,SQL,,,,,HTML5,,
,,,,Python,,,,,C++,C,,,,Haskell
,,,,,,,,,,,,,,
Java,,,,,,,,C#,,,,,,
,,,,,,,,,,,,,,
,JavaScript,CSS,PHP,Python,,,SQL,,,,,HTML5,,
Java,JavaScript,CSS,,,,,SQL,,,C,,,,
Java,,,,,,,,C#,C++,,,,,
,JavaScript,CSS,,,,,,C#,,,,,,Vb.net
Java,JavaScript,CSS,,,,Ruby,SQL,,,,,HTML5,,
Java,,,,,,,,,,C,,,,
Java,JavaScript,,,,,,SQL,C#,,,,,,
,JavaScript,,,,,,SQL,C#,C++,,Perl,,,
Java,,,,,,,,,,,,,,
,JavaScript,CSS,,,,,SQL,C#,,,,,,
Java,,CSS,PHP,,,,SQL,C#,,,,HTML5,,
,JavaScript,CSS,PHP,,,,SQL,,,,Perl,HTML5,,
,,,,,,,,,C++,C,,,,Assembly
Java,JavaScript,,,,,Ruby,SQL,,,C,,,,
,JavaScript,CSS,PHP,Python,,,SQL,,,,,HTML5,,
,,,,,,,,C#,,,,,,
,JavaScript,CSS,PHP,,,,SQL,,,,,,,
,,,,,,,,C#,,,,,,
,JavaScript,CSS,,,,,SQL,C#,,,,,,
,JavaScript,CSS,PHP,,,,SQL,C#,C++,,Perl,,,VB
,,,,,,,SQL,C#,C++,C,,,,xaml
,JavaScript,CSS,,,,,SQL,C#,,,,HTML5,,
Java,,,,,,,,C#,,,,,,
,JavaScript,CSS,,,,,SQL,C#,,,,HTML5,,
,JavaScript,CSS,PHP,,,,,,,,,HTML5,,
,JavaScript,CSS,PHP,,,,SQL,,,,,HTML5,,
,,,,,,,,,,,,,,
,,,,,,,,,,,,,,
Java,JavaScript,,,Python,,,SQL,,,,,,,
Java,JavaScript,CSS,,,,,,,,,,,,
Java,,,,,,,SQL,,C++,C,,,,
,,CSS,,Python,,,,,C++,C,Perl,,,
,,,,,,,,,,,,,,
,,,,,,,,,,,,,,
,,,,,,,,C#,,,,,,
Java,JavaScript,CSS,PHP,Python,,,SQL,,,,,HTML5,,Haskell
,,,,,,,SQL,C#,,,,,,
,JavaScript,CSS,PHP,Python,,,SQL,,,C,Perl,,,
Java,JavaScript,CSS,PHP,,,,SQL,,,,Perl,,,
Java,,,PHP,,Objective-C,,,,,C,Perl,,,
,,,PHP,,,,SQL,,,,,,,
Java,JavaScript,CSS,,,,,SQL,C#,C++,,,,,HTML xslt
,,,,Python,,,,,,,,,,"bash, BASIC"
,,,,,,,SQL,C#,,,,,,
Java,JavaScript,CSS,PHP,,,Ruby,SQL,,,,,HTML5,,"Groovy (GRAILS framework), HQL"
,,CSS,,,,,SQL,C#,,,,,,VB.Net
,JavaScript,CSS,,,Objective-C,Ruby,SQL,,,C,,HTML5,,
,JavaScript,CSS,,,,,SQL,C#,,,,HTML5,,
Java,,,,,,,SQL,C#,,,,HTML5,,
,,,,,,,SQL,C#,,,,,,
Java,,,PHP,,,,SQL,,,,,,,
,JavaScript,CSS,,,,,SQL,C#,,,,,,
Java,,,,,,,,,,,,,,
,JavaScript,CSS,PHP,,Objective-C,,,,,,,,,
Java,JavaScript,CSS,PHP,,,,SQL,,,C,Perl,,,
,,,,,,,,,,,,,,
,,,,,,,,,,,,,,
Java,,CSS,PHP,,,,SQL,,,C,,,,
Java,JavaScript,,PHP,,Objective-C,,SQL,,,,,,,
Java,,,,,,,,C#,,,,,,
,JavaScript,CSS,PHP,,,,SQL,,,,,,,
Java,,,,,,,,,,C,,,,
Java,,,,,Objective-C,,SQL,C#,C++,C,,,,
,,,,,,Ruby,,,C++,,,,,
,,,,,,,SQL,C#,C++,C,,,,
Java,JavaScript,CSS,,,,,SQL,,,,,HTML5,,
Java,JavaScript,CSS,PHP,,,,SQL,,,,,HTML5,,ActionScript 3
,,,,,,,,,,,,,,
,,,,,,,,,,,,,,
Java,JavaScript,CSS,PHP,,,,SQL,C#,,,,HTML5,,
Java,,,,,,Ruby,SQL,,,,,,,
,JavaScript,CSS,PHP,,,,SQL,,,,,,,
,,,,,,,,C#,C++,C,,,,
Java,JavaScript,,,Python,,Ruby,SQL,C#,,,,,,
Java,,,,,,,,,,,,,,
Java,,,,,,,,,,,,,,
,,,,,,,SQL,C#,,C,,,,
,JavaScript,CSS,PHP,,,,,,,,,,,
,,,,,,,SQL,C#,,,,,,
,,,,,,,,,,,,,,Android
,JavaScript,CSS,,,,,SQL,C#,,,,,,
Java,,,,,,,,C#,,,,,,ActionScript 2
,,,,,,,SQL,C#,,,,,,
,JavaScript,CSS,,Python,,Ruby,SQL,C#,C++,C,,,,
Java,JavaScript,CSS,,,Objective-C,,SQL,C#,C++,C,,,,
,,,,,,,,,,,,,,
,JavaScript,CSS,PHP,,,,SQL,,,,,,,
Java,JavaScript,,,,Objective-C,,SQL,,C++,C,,HTML5,,
,JavaScript,CSS,,,,,,C#,,,,HTML5,,
,JavaScript,CSS,PHP,,,Ruby,,,,,,HTML5,,
,,,,,Objective-C,Ruby,,,,C,,,,
Java,JavaScript,CSS,PHP,Python,Objective-C,,SQL,C#,,C,,HTML5,,
Java,JavaScript,CSS,PHP,Python,,,SQL,C#,,,,,,
,,,,,,,,,,,,,,
,JavaScript,,PHP,,,,,,,,,,,
,,,,,,,,,C++,C,,,,
Java,JavaScript,,PHP,,,,SQL,,,,,,,
Java,,,,,,,,,,,,,,Scala
Java,JavaScript,CSS,,,,,SQL,C#,,,,,,
,JavaScript,CSS,PHP,,,,SQL,C#,,C,,,,
,,CSS,PHP,,Objective-C,,SQL,,,,,HTML5,,
,,,,,,,SQL,C#,C++,,,,,
,,,,,,,,C#,,,,HTML5,,
,,CSS,PHP,Python,,,,,,,,HTML5,,
,JavaScript,CSS,PHP,,,,,,,,,HTML5,,
,JavaScript,,,,,,,C#,,,,,,
Java,JavaScript,CSS,,,,,SQL,C#,C++,C,,HTML5,,
,JavaScript,CSS,,,,,SQL,C#,C++,,,,,
,,,,,,,SQL,C#,C++,,Perl,,,
,JavaScript,CSS,,,,,SQL,C#,,,,,,
,,,PHP,,,,,,C++,C,Perl,,,
,JavaScript,CSS,,,,,SQL,C#,,,,,,
,,,,,,,,,,,,,,
,JavaScript,CSS,PHP,Python,,,SQL,,,,Perl,HTML5,,
Java,,,,,,,SQL,,C++,,,,,
,,,,Python,,,,,C++,C,,,,
,JavaScript,CSS,PHP,,,,SQL,,,,,HTML5,,
,,,,,,,,,,,,,,
Java,JavaScript,CSS,,,,,SQL,,,C,,HTML5,,
,JavaScript,,,,,,SQL,,,,,HTML5,,Erlang/OTP
Java,,,,,,,SQL,C#,C++,C,Perl,,,
Java,,CSS,PHP,,,,SQL,C#,,,,HTML5,,
,JavaScript,,PHP,,Objective-C,,SQL,C#,C++,C,,,,lua
,,,,Python,,,,,,,,,,
,JavaScript,CSS,PHP,,,,,,,,,HTML5,,
,JavaScript,,PHP,,,Ruby,SQL,,,,,,,
,JavaScript,CSS,PHP,,Objective-C,,SQL,C#,,,,HTML5,,
,JavaScript,CSS,,,,,SQL,C#,,,,HTML5,,
Java,JavaScript,,,,,,SQL,,,,,,,
,,,,,,,,C#,,,,,,
,JavaScript,CSS,,,,,SQL,C#,,,,,,
,JavaScript,CSS,,,,Ruby,,,,,,HTML5,,
Java,JavaScript,CSS,PHP,,,,SQL,C#,C++,C,,HTML5,,AU3
Java,,,,,,,,,,,,,,
,JavaScript,CSS,PHP,,Objective-C,,SQL,C#,,C,,HTML5,,
,JavaScript,CSS,PHP,,,,,C#,C++,C,,HTML5,,Delphi
Java,JavaScript,CSS,PHP,,,,SQL,C#,C++,C,,HTML5,,
Java,,CSS,PHP,,,,SQL,,C++,C,,HTML5,,
,JavaScript,CSS,PHP,,,,,,,,,HTML5,,
Java,,,,Python,,,SQL,,,,,,,
Java,JavaScript,CSS,PHP,Python,,,SQL,C#,C++,C,Perl,HTML5,,
,,,,,,,,,,,,,,
,,,,,,,,,,,,,,
,JavaScript,CSS,,,,,SQL,C#,,C,,HTML5,,VB6
,JavaScript,CSS,PHP,,,,SQL,C#,,,,,,
,JavaScript,CSS,,Python,Objective-C,Ruby,SQL,,,,,HTML5,,
,JavaScript,,,,,,,C#,,,,,,
Java,JavaScript,,PHP,,,,,,,,,,,
,JavaScript,,,,,,SQL,C#,,,,HTML5,,
,,,,,,,,,,,,,,VB
,JavaScript,,,,,,,C#,,,,HTML5,,
Java,,,,,,,,,,,,,,
,JavaScript,CSS,PHP,,Objective-C,,SQL,C#,C++,C,,HTML5,,
Java,JavaScript,CSS,PHP,,Objective-C,,SQL,C#,C++,,Perl,HTML5,,
,,,,,,,SQL,C#,,,,,,
,JavaScript,CSS,,Python,,Ruby,,,,,,,,
Java,,,,,,,,,,,,,,
,,,,,,,,,,,,,,
Java,,,PHP,,,,SQL,,C++,,,,,
Java,JavaScript,CSS,,,,,SQL,,,,,,,
,,,PHP,,,,SQL,,,,,HTML5,,
,,,,,,,,,,,,,,
,JavaScript,,PHP,,,,,,,,,HTML5,,
,JavaScript,CSS,,Python,,,SQL,,,,,,,
,,,,,,,SQL,C#,,,,,,
,JavaScript,CSS,PHP,Python,Objective-C,,,,,,,HTML5,,
,,,,,,,SQL,C#,,,,,,
,JavaScript,CSS,PHP,,,,SQL,,,,,,,
,JavaScript,CSS,,,,,SQL,C#,,,,,,
Java,JavaScript,CSS,PHP,Python,,,SQL,,,,,HTML5,,"clojure, flex, actionscript, coffeescript"
,JavaScript,CSS,PHP,,,,SQL,,C++,C,,HTML5,,
,,,,Python,,,SQL,C#,C++,C,,,,Delphi
,,CSS,,,,,,C#,,,,,,
Java,JavaScript,,PHP,,,,,C#,,,,,,
Java,JavaScript,CSS,PHP,,,,SQL,,,,,HTML5,,
Java,JavaScript,CSS,PHP,,,,,,C++,C,Perl,HTML5,,
,JavaScript,,,,,,,C#,,,,HTML5,,
,JavaScript,CSS,,,,,SQL,C#,,,,HTML5,,
,,,,,,,,,,,,,,
,,CSS,PHP,,,,SQL,C#,C++,,,HTML5,,
,JavaScript,,PHP,,Objective-C,,,C#,C++,,,,,
,,,,,Objective-C,,,,,,,,,
,JavaScript,CSS,,,,Ruby,SQL,C#,,,,,,mongodb
Java,,,,,,,,,C++,C,,,,
,JavaScript,CSS,,,,,SQL,C#,,,,,,
,,,,,Objective-C,,,,,,,,,
,JavaScript,CSS,PHP,,,,SQL,C#,,,,,,
,JavaScript,CSS,PHP,,,,SQL,C#,,,,HTML5,,
,JavaScript,CSS,,,,,SQL,C#,,,,HTML5,,VB
,JavaScript,CSS,PHP,,,,SQL,,,,,HTML5,,
Java,JavaScript,CSS,,,,,,,,,,,,
Java,JavaScript,,,Python,,,SQL,,C++,,,,,
,JavaScript,CSS,PHP,,,,,,,,,HTML5,,
Java,JavaScript,CSS,PHP,,,,SQL,,C++,C,,,,
,,,,,,,,,,,,,,
,,,,,,,SQL,,,,,,,PL/SQL
Java,JavaScript,CSS,PHP,Python,,Ruby,SQL,,,,,,,
,JavaScript,CSS,PHP,,,,,,,,,HTML5,,
Java,,,,,,,,,C++,,,,,
,,,,,,,,,,,,,,
,JavaScript,CSS,,,,,,C#,,,,,,
Java,,,,,,,,C#,C++,C,,,,
Java,JavaScript,CSS,,Python,,,,,,,,HTML5,,
,,,,,,,,,,,,,,
Java,,,,Python,,,SQL,,C++,C,,,,
,,,,,,,,C#,,C,,,,
,,,,,,,,,C++,,,,,
,,,,,,,,,,,,,,
,,,,,,,,,,,,,,
,,,,,,,,,,,,,,
,JavaScript,CSS,PHP,Python,,,,,C++,C,,HTML5,,Haskell
,,,,,,,,,,,,,,
,,,,,,,,,,,,,,R
,,,,,,,,,C++,C,,,,
,,,,,,,,,,,,,,
Java,JavaScript,CSS,,Python,,,SQL,,C++,C,,,,
,JavaScript,CSS,PHP,,,,,,,,,HTML5,,ActionScript 3
,,,,,,,,,,,,,,
Java,,,,,Objective-C,,,C#,C++,C,,,,
Java,,,,,,Ruby,SQL,,,,,,,
,,,,,,,,,C++,C,,,,
,JavaScript,CSS,PHP,Python,,,,,,C,,HTML5,,
Java,JavaScript,CSS,PHP,Python,,,SQL,,,,,,,
,JavaScript,CSS,,,,,SQL,C#,,,,HTML5,,
,JavaScript,,PHP,Python,,,,,,,,,,
,,,,,,,,,,,,,,
,,,,,,,,C#,,,,,,
,JavaScript,,,,,,SQL,C#,,,,HTML5,,
,,,,,,,,,,,,,,
,JavaScript,CSS,PHP,,,,,,,,,HTML5,,
Java,JavaScript,CSS,,Python,,,,,,,,,,
,,,,,,,,,,,,,,Visual Basic
,,,,,Objective-C,,,C#,,,,,,VB.NET
,,,,,,,,,,,,,,
,JavaScript,CSS,PHP,,,,SQL,,,,,HTML5,,
,JavaScript,CSS,PHP,,,,,,,,,HTML5,,
Java,,,,,,,,C#,,,,,,
,,,,,,,,C#,C++,C,,,,
,JavaScript,CSS,PHP,,Objective-C,,SQL,,,,,HTML5,,
Java,JavaScript,CSS,PHP,,Objective-C,,SQL,C#,C++,C,,HTML5,,
Java,,,,,,,SQL,,,,,,,
,JavaScript,CSS,PHP,,,,,,,,,HTML5,,
,,,,Python,,,,,,,,,,
Java,JavaScript,CSS,,Python,Objective-C,Ruby,SQL,,C++,C,,HTML5,,
Java,JavaScript,,,,,,SQL,,,,,HTML5,,SAS
Java,JavaScript,CSS,PHP,Python,,,SQL,C#,C++,C,,HTML5,,
,,,,,,,SQL,C#,C++,,,HTML5,,
,JavaScript,CSS,,,,,,,,,,HTML5,,
,JavaScript,CSS,,,,,SQL,C#,,,,HTML5,,
Java,,,,Python,,,,C#,C++,C,,,,
Java,,,,,Objective-C,,SQL,,C++,C,,,,
,,,,,,,,,,,,,,
,,,,Python,,,,C#,,,,,,
Java,JavaScript,,,,,,SQL,C#,,C,,,,
Java,,CSS,PHP,,,,,,C++,C,,,,
,JavaScript,,PHP,,,,SQL,,,,,,,
,JavaScript,CSS,,,,,SQL,C#,,,,HTML5,,
Java,JavaScript,,PHP,Python,,,,,,,,HTML5,,
,,,,,,,SQL,,,,,,,
Java,JavaScript,CSS,PHP,Python,,,SQL,C#,,,,HTML5,,
Java,,,,,,,,,,,,,,
,JavaScript,CSS,PHP,Python,,,SQL,,C++,,,HTML5,,
,,,,,,Ruby,,,,,,,,
Java,,,,,,,,,C++,,Perl,,,Soar
,JavaScript,CSS,PHP,,,,SQL,C#,,,,HTML5,,
Java,,CSS,,Python,Objective-C,,SQL,,,C,,,,Lua
Java,,,,,,Ruby,,,C++,C,Perl,,,Verilog
,,CSS,,,,,,,C++,C,,,,"Haskell, Bash"
Java,JavaScript,CSS,,,,Ruby,SQL,C#,C++,C,Perl,,,
Java,,,,Python,,,,C#,C++,C,,,,
,JavaScript,CSS,,,,,,,,,,HTML5,,
,,,,Python,Objective-C,,,,,,,,,
Java,,,,,,,,,,,,,,
,JavaScript,CSS,PHP,,Objective-C,Ruby,SQL,,,C,,HTML5,,
,,,,,,,,C#,,C,,,,
Java,JavaScript,CSS,,,,,,,C++,,,HTML5,,"ActionScript, AppleScript"
,,,,,,,,,,,,,,
Java,,,,,,,,C#,,,,,,
,JavaScript,CSS,PHP,,,,SQL,,C++,C,,,,
Java,JavaScript,CSS,PHP,Python,,,SQL,,,,,HTML5,,Groovy
Java,JavaScript,CSS,,,,,,,C++,,,,,Scala
Java,,,,,,,SQL,,,C,,,,bash/awk/unix toolkit
Java,JavaScript,CSS,PHP,,,,SQL,,,,,,,ASP
,,,,,Objective-C,,,,C++,C,,,,
,,,,,,,SQL,C#,,,,,,
,,CSS,PHP,,,,SQL,,C++,,,,,Actionscript 3
,,,,,,,,,C++,,,,,
Java,JavaScript,CSS,,,,,SQL,C#,C++,,,,,
Java,JavaScript,CSS,PHP,Python,,,SQL,,,,,,,
,JavaScript,CSS,,,,,,C#,C++,,,HTML5,,
,,,,,,,,,,,,,,LabVIEW
,JavaScript,CSS,PHP,,,Ruby,SQL,,,,,HTML5,,
Java,JavaScript,,,,,,SQL,,,,,HTML5,,
,,,,,,,,,,,,,,TeX
Java,JavaScript,CSS,PHP,,,,SQL,C#,C++,,Perl,HTML5,,
,JavaScript,CSS,,,,,SQL,C#,C++,C,,,,
,JavaScript,CSS,PHP,,,,SQL,,,,,,,
,JavaScript,,,,,,SQL,C#,,,,HTML5,,
Java,JavaScript,CSS,PHP,,,,SQL,C#,,,,HTML5,,
Java,JavaScript,CSS,PHP,,,,SQL,C#,,,Perl,,,
,,CSS,PHP,,,,SQL,,,,Perl,,,"R, SPSS, Pascal"
,,,,,,,,,,,,,,
,,CSS,PHP,Python,,,SQL,,,,,,,
,,,,,,,,,,,,,,
,JavaScript,CSS,,,,,,,,,,HTML5,,
Java,JavaScript,CSS,PHP,,,,SQL,C#,,,,HTML5,,
,JavaScript,CSS,,,,,SQL,C#,,C,,HTML5,,
Java,,,,Python,,,,,,,,,,
,,,,,,,,,,,,,,Delphi
Java,JavaScript,CSS,,,,,SQL,C#,,C,Perl,,,
Java,JavaScript,CSS,,,,,SQL,,,,,,,
,JavaScript,CSS,,,,,SQL,C#,,,,HTML5,,
,JavaScript,CSS,PHP,,,Ruby,,,,,,HTML5,,Node
Java,JavaScript,CSS,PHP,Python,,,SQL,C#,,,,HTML5,,
,,,,,,,,,,,,,,
Java,JavaScript,CSS,PHP,Python,Objective-C,,,,,,,,,
,JavaScript,CSS,,,,,SQL,C#,,,,HTML5,,
Java,,,,,,,SQL,,,,,,,
,JavaScript,CSS,PHP,Python,Objective-C,Ruby,,,,C,,HTML5,,
Java,JavaScript,,,,,Ruby,,C#,,,,,,
,JavaScript,,PHP,,,,,C#,,,,,,
Java,,,PHP,,,,SQL,,,C,,,,
Java,,,PHP,Python,,,SQL,C#,C++,C,Perl,,,
,,CSS,,,,,SQL,,,,,,,"VBScript, classic ASP"
Java,,,,,,,SQL,,,,,,,Flex
Java,JavaScript,CSS,PHP,Python,,,SQL,C#,C++,C,Perl,,,
,,,,,,,,,,,,,,
,,,,Python,,,,,C++,,,,,
,,,,,,,,,,,,,,
Java,JavaScript,CSS,PHP,,,,SQL,C#,,,,HTML5,,VB
,JavaScript,CSS,PHP,,,,,,,,Perl,,,"Turbo Pascal, Moscow ML"
Java,JavaScript,CSS,,,,,SQL,,,,,,,Grails
,JavaScript,CSS,PHP,,,,SQL,,,,,HTML5,,
,JavaScript,CSS,,,,,SQL,C#,,,,,,
,JavaScript,,PHP,Python,,,SQL,,,,,HTML5,,
Java,JavaScript,CSS,PHP,,,,SQL,,,,,,,
,JavaScript,CSS,,,,,,,C++,,,HTML5,,
,JavaScript,CSS,,,,,SQL,C#,,,,HTML5,,
Java,,,,,,,,C#,,,,,,
,JavaScript,CSS,PHP,,,,SQL,,,,,HTML5,,
Java,JavaScript,CSS,PHP,,,,SQL,,C++,,,HTML5,,
Java,JavaScript,CSS,,,,,,C#,,,,HTML5,,
,JavaScript,CSS,,,,,SQL,C#,C++,C,,HTML5,,
Java,,CSS,,,,,SQL,C#,,,,HTML5,,Scala
Java,,,,,,,,,C++,C,Perl,,,"ASM (x86, ARM, 68HC11, PPC), Haskell"
,JavaScript,,,,,,,C#,,,,HTML5,,
Java,JavaScript,CSS,PHP,,,,SQL,C#,C++,,,,,VBScript
Java,,,,,,,,C#,C++,C,,,,
,,CSS,PHP,,,,,,,,,,,
,,,,Python,,,,,,,,,,
Java,JavaScript,CSS,,,,Ruby,,,,,,HTML5,,
,JavaScript,CSS,PHP,,,Ruby,SQL,,,C,Perl,HTML5,,
,,,,,,,,,,,,,,
,JavaScript,CSS,PHP,,,Ruby,SQL,,,,,HTML5,,
Java,,,,,,,,,,,,,,
,,,,,,,,C#,C++,,,,,
,,,,,,,,,,C,,,,
Java,JavaScript,,,,,Ruby,,,,C,,,,
,,,,,,,,,,,,,,
,,,,,,,,,,,,,,
,JavaScript,CSS,,,,,SQL,C#,,,,HTML5,,
,JavaScript,CSS,PHP,,,,SQL,,,,Perl,HTML5,,
Java,JavaScript,CSS,PHP,,,,SQL,,,,,HTML5,,
,,CSS,PHP,,,,SQL,C#,,,,HTML5,,
Java,,,PHP,Python,,,,,,C,,,,
,JavaScript,CSS,,Python,,,,,,,,,,
,,CSS,PHP,Python,,,SQL,C#,C++,,,HTML5,,
,JavaScript,CSS,PHP,,,,SQL,,,C,Perl,,,
Java,JavaScript,CSS,PHP,,,,SQL,C#,C++,C,,,,
,JavaScript,CSS,PHP,,,,SQL,C#,,,,HTML5,,VBScript
,JavaScript,CSS,,,,,SQL,C#,,,,,,
,,,,,,,SQL,C#,,,,,,
Java,,,,Python,,,SQL,,C++,C,,,,
,JavaScript,,PHP,,,,,,,,,,,
Java,,,,,,,SQL,C#,C++,C,,,,
,JavaScript,CSS,PHP,,,,,,,,,HTML5,,
,,,,,,,,,,,,,,
,,,,,Objective-C,,,,,,,,,
Java,JavaScript,,PHP,Python,,,SQL,C#,C++,C,,,,Befunge
Java,JavaScript,CSS,PHP,Python,,,SQL,C#,,C,Perl,HTML5,,"Standard ML, Mathematica"
,JavaScript,CSS,,,,,SQL,C#,C++,C,,HTML5,,
Java,,,,Python,,,SQL,C#,,,,,,
Java,JavaScript,CSS,,Python,,,SQL,C#,C++,C,,HTML5,,Delphi
Java,JavaScript,,,,,,SQL,,,,Perl,HTML5,,
Java,,,,Python,,,,,,,Perl,,,
,,,,,,,,C#,,,,,,
Java,JavaScript,,,Python,,,,,,,,,,
,,CSS,PHP,Python,,,SQL,C#,C++,C,Perl,HTML5,,
,JavaScript,CSS,PHP,,,,SQL,C#,,,,HTML5,,
,JavaScript,CSS,PHP,,,,,,,,,,,Delphi
Java,,,,,,,,,C++,,,,,ActionScript
,JavaScript,CSS,,Python,,,SQL,C#,C++,,,HTML5,,
,JavaScript,CSS,PHP,Python,,,SQL,,,,,HTML5,,
,JavaScript,CSS,PHP,,,,SQL,C#,,,,HTML5,,ColdFusion
,,,,,Objective-C,Ruby,,,,,,HTML5,,
,,,,,,,,,,,,,,
Java,JavaScript,CSS,,,,,SQL,,,C,Perl,HTML5,,
,JavaScript,CSS,,,,,SQL,C#,,,,,,
,JavaScript,,,,Objective-C,,,C#,C++,C,,,,
,,,,,,,,,,,,,,
Java,,CSS,,,,,SQL,C#,,,,,,
Java,JavaScript,CSS,PHP,,Objective-C,,,,,,,HTML5,,actionscript
,,,,,,,,,,,,,,
,JavaScript,CSS,PHP,Python,,,SQL,,C++,C,,HTML5,,
,JavaScript,,,,,,SQL,C#,,,,,,PL/SQL VB.NET
,JavaScript,CSS,PHP,,,,,,,,,HTML5,,
,,,,,,,SQL,C#,C++,C,,,,
Java,JavaScript,,,,,,,,,,,,,
,,,,,,,,,,,,,,
,JavaScript,CSS,,,,,SQL,C#,,,,,,
Java,JavaScript,CSS,,,,Ruby,,,,,,HTML5,,
Java,,CSS,,,,,,C#,C++,,,,,
Java,JavaScript,CSS,PHP,,,,SQL,,,,,HTML5,,
,,,,,,,,C#,,,,,,
Java,JavaScript,CSS,,,,,SQL,C#,,,,HTML5,,
,JavaScript,CSS,PHP,,,,SQL,C#,,,,,,
,JavaScript,CSS,,Python,,Ruby,,,,,,HTML5,,
Java,,,,,,,,,,,,,,
,,,,Python,,,,,C++,C,Perl,,,
,JavaScript,CSS,PHP,,,,SQL,C#,,C,,HTML5,,
Java,,,,,,,,,C++,,,,,
Java,JavaScript,CSS,PHP,Python,,,SQL,,C++,C,,HTML5,,"XSL, plpgsql, Scala, É"
,,,,,,,,C#,,,,,,VB
,JavaScript,CSS,PHP,,,,SQL,C#,,,,,,VB.NET
Java,,,,,,,SQL,C#,,,,,,
,JavaScript,CSS,PHP,,,,SQL,,,,,,,
,JavaScript,CSS,PHP,,,,SQL,,,,,HTML5,,
,JavaScript,CSS,PHP,,,,SQL,,,,,HTML5,,Actionscript
Java,JavaScript,CSS,PHP,,,,,C#,,,,,,
,,CSS,PHP,,,Ruby,SQL,,,,,,,Coldfusion
Java,,,,,,,SQL,,,,,,,Cobol
Java,JavaScript,,,,,,,C#,C++,,,,,
,,,,,,,,,,,,,,
,,,,,,,SQL,,,,,,,PL/SQL
,JavaScript,CSS,,,,,SQL,C#,,C,,,,
,,,,,,Ruby,,C#,C++,,,,,
Java,JavaScript,CSS,PHP,,,,SQL,,,,,HTML5,,
,,,,,,,SQL,C#,C++,C,,,,
Java,,CSS,,,Objective-C,,,C#,C++,C,,,,VHDL
,JavaScript,CSS,PHP,Python,,Ruby,SQL,,C++,C,Perl,HTML5,,"x86, cobol, vb, asp,"
Java,JavaScript,CSS,PHP,,,,SQL,C#,C++,,,HTML5,,
,JavaScript,CSS,PHP,,,Ruby,,,,,,HTML5,,Scala
,JavaScript,CSS,,,,,SQL,C#,,,,HTML5,,
,,,,,,,,,,,,,,
,,,,,,,,,,,,,,
,JavaScript,CSS,,Python,,,,C#,,,,HTML5,,
Java,JavaScript,,,,,,,,,,,,,
,JavaScript,CSS,,Python,Objective-C,Ruby,,,,C,,HTML5,,
Java,JavaScript,CSS,,Python,,,SQL,,,C,Perl,,,
,,,,Python,,,,,,,,,,R
,,,,,,,,C#,,,,,,"Delphi, asm, hlsl"
,JavaScript,CSS,PHP,,,Ruby,SQL,,,,,HTML5,,
,,,PHP,,,,SQL,,,,,,,
Java,JavaScript,CSS,,,,,SQL,C#,,,,HTML5,,
,JavaScript,CSS,,,,,,,,,,HTML5,,
Java,JavaScript,CSS,,,,,SQL,C#,C++,C,,HTML5,,
Java,,,,,,,SQL,C#,C++,C,,,,
Java,,,,Python,,Ruby,SQL,,,,,HTML5,,
,JavaScript,CSS,PHP,,,,,,,,,,,ActionScript 3
Java,JavaScript,CSS,PHP,,,,SQL,C#,C++,,,,,
Java,,,,,,,,,,C,,,,
,JavaScript,CSS,,,,,SQL,C#,,,,HTML5,,
Java,JavaScript,,,,Objective-C,,,C#,,,,,,
Java,JavaScript,CSS,PHP,,,,SQL,,C++,C,,HTML5,,
,,,,,,,SQL,C#,C++,,,,,
Java,,,,,,Ruby,,C#,,,,,,
Java,,,,,,,,,C++,C,,,,
Java,JavaScript,CSS,PHP,,,,,,,,,HTML5,,
,JavaScript,CSS,,,,,SQL,,,,,HTML5,,ASP.NET 4 (VB.NET)
,,,,Python,,,,,,C,,,,
Java,,,,,,,,C#,,,,,,
Java,,,,,Objective-C,,,C#,C++,,,,,
,,,,,,,,,,,,,,
,JavaScript,CSS,PHP,Python,,,SQL,,,,,HTML5,,
Java,JavaScript,CSS,PHP,,,,SQL,C#,C++,C,,,,
,,,,,,,SQL,,,,,,,
Java,,,,,,,SQL,,,,,,,groovy
,JavaScript,CSS,,,,,SQL,C#,,,,HTML5,,
,JavaScript,CSS,PHP,,,,SQL,C#,,,,HTML5,,
,,CSS,,Python,,,SQL,C#,,,,HTML5,,
Java,JavaScript,CSS,PHP,,,,SQL,,,,,HTML5,,
Java,,,,Python,,Ruby,SQL,,C++,C,Perl,HTML5,,
,,,,,,,,,,,,,,
Java,JavaScript,CSS,,,,,SQL,,,,,,,
,,,,,Objective-C,,SQL,C#,,C,,,,
,JavaScript,CSS,,,,,SQL,C#,,,,,,
Java,JavaScript,CSS,,Python,,,SQL,,,,,,,
,JavaScript,CSS,,,,,SQL,C#,,,,,,asp.net ajax
,JavaScript,CSS,,,,,SQL,C#,,,,HTML5,,
,,,,,,,,C#,,,,,,
,,,,,,,,,C++,,,,,Haskell
,,,,,,,,C#,C++,,,,,
Java,JavaScript,CSS,PHP,Python,Objective-C,,SQL,C#,C++,C,Perl,HTML5,,
Java,JavaScript,CSS,,Python,,,SQL,,,,,,,
Java,,,,,,,SQL,C#,,,,,,
,,,,,,,,,,C,Perl,,,
Java,JavaScript,,,Python,,,,,,,,,,AS3
,JavaScript,CSS,,,,,SQL,C#,,,,HTML5,,
,,,,,,,,,,,,,,
Java,JavaScript,,PHP,Python,,,SQL,C#,C++,C,,,,MATLAB
Java,JavaScript,CSS,PHP,,,Ruby,,,,,,HTML5,,
,,,,,,,,C#,,,,,,VB.net
,JavaScript,,,,,,SQL,C#,C++,C,,HTML5,,F#
,JavaScript,CSS,PHP,,,,,,,,,HTML5,,
Java,,CSS,,,Objective-C,,SQL,,,,,HTML5,,
Java,,CSS,,,,,SQL,,,,,,,Groovy
,,CSS,PHP,Python,,,SQL,,,C,,,,Delphi
,JavaScript,,,Python,,,,,,,,,,
Java,JavaScript,CSS,,Python,,,SQL,,,C,,HTML5,,
Java,,,,Python,,Ruby,SQL,,C++,C,,,,Forth
,JavaScript,CSS,,,,,SQL,C#,,,,,,Visual Basic
,JavaScript,,,,,Ruby,SQL,,,,,HTML5,,
Java,,,PHP,,,,,C#,C++,C,,,,
Java,,,,,,,SQL,C#,,C,Perl,,,
Java,,,,,,,,,,,,,,Visual Basic for Applications
,,,,,,,,,,,Perl,,,
Java,JavaScript,CSS,PHP,Python,Objective-C,,SQL,,C++,C,Perl,HTML5,,
,,,,,,,,,,,,,,your mom
,,,,,Objective-C,,SQL,,,C,,,,
,,,,,,,,C#,C++,,Perl,,,
,JavaScript,CSS,PHP,Python,,,SQL,,,,,HTML5,,
,JavaScript,CSS,,,,,SQL,C#,,,,,,
Java,,,,Python,,,,,,C,,,,
,,,,,,,,,,,,,,
,JavaScript,,,,,,,C#,,,,,,
,JavaScript,CSS,,,,,SQL,C#,,,,,,
,,,,,,,SQL,C#,,,,,,
Java,JavaScript,CSS,PHP,Python,,,SQL,,C++,C,,HTML5,,
,JavaScript,CSS,,,,,,,,,,,,
,JavaScript,CSS,,,,,SQL,,,,,HTML5,,
,JavaScript,CSS,PHP,,,,SQL,,C++,C,Perl,HTML5,,
,JavaScript,CSS,,,,,SQL,C#,,,,,,XAML
,,,,,,,,C#,,,,,,
,,,,,Objective-C,,,,,,,,,
,,,,,Objective-C,,,,C++,,,,,
,JavaScript,CSS,PHP,,,,SQL,,,,,HTML5,,
,,,,,,,,,,,,,,
,,,,,,,,,,,,,,
,JavaScript,CSS,,,,,SQL,C#,,,,,,
,JavaScript,,,Python,Objective-C,,,,,,,,,
,JavaScript,CSS,,,,,,C#,,,,HTML5,,VB
Java,JavaScript,CSS,PHP,,,,SQL,C#,,C,,HTML5,,
,JavaScript,CSS,,,,,SQL,,,,,HTML5,,ColdFusion
,,,,,,,,C#,C++,,,,,
,,,,Python,,,SQL,,,,,,,
,JavaScript,CSS,,,,,,C#,,,,HTML5,,
,JavaScript,CSS,,Python,,,,,,,,HTML5,,
Java,JavaScript,CSS,PHP,,,,SQL,,,,,HTML5,,
,,,,,,,,,,,,,,
Java,JavaScript,CSS,PHP,,,,SQL,C#,,,,HTML5,,
,,,,,,,,,,,,,,
,,,,,,,,,,,,,,
Java,JavaScript,CSS,,,,,,,,,,,,
,,,,,,,,,,,,,,
,,CSS,,,,,SQL,C#,,,,,,
,JavaScript,CSS,,Python,,,SQL,,,,Perl,HTML5,,
,JavaScript,,,,,,,C#,,,,,,Visual Basic
Java,,,PHP,,,,,C#,C++,C,,,,
,,,,,,,,C#,C++,,,,,
,JavaScript,,PHP,,,Ruby,,,,,,HTML5,,
Java,,,,,,,SQL,,C++,,Perl,,,VB.NET
,JavaScript,,,Python,,,,,,,,HTML5,,
,JavaScript,CSS,PHP,,,,SQL,C#,,,,HTML5,,
Java,,,,,,,SQL,C#,C++,C,,,,
Java,JavaScript,CSS,,,,,SQL,C#,,,,HTML5,,
,,,,,,,SQL,C#,,,,,,VB.Net
Java,JavaScript,CSS,,,,,SQL,,,,,HTML5,,
Java,,,,,,,SQL,C#,C++,C,,,,
,,,PHP,,,,,C#,,,,,,
,,,,Python,,,,,C++,C,,,,
Java,,,,,,,,,,,,,,
,,CSS,PHP,,,,SQL,C#,,,,HTML5,,
,JavaScript,CSS,,Python,,Ruby,,,,,,HTML5,,
Java,JavaScript,CSS,PHP,Python,Objective-C,,SQL,,,,,HTML5,,
,JavaScript,,,,,,,,,,Perl,,,
,,,,Python,,,,,C++,,,,,
,,CSS,,,,,SQL,C#,,,,HTML5,,
Java,,,,,,,,,,,,,,D
,,,,,,,,,,,,,,
,,,,,,,,,,,,,,
,JavaScript,CSS,PHP,Python,,,SQL,,,,,HTML5,,
,JavaScript,CSS,PHP,,,,SQL,C#,C++,C,,HTML5,,
Java,,CSS,PHP,Python,Objective-C,,SQL,C#,C++,C,,,,
Java,JavaScript,CSS,,Python,,,SQL,,,,,HTML5,,
,JavaScript,CSS,,Python,,,SQL,,C++,,,,,
,,,,Python,,,,,,C,,,,
,JavaScript,CSS,,,,,SQL,C#,,,,HTML5,,
,JavaScript,CSS,,,,,SQL,C#,C++,C,,HTML5,,
Java,JavaScript,CSS,PHP,,,,SQL,C#,C++,C,,HTML5,,
,,,,,,Ruby,,C#,,,,,,
,JavaScript,CSS,PHP,Python,Objective-C,Ruby,SQL,C#,,,,HTML5,,
,JavaScript,CSS,,,,,SQL,C#,,,,HTML5,,
,,,,,,,,,,,,,,
,,CSS,,,,Ruby,SQL,C#,,,,,,
Java,JavaScript,CSS,,,,,SQL,,,,,HTML5,,
,JavaScript,CSS,PHP,,Objective-C,Ruby,SQL,,,,,HTML5,,
,,,,,,,,C#,,,,,,
,JavaScript,CSS,,,,,SQL,C#,,,,HTML5,,VB.NET
,,,,,,,,,,,,,,
,JavaScript,CSS,PHP,,Objective-C,Ruby,SQL,,,C,,HTML5,,
,JavaScript,CSS,PHP,,,Ruby,,,,,,HTML5,,
Java,JavaScript,CSS,PHP,Python,,,SQL,C#,C++,,,,,
Java,,,,,,,,,,,,,,
,JavaScript,CSS,PHP,,,,SQL,C#,C++,,,HTML5,,
,JavaScript,CSS,,,,,SQL,C#,,,,HTML5,,
,,,,,,,SQL,C#,,,,,,
Java,JavaScript,CSS,,,,,SQL,,,,,,,
,,,PHP,,,,,,C++,C,,,,
,JavaScript,CSS,,Python,,,SQL,C#,C++,C,,,,
,,,PHP,,,,SQL,,,,,,,
,,,,,,,SQL,C#,,C,,,,
,JavaScript,CSS,,,,,,,,,,HTML5,,
,JavaScript,CSS,,,,,SQL,C#,C++,C,,HTML5,,
Java,JavaScript,CSS,PHP,Python,Objective-C,,SQL,C#,C++,C,Perl,HTML5,,
,,,,,,,,,,,,,,
Java,JavaScript,,PHP,,,,SQL,C#,C++,C,,,,
Java,,,PHP,,,,SQL,C#,C++,C,,,,
,,,,,,,SQL,C#,,,,,,
,JavaScript,CSS,PHP,,,,SQL,,,,,,,
,,,,,,,,,,,,,,
,JavaScript,CSS,PHP,,,,,,,,,HTML5,,
,JavaScript,CSS,PHP,,,,,C#,,,,,,xhtml
Java,JavaScript,CSS,,,Objective-C,,SQL,C#,,,,,,
,,,,,,,,C#,,,,,,
Java,JavaScript,CSS,,,,,SQL,C#,,,,HTML5,,
Java,JavaScript,CSS,,,,,SQL,C#,C++,C,,,,
Java,JavaScript,CSS,PHP,,,,SQL,C#,,,,HTML5,,HLSL
,,,,,,,SQL,C#,C++,,,,,
,,,,,,,SQL,C#,,,,,,
,JavaScript,CSS,,,,,SQL,C#,,,,HTML5,,
,,CSS,,,,Ruby,,C#,C++,C,,,,
,,,,,,,,C#,,,,,,
,,,PHP,,,,SQL,C#,,,,,,
,,,PHP,,Objective-C,,SQL,C#,C++,C,,,,
Java,,,,,,,,,C++,C,,,,Haskell
,,,,,,,,,,C,,,,
,,,,,,,,,,,,,,TeX/LaTeX
,,,,,,,SQL,C#,C++,C,,,,
,JavaScript,CSS,PHP,,,,SQL,C#,,,,,,
Java,JavaScript,CSS,PHP,Python,,Ruby,SQL,,C++,C,Perl,HTML5,,"Common Lisp, Groovy, Lua, Squirrel, ChaiScript, Erlang, Ada"
,JavaScript,,,,,,SQL,,C++,C,Perl,,,
Java,JavaScript,CSS,,,,,SQL,,,,Perl,,,
Java,JavaScript,CSS,PHP,,,,SQL,C#,,,,HTML5,,Groovy
,,,PHP,Python,Objective-C,,,,C++,C,,,,
,,CSS,,,,,SQL,C#,,,,,,
Java,JavaScript,CSS,PHP,,,,SQL,C#,C++,,,HTML5,,
,,,,,,,,,,,,,,
,,,,Python,,,,C#,,,Perl,,,
,,,,,,,SQL,,,,,,,
Java,,,,,,,,,,,,,,Flex
,,,,,,,,,C++,C,,,,
Java,,,,,,,,C#,,,,HTML5,,
,JavaScript,,,,,,SQL,C#,,,,HTML5,,
Java,,,,Python,,,SQL,C#,,,,,,
,JavaScript,,,,,,SQL,,C++,,,,,
,,,,,,,,,,,,HTML5,,
,,,,,,,,,,,,,,non
,JavaScript,CSS,PHP,,,,,,,,,HTML5,,
,JavaScript,CSS,,,,,SQL,,,C,,HTML5,,haskell
,JavaScript,CSS,PHP,Python,,,SQL,C#,C++,,,,,
Java,JavaScript,CSS,PHP,,,,SQL,C#,,,Perl,HTML5,,
,JavaScript,CSS,,,,,SQL,C#,,,,HTML5,,
Java,,,,,,Ruby,SQL,,,,Perl,,,
Java,JavaScript,CSS,,,,,SQL,C#,,,,,,
Java,JavaScript,CSS,,Python,,Ruby,SQL,,,,,,,
,JavaScript,CSS,PHP,,,,SQL,,,,,HTML5,,
,JavaScript,CSS,PHP,,,,SQL,C#,,,,,,
Java,,,,,,,,,,,,,,
,JavaScript,,,,Objective-C,,SQL,C#,,,,,,
,,,PHP,,,,,,C++,C,,HTML5,,Assembler
Java,JavaScript,CSS,PHP,,,,SQL,C#,C++,C,Perl,HTML5,,
,JavaScript,CSS,,,,,SQL,C#,,,,,,VB.Net
Java,JavaScript,CSS,PHP,Python,,,SQL,,C++,C,,HTML5,,
Java,,,,,,,,,C++,C,,,,
Java,,,,,,,SQL,C#,,,,,,
,JavaScript,CSS,,,,,,,,,Perl,HTML5,,
Java,JavaScript,CSS,,,,,SQL,C#,C++,C,Perl,HTML5,,
Java,JavaScript,,,,,,SQL,,,,,,,
,,,,,,,,,,,,,,
,JavaScript,CSS,PHP,,Objective-C,,,,C++,C,,,,
,JavaScript,CSS,,Python,,,SQL,,,,,HTML5,,
Java,,,,,,,SQL,,,C,Perl,,,
,,,,,,,SQL,C#,,,,,,
,JavaScript,,,,,,,,C++,,Perl,,,
,JavaScript,CSS,PHP,,,,SQL,C#,,,,HTML5,,
,JavaScript,CSS,,,,,SQL,C#,,,,,,"VB, VBScript, HTML"
,,,,,,,,,,,,,,
Java,JavaScript,,,,,,,,,,,,,
Java,,,PHP,,,,SQL,C#,,,,,,
Java,,,,,,,,,,C,,,,
,JavaScript,,,Python,,,SQL,C#,C++,,Perl,,,
Java,JavaScript,,PHP,,Objective-C,,,,C++,,,,,
,JavaScript,CSS,,,,,SQL,C#,,,,HTML5,,
Java,JavaScript,CSS,,,,,SQL,C#,,,,HTML5,,
Java,,,,,,,SQL,,,C,,,,
Java,JavaScript,CSS,,,,,SQL,,,,,HTML5,,
,,CSS,,,,,SQL,C#,,,,HTML5,,
Java,JavaScript,CSS,PHP,,Objective-C,,SQL,,,,,HTML5,,
,,,,,,,SQL,C#,C++,C,,,,
Java,JavaScript,CSS,PHP,,,,SQL,,,,,HTML5,,
Java,JavaScript,CSS,,,Objective-C,,,,,,,HTML5,,
Java,JavaScript,CSS,PHP,Python,,Ruby,SQL,,C++,C,,HTML5,,
Java,,CSS,,,,,,,C++,,,,,
Java,,,,,,,SQL,,C++,C,,,,scala
,JavaScript,CSS,,,,,SQL,C#,,,,HTML5,,
Java,JavaScript,CSS,PHP,,,,SQL,,,,,,,
Java,JavaScript,CSS,,,,,SQL,,,,,,,
,,,,,,,SQL,,,,,,,
,JavaScript,CSS,,,,,SQL,C#,,,,HTML5,,
Java,JavaScript,,,,,,,C#,,,,,,
,,CSS,,,,,SQL,C#,,,,,,
,,,,,,,,C#,,,,,,VB6
Java,,,,,,,SQL,,,,,,,
Java,JavaScript,CSS,,,,,SQL,,,,,HTML5,,
,,,,,,,,,C++,C,,,,Delphi
,JavaScript,CSS,,,,,SQL,C#,,,,HTML5,,Visual FoxPro
,,,,,,,,C#,,,,,,
,,,,,,,,,,,,,,
,,,,,,,,C#,C++,,,,,
Java,JavaScript,,,,,,,C#,C++,,Perl,,,Visual Basic
,,,,,,,,,,,,,,
,,,,,,,,C#,,,,,,
,,,,,,,,C#,,,,,,
,,CSS,PHP,,,,SQL,C#,,,,HTML5,,
Java,,,,,,,SQL,,,,,,,
,JavaScript,,,,,,SQL,,,,,HTML5,,Coldfusion
,,,,,,,,,,,,,,
Java,JavaScript,CSS,PHP,,,,SQL,,C++,,Perl,,,
,,,PHP,,,,SQL,,,,Perl,,,
Java,JavaScript,CSS,PHP,,,,SQL,,C++,,,,,
Java,JavaScript,,,Python,,,SQL,,C++,C,,,,
,JavaScript,CSS,,,,,SQL,C#,,,,,,
,JavaScript,CSS,,,,,SQL,,,,,HTML5,,Cold Fusion
Java,,,,,Objective-C,,SQL,C#,C++,C,,,,
Java,JavaScript,,,,,Ruby,SQL,,,,,,,
,JavaScript,CSS,,,,,SQL,C#,,,,HTML5,,
,JavaScript,CSS,,,,,SQL,C#,,,,HTML5,,
Java,JavaScript,,,,,,SQL,,,,,,,
Java,JavaScript,CSS,PHP,Python,,,SQL,C#,C++,C,,HTML5,,
,JavaScript,CSS,PHP,,,,SQL,C#,,,,HTML5,,
,JavaScript,CSS,PHP,,,,,,,,,,,
,JavaScript,CSS,PHP,Python,,,SQL,C#,,,,HTML5,,VB.NET
Java,JavaScript,CSS,PHP,,,Ruby,SQL,,C++,C,Perl,,,LISP
Java,JavaScript,CSS,,,,,,,,,,HTML5,,
,,,,,,,,,,,,,,
,,CSS,,,,,SQL,,,,,HTML5,,Delphi
Java,JavaScript,CSS,PHP,,,,SQL,,,,,HTML5,,
,JavaScript,CSS,PHP,Python,,,,,C++,C,,HTML5,,
,,,,,,,SQL,C#,,,,,,
,,,,,,,,,,,,,,
,JavaScript,CSS,,,,,SQL,C#,,,,,,vb.net
,,,,,,,,C#,,,,,,
Java,,CSS,PHP,,,,SQL,,,,,,,
,,,PHP,Python,,Ruby,SQL,,,C,Perl,,,
Java,,,,Python,,,,C#,C++,C,,,,
,,,,,,,SQL,C#,,,,,,VB6
,,,PHP,,,,SQL,,,,,HTML5,,
,,,PHP,,,,,C#,C++,C,,,,
,,,,Python,,,,,C++,,,,,
,,,,,,,,C#,C++,,,,,LabVIEW
,,,,,,,SQL,C#,,,,,,
Java,,CSS,PHP,Python,,,,,,,,,,
Java,JavaScript,CSS,PHP,,,,SQL,C#,,,,,,
Java,,,,Python,Objective-C,Ruby,SQL,,,C,,,,
Java,JavaScript,CSS,PHP,,,,SQL,,,,,,,
,,,,,,,SQL,C#,,,,,,
Java,JavaScript,CSS,PHP,,,Ruby,SQL,C#,C++,C,Perl,HTML5,,
Java,,,PHP,,,,,,,,,,,
,,,,,,,,C#,,,,,,
Java,JavaScript,CSS,PHP,Python,,,SQL,,C++,C,Perl,HTML5,,Haskell
,JavaScript,CSS,PHP,Python,,,SQL,,,C,,HTML5,,
Java,JavaScript,CSS,PHP,Python,Objective-C,,SQL,C#,C++,C,,,,
,,CSS,PHP,,,,,,,,,,,
,JavaScript,CSS,PHP,,,,SQL,C#,,,Perl,,,
,,,,,,,,C#,,,,,,
,,,,Python,,Ruby,,,,,,,,
Java,,,,,,,,,C++,,,,,scala
,,,PHP,,Objective-C,,SQL,,C++,C,,,,
,JavaScript,CSS,PHP,,,,SQL,C#,C++,,,HTML5,,
Java,JavaScript,CSS,,,Objective-C,,SQL,C#,C++,C,,HTML5,,
Java,,,,,,,,,,,,,,
Java,JavaScript,CSS,,Python,,,SQL,C#,,,,HTML5,,
,,,,,,,,,,,,,,Apl
,,,,Python,,,SQL,C#,,,,,,
,JavaScript,,PHP,Python,,,,,C++,C,,,,
Java,,,,Python,,,,,C++,C,,,,SAS
Java,JavaScript,CSS,PHP,Python,,,SQL,C#,,,,HTML5,,
,,,,,,Ruby,,,,C,,,,
,,,,,,,SQL,C#,,,,,,
,JavaScript,CSS,,,,,SQL,C#,,,,HTML5,,
Java,JavaScript,CSS,PHP,,,,SQL,,C++,C,,HTML5,,
,JavaScript,CSS,PHP,,,,SQL,C#,,,,HTML5,,coldfusion
Java,JavaScript,CSS,PHP,,,,SQL,C#,,,,HTML5,,
Java,,,,,,,,,,,,,,
,JavaScript,CSS,PHP,,,Ruby,SQL,,,,,HTML5,,
,,,,,,,,,,,,,,
,JavaScript,CSS,PHP,,,,SQL,,,,,HTML5,,
,,,,,,,,,,,,,,
,JavaScript,CSS,PHP,,Objective-C,,SQL,C#,C++,C,,HTML5,,
,JavaScript,,,,,,SQL,C#,,C,,,,
,JavaScript,CSS,,,,,SQL,C#,,,,HTML5,,
,,,,,,,,,,,,,,
Java,JavaScript,,,,,,SQL,C#,,,,,,
Java,JavaScript,,PHP,,,,,,,,,HTML5,,
,JavaScript,CSS,PHP,Python,,,SQL,,C++,,Perl,,,
,JavaScript,,,,,,SQL,C#,,,,,,
,,,,,,,,,,,,,,
Java,JavaScript,CSS,,Python,Objective-C,Ruby,SQL,C#,C++,C,,,,
,,,,,,,SQL,C#,,,,,,
,,,,,Objective-C,Ruby,SQL,C#,,,,HTML5,,
,,,PHP,,,,,,,,Perl,,,
,,,,,Objective-C,,,,,C,,,,
,JavaScript,CSS,PHP,,,,,C#,C++,,,,,
Java,JavaScript,CSS,,,,,SQL,C#,,,,,,
,JavaScript,CSS,PHP,,,,,,,,,HTML5,,
Java,JavaScript,CSS,,,,,,C#,,,,HTML5,,
,,,,,,,,,,,,,,
Java,JavaScript,CSS,PHP,,,,SQL,C#,,,,HTML5,,
,,,,,,,SQL,,C++,C,,,,Delphi
,JavaScript,CSS,PHP,,,,SQL,C#,C++,,,,,
,JavaScript,,,,,,SQL,C#,,,,HTML5,,
Java,JavaScript,CSS,,,,,SQL,C#,,,,HTML5,,
Java,JavaScript,CSS,PHP,,,,SQL,,C++,,,,,
,,,,,,,,,C++,C,,,,Bash
,JavaScript,CSS,PHP,,,,SQL,,,,,HTML5,,NodeJS
Java,JavaScript,CSS,PHP,Python,,,SQL,,,,,HTML5,,
,,,,,,,,,,,,,,
,JavaScript,CSS,,,,,SQL,C#,,,,,,
,JavaScript,CSS,,,,,SQL,C#,,,,,,
,,,,Python,,,,,,C,,,,
Java,,CSS,,,Objective-C,,,C#,,,,,,
Java,JavaScript,CSS,PHP,Python,,,SQL,C#,C++,C,,HTML5,,
Java,JavaScript,CSS,PHP,,,,SQL,C#,,,,HTML5,,
,,,,,,,,,,,,,,
,,,,,,,,C#,C++,C,,,,
,JavaScript,CSS,PHP,Python,,,SQL,,C++,C,,HTML5,,
,,,,,,,,,,,,,,
,,,,,,,,,,,,,,
,JavaScript,CSS,,,,,,C#,,,,HTML5,,
,,,,,,,,,,,,,,
Java,JavaScript,,,,,,SQL,,,,,,,
,,,,,,,,,,,,,,
,,,,,,,,C#,C++,,,,,
,,CSS,PHP,,,,SQL,C#,C++,,,,,
Java,,,,,,,,,,,,,,
Java,JavaScript,CSS,PHP,Python,,Ruby,SQL,,C++,,,HTML5,,
,,,,,,,,,,,,,,
,JavaScript,,,Python,,,,,,,,,,
,JavaScript,CSS,PHP,,,,SQL,,,,,,,VBA
Java,JavaScript,CSS,PHP,Python,,,SQL,,C++,C,,HTML5,,
Java,,,,,,,,,C++,C,,,,emacs-lisp
,,CSS,,,,,SQL,C#,C++,,,HTML5,,
,JavaScript,CSS,,,,,SQL,C#,,,,,,
Java,JavaScript,CSS,,,Objective-C,,SQL,C#,,,,,,
,,,,,,,,,,,,,,
,,,,,,,,C#,,,,,,
Java,JavaScript,,,,,,SQL,,C++,,,,,
,JavaScript,,,,,,,C#,,,,,,
Java,,,,,,,SQL,C#,,,,,,
Java,,,,,,,,,,,,,,
Java,,,,,,,,,,,,,,
,,,,,,,SQL,C#,,,,,,
,,CSS,,Python,,,SQL,,C++,C,,,,
,,,,,Objective-C,,,C#,C++,C,,,,
Java,,,PHP,,,,,,C++,C,,,,
,,,,,,,SQL,C#,,,,,,
Java,JavaScript,CSS,PHP,Python,Objective-C,,SQL,C#,C++,C,Perl,,,
Java,JavaScript,,,,,,,,,,,,,
Java,JavaScript,CSS,,,,,SQL,,,,,HTML5,,
Java,,,,,,,,C#,,,,,,
Java,JavaScript,,,,,,SQL,,C++,,,,,ActionScript 3
,JavaScript,CSS,PHP,Python,Objective-C,,SQL,,,,,HTML5,,
,,,,,,,,,,,,,,
,,,PHP,,,,,,C++,,,,,
,JavaScript,,,,,,SQL,C#,C++,C,,,,"VB6, VBA, Delphi"
,,,,,Objective-C,,,,,,,,,
,,,,,,,,,C++,C,,,,
Java,,,,Python,,,,,C++,C,Perl,,,
Java,JavaScript,CSS,,,,,SQL,C#,,,,,,
,JavaScript,CSS,PHP,,,,SQL,C#,,,,HTML5,,
,,,,,,,,,,,,,,
,,,,,,,,,,,,,,
Java,JavaScript,,PHP,,,,SQL,C#,,,,,,
,,,,,,,,,,,,,,
Java,JavaScript,CSS,,,Objective-C,,SQL,C#,,,,HTML5,,
,,,,,,,,,,,,,,excel vba
,,,,Python,,,SQL,,,,,,,
Java,,,,,,,,C#,,,,,,
,JavaScript,CSS,,,,,SQL,C#,,,,,,silverlight
,,,,,Objective-C,,,,,C,Perl,,,
,,,,,,,SQL,C#,,,,HTML5,,
Java,JavaScript,CSS,PHP,,,,SQL,,,,,HTML5,,
,JavaScript,CSS,PHP,,,,SQL,,,,,HTML5,,
,,,,,,,,,,,,,,
Java,JavaScript,CSS,PHP,,,,SQL,,C++,,,HTML5,,PL/1
Java,,,,Python,,,,,,,,,,
,,,,,,,,,,,,,,
,JavaScript,CSS,,,,,,,,,,HTML5,,jquery
Java,,,,Python,,,,,C++,C,,,,
,,,PHP,,,,SQL,C#,C++,C,Perl,,,Powershell
,,,,,,,SQL,C#,,,,,,XAML
,JavaScript,CSS,,,,Ruby,SQL,C#,,,,HTML5,,
,JavaScript,,,,Objective-C,,,,,,,,,
,JavaScript,CSS,,Python,,,,,,,Perl,HTML5,,Django
,,,,,,,,,,,,,,
,JavaScript,,,,,,,C#,,,,,,
Java,,,,Python,,,,C#,,,,,,
Java,JavaScript,CSS,,,,,SQL,,,,,,,
,JavaScript,CSS,PHP,,,,,,,,,HTML5,,
,,CSS,,,,,SQL,C#,,,,,,
Java,JavaScript,CSS,PHP,,,,,,,,,HTML5,,
,JavaScript,CSS,,,,,SQL,C#,,,,HTML5,,
,,,,,,,SQL,C#,,,,,,
Java,,,,,,,,,C++,,,,,
,,,,,,,,,,,,,,VBA
Java,JavaScript,CSS,PHP,Python,,,SQL,,,,,,,
,JavaScript,CSS,PHP,,,,SQL,,,,,HTML5,,
,JavaScript,CSS,,,,,,,,,,HTML5,,
,,,,,,,SQL,C#,,,Perl,,,
Java,,,PHP,,,,SQL,,,C,,,,
Java,,,,,,,,,,,,,,
Java,,,,,Objective-C,,,,,C,,,,
,JavaScript,CSS,,,,,,C#,,,,,,
,,,,,,,,,C++,C,,,,
,JavaScript,CSS,PHP,,,,SQL,,,C,,HTML5,,
Java,,,,Python,,,SQL,,C++,C,,,,
Java,,,,,,,,,C++,C,,,,
Java,JavaScript,CSS,,,,,,,,,,HTML5,,Groovy
Java,,,,,,,,,,C,,HTML5,,
Java,,CSS,,Python,,,,C#,C++,,,,,
,,,,,,,SQL,C#,,,,,,
,,,,,,,,,,,,,,
,JavaScript,,,,,,SQL,C#,,,,,,"VB.NET, VB6, VBA"
,JavaScript,CSS,,,Objective-C,,SQL,C#,,,,,,
Java,JavaScript,CSS,PHP,,,,SQL,,,,,HTML5,,
,JavaScript,CSS,,,,,SQL,C#,,,,,,
,,,,Python,,,SQL,,,,,,,
Java,,,,,,,,,C++,C,,,,
,,,,,,,,C#,,,,,,
Java,,,PHP,,,,SQL,,,,,,,VBA for MS Office!
,JavaScript,CSS,,,,,,C#,,,,HTML5,,
,,,PHP,,,,SQL,,C++,C,Perl,,,
Java,JavaScript,CSS,PHP,,,,SQL,,,C,,,,
,,,,Python,,,SQL,,,,,,,
Java,,,PHP,,Objective-C,,SQL,,C++,C,Perl,,,
,JavaScript,,,,,,SQL,C#,,,,,,
,JavaScript,CSS,,,,,SQL,C#,,,,HTML5,,
,,,PHP,,,,SQL,,,,,,,Delphi
,,,,,,,,,,,,,,
Java,JavaScript,CSS,,,,,SQL,,,,,HTML5,,
Java,,,,,,,,,,,,,,Scala
,JavaScript,CSS,PHP,,,,SQL,,,,,HTML5,,
,,,,,,,SQL,C#,C++,C,,,,Visual Basic
,,CSS,PHP,,,,,,C++,,,,,
Java,,,,,,,,C#,,,,,,VB .NET
Java,JavaScript,,,,,,SQL,,,,,,,
,JavaScript,CSS,,,,,SQL,C#,,,,HTML5,,"Visual Studio .Net MVC 3, Visual Basic 6"
,JavaScript,,PHP,,,,SQL,C#,C++,C,,HTML5,,
,JavaScript,CSS,PHP,Python,,,,,,,Perl,,,
,JavaScript,CSS,PHP,,,,SQL,,,,,,,"ActionScript 2/3, XHTML"
,JavaScript,CSS,,,,,SQL,C#,,,,,,
Java,,,PHP,,,,SQL,C#,C++,,,,,
,JavaScript,CSS,,Python,,,SQL,C#,,,,HTML5,,
,JavaScript,,,Python,Objective-C,,,,C++,,,,,
,JavaScript,CSS,PHP,,,,,,,,,HTML5,,
,,,,,,Ruby,,,,,,,,
Java,JavaScript,,,,Objective-C,,SQL,,C++,C,Perl,HTML5,,
,JavaScript,CSS,,,,Ruby,SQL,C#,,,,HTML5,,
,,CSS,PHP,,,,SQL,C#,,,,HTML5,,
,JavaScript,CSS,PHP,,,,SQL,,,,Perl,,,
Java,,,,Python,,,SQL,,C++,,,,,
,JavaScript,,,Python,,,,,,,,HTML5,,
Java,JavaScript,CSS,,,,,,,,,,,,clojure
Java,,CSS,,,,Ruby,SQL,C#,,,,HTML5,,
,JavaScript,,,,,,SQL,C#,,,,,,haskell
,,,,,Objective-C,,,,,,,,,
Java,JavaScript,,,,Objective-C,,SQL,,,,,HTML5,,
,JavaScript,CSS,PHP,,,,,,,C,,,,
Java,,,,,,,SQL,C#,,,,,,
,,,,,,,,C#,,,,,,
Java,,,,,,,,,,,,,,
,JavaScript,,,,,,SQL,C#,,,,HTML5,,
Java,JavaScript,CSS,PHP,,,,SQL,C#,C++,C,,HTML5,,"XTEND, ATL"
,,,,Python,,,,,,,,,,verilog
,,,PHP,,,,SQL,,,,,,,
Java,JavaScript,CSS,,,,,,,,,,,,Groovy
,JavaScript,CSS,,,,,,C#,,,,HTML5,,
Java,,,,,Objective-C,,,C#,,,,,,
,,,,,,,,,,,,,,
,JavaScript,CSS,,,,,SQL,C#,,,,HTML5,,
Java,,,,,,,SQL,C#,,,,,,
,JavaScript,CSS,PHP,,Objective-C,,SQL,C#,,,,HTML5,,
Java,,,,,,,SQL,C#,C++,,,,,
,JavaScript,CSS,,,,,SQL,C#,,,,HTML5,,
,JavaScript,CSS,,Python,,,,,,,,HTML5,,
,JavaScript,CSS,,,Objective-C,,,,,,Perl,HTML5,,
,JavaScript,CSS,,,,,SQL,C#,,,,HTML5,,
Java,JavaScript,CSS,PHP,,,,SQL,,,,,HTML5,,
Java,,,,,,,SQL,C#,,,,,,
Java,,,PHP,,,,,,,C,,,,
,,,,,,,,C#,,,,,,
,JavaScript,CSS,PHP,,,,SQL,C#,,,,HTML5,,
,,,,,,,,C#,,,,,,
Java,JavaScript,CSS,PHP,,Objective-C,Ruby,SQL,,,,,HTML5,,Coffeescript
Java,,,,,,,SQL,,,,,,,PL/SQL
,JavaScript,CSS,,,,,SQL,C#,,,,HTML5,,
,JavaScript,CSS,,,,,SQL,C#,,,,,,
,,,,,,,,,,C,,,,
Java,,,,,,,,,C++,,,,,
,,,,Python,,,,,,,,,,
Java,JavaScript,CSS,PHP,Python,,,SQL,,,,,HTML5,,
,,CSS,,,,,,,,C,,,,XSL
,,,,,,,,,C++,,,,,
,,,,,,,,C#,,,,,,
,JavaScript,,,,,,SQL,C#,,,,,,VB6
Java,,,,,Objective-C,,,,,C,,,,
Java,,,,,,,,,,,,HTML5,,
,,,,,Objective-C,,,,,,,,,
,JavaScript,CSS,,,,,SQL,C#,,,,,,
,,,,Python,,,,,C++,,,,,
,,CSS,,,,,SQL,C#,,,,HTML5,,
,,,,,,,,,,,,,,
Java,JavaScript,CSS,PHP,Python,,,SQL,C#,,,,HTML5,,
,,,,,,,,,,,,,,
Java,JavaScript,CSS,PHP,,,,SQL,,,,,HTML5,,
,,,,,,,SQL,C#,,,,,,VBA
Java,,,,,,,,,,,,,,
,,,,Python,,,,C#,C++,C,,,,
Java,JavaScript,CSS,PHP,,,Ruby,SQL,,,,,HTML5,,
,,,,Python,,,,,,,,,,asp
,,CSS,,,,,SQL,C#,,,,HTML5,,
Java,JavaScript,CSS,PHP,,,,,,C++,,,,,
Java,JavaScript,CSS,,,,,SQL,C#,,,,,,
Java,,CSS,PHP,,,,SQL,,,,Perl,,,
,,,,,,,SQL,C#,,,,,,
,,,,,Objective-C,,,,,C,,,,
Java,JavaScript,CSS,PHP,,,,SQL,C#,,,,HTML5,,
,JavaScript,,,,,Ruby,,,,,,,,Scala
,,,,,,,,,,,,,,Delphi
,JavaScript,CSS,,,,,SQL,C#,,,,HTML5,,
,,,,,,,,,,C,,,,
Java,JavaScript,CSS,PHP,,,,SQL,C#,,,,HTML5,,
,,,,,,,SQL,C#,,,,,,
,JavaScript,CSS,,,,Ruby,SQL,C#,,,,HTML5,,
,,,,,,,SQL,,,,,,,VB.NET XAML
,,,,,,,,,,,,,,
Java,JavaScript,,,Python,,,SQL,C#,C++,C,Perl,HTML5,,
,JavaScript,,,,,,,C#,C++,C,,,,
Java,,,,,,,SQL,,,,,,,
Java,JavaScript,CSS,,,,,SQL,C#,C++,,,,,
,JavaScript,CSS,,,,,SQL,C#,,,,,,Jquery
Java,JavaScript,CSS,,,,,SQL,C#,,,,HTML5,,
,JavaScript,,,,,,SQL,C#,,,,,,
,JavaScript,,PHP,,,Ruby,,,,,,HTML5,,
,,,PHP,,,,SQL,C#,C++,C,,,,"FORTRAN, VB"
,JavaScript,CSS,PHP,Python,,,SQL,,,C,,HTML5,,
,JavaScript,CSS,PHP,,,,,,,,,HTML5,,
,JavaScript,CSS,PHP,,,Ruby,SQL,C#,,C,,,,
,JavaScript,CSS,,,,,SQL,C#,,,,HTML5,,
Java,JavaScript,CSS,PHP,Python,,,,,,C,Perl,,,haskell
Java,JavaScript,CSS,,,,,SQL,,C++,C,,HTML5,,
,JavaScript,,,,,,SQL,C#,,,,HTML5,,
,JavaScript,,PHP,,,Ruby,,,,,,HTML5,,
,JavaScript,CSS,PHP,Python,,,,,,C,,,,
,,,,,,,SQL,C#,,,,,,
,,,,,Objective-C,,,,C++,C,,,,
Java,,,,Python,,,,,,,,,,
,,,,,Objective-C,,,,C++,C,,,,Pascal
Java,,,,,,,,,,,,,,
,,,,,,,,,,,,,,bash
,JavaScript,CSS,,Python,,,,,,C,,HTML5,,
,JavaScript,CSS,,Python,,,,,,,,HTML5,,"erlang, prolog, fortran"
,JavaScript,CSS,,,,,SQL,C#,C++,,,,,
Java,JavaScript,CSS,,,,,SQL,,,,,,,XSL
Java,JavaScript,,,,,,,,,,,,,
,,CSS,PHP,,,,,C#,,,,HTML5,,
,JavaScript,CSS,PHP,,,,,,,,,,,
,,,,,Objective-C,,,,C++,C,,,,
,,CSS,PHP,,,,SQL,,,,,HTML5,,
,,,,,Objective-C,,,C#,,,,,,
,,,,,,,,C#,,C,,,,
Java,JavaScript,,,Python,,,SQL,C#,C++,C,,HTML5,,
,JavaScript,CSS,,Python,,,SQL,,,,Perl,,,
Java,,,PHP,Python,,Ruby,SQL,,C++,C,,,,
,,,,,Objective-C,,,C#,C++,C,,,,
Java,JavaScript,,,Python,,,,,,,,,,"C#, C derivatives (C, C++, Objective C)"
,JavaScript,CSS,,,,,SQL,C#,,,,,,"VB, VB.NET"
Java,,,,,,,,C#,C++,,,,,
Java,,,,,,,,,,,,,,
,JavaScript,,,,,,,C#,,,,,,
,,,,Python,,,,C#,C++,C,,,,
,,,,,,,,C#,,C,,,,
,,,,,,,,C#,,,,,,CUDA
,,,,,,,,,,,,,,
Java,JavaScript,,,,,,SQL,,,,,,,
Java,,,,,,,,C#,C++,C,,,,
Java,,,,,Objective-C,,SQL,C#,C++,,,,,
,JavaScript,CSS,,,,,SQL,C#,,,,,,
,JavaScript,CSS,,,,,SQL,C#,,,,HTML5,,
,JavaScript,CSS,,,,,SQL,C#,,,,HTML5,,vb.net
,,,PHP,Python,,,,,,,,,,
,,,,,,,SQL,C#,,,,,,
,,,,Python,,,,,,,,,,
Java,JavaScript,CSS,PHP,,,,SQL,C#,C++,,,HTML5,,
,JavaScript,CSS,PHP,,,,SQL,C#,,,,,,
,JavaScript,CSS,,,,,SQL,C#,,,,,,
,,,,,,,,,,,,,,
,JavaScript,CSS,,,,,SQL,,,,,HTML5,,Coldfusion
,JavaScript,CSS,PHP,,,,SQL,,,,,HTML5,,actionscript
,JavaScript,CSS,,,,,SQL,C#,,,,HTML5,,
,JavaScript,,,,,,SQL,C#,,,,,,
Java,JavaScript,CSS,PHP,Python,,,SQL,,,,,,,
,JavaScript,CSS,PHP,,Objective-C,,SQL,,,,,HTML5,,ActionScript
Java,JavaScript,CSS,,,,,SQL,,,,,,,
Java,,,,,,,,C#,,,,,,
Java,JavaScript,CSS,PHP,,,,SQL,,,C,,,,
Java,,,,,,,,,C++,C,,,,
Java,,,,,,,SQL,C#,,,,,,Object Pascal (Delphi)
Java,JavaScript,CSS,,Python,,Ruby,,,C++,C,,HTML5,,
,JavaScript,,,,,,,,C++,,,HTML5,,mxml
Java,JavaScript,CSS,,,,,SQL,C#,,,,,,
Java,,,PHP,Python,,,,,C++,C,Perl,,,
Java,JavaScript,CSS,,Python,,,SQL,C#,,C,,HTML5,,
Java,,,,,,,,,,,,,,
Java,JavaScript,CSS,,,,,SQL,C#,,,,HTML5,,
Java,JavaScript,CSS,,,,,SQL,,,,,HTML5,,Scala
,,,,,,,,,,,,,,
,JavaScript,CSS,PHP,,,,,,,,,,,
,,,,,,,,C#,,,,,,
Java,JavaScript,CSS,,,,,SQL,,,,,,,
,JavaScript,CSS,PHP,,,Ruby,SQL,,,C,,HTML5,,"OCaml, SML, Scheme, Bash"
,JavaScript,CSS,,,,,SQL,C#,,,,HTML5,,
Java,,,,,,,SQL,,C++,,,,,
,,,,,,,SQL,,,,,,,"VBA, baby!"
Java,JavaScript,,PHP,Python,,,SQL,,C++,C,Perl,,,
,,,,Python,,,,,C++,C,,,,Lua
,JavaScript,,,,,,SQL,,,,Perl,,,
,JavaScript,CSS,,,Objective-C,Ruby,,,,,,HTML5,,
,JavaScript,CSS,,,,,SQL,C#,,,,,,
,JavaScript,CSS,,,,,,,,,,HTML5,,
,JavaScript,CSS,PHP,,,,SQL,,,,,,,
Java,JavaScript,CSS,PHP,Python,,Ruby,SQL,,C++,,Perl,HTML5,,Tcl
,,CSS,PHP,,,,SQL,C#,,,,HTML5,,
,JavaScript,CSS,,,,,SQL,C#,,,,HTML5,,
,,,,,,,,,,,,,,
,JavaScript,CSS,PHP,Python,,Ruby,SQL,,,C,,,,
,,CSS,PHP,,,,SQL,,,,,,,
,,,,,,,,,,,,,,
Java,,,,,,,SQL,,C++,C,Perl,,,
Java,JavaScript,CSS,PHP,Python,,,SQL,C#,C++,C,,,,
,,,,Python,,,,,,,,,,
,JavaScript,CSS,PHP,,,,SQL,C#,,,,,,Visual basic
,,,,,,,,,,,,,,
,,,PHP,,,,,,,,,,,
,JavaScript,CSS,,,,,SQL,C#,,,,,,F#
,,,,,,,SQL,C#,,,,,,
,,,,,Objective-C,,,,,,,,,
,,,,,,,,,,,,,,
,JavaScript,,PHP,,,,SQL,,,,,,,
Java,JavaScript,CSS,PHP,,,,SQL,,C++,C,,HTML5,,
Java,JavaScript,CSS,,Python,,Ruby,,C#,,C,,HTML5,,
,,CSS,PHP,,,,SQL,,,,,HTML5,,
,,,,,,,SQL,C#,,,,,,"Flex,ActionScript"
,,,,Python,,,,,,C,,,,
Java,JavaScript,,PHP,,,,,,,,,,,
,,,,,,,,,,,,,,
Java,,,,,,,SQL,C#,,,,,,Visual Dataflex
Java,JavaScript,CSS,PHP,,,,SQL,,,,,HTML5,,
,,,,,,,,,,,,,,
,JavaScript,CSS,,Python,,,SQL,,,,,HTML5,,
,,,,,,,SQL,C#,,,,,,
,,,,,,,,,,,,,,
,,,,,,,,,C++,C,,,,
,JavaScript,CSS,PHP,,,,,,,,,HTML5,,
Java,JavaScript,CSS,PHP,,,,,C#,,,,HTML5,,
Java,,,PHP,,Objective-C,Ruby,SQL,,C++,C,,,,
,JavaScript,CSS,PHP,,,,SQL,,,,,HTML5,,
,,,,,,,,C#,C++,C,,,,
Java,,,PHP,,,,,,,,,,,
,,,,Python,,,,,,C,Perl,,,"Lua, shell"
Java,JavaScript,,PHP,,,,,,,,,,,
,,CSS,,,,,SQL,C#,,,,,,
Java,,,,,,,,C#,,,Perl,,,
,JavaScript,,,,,,,C#,,,,,,
,,,,,,,SQL,C#,,,,,,
Java,JavaScript,CSS,PHP,,,Ruby,SQL,,,,,,,
,,,,,,,,,,,,,,
,,CSS,PHP,,,,,,,,,,,
,,,,,,,,,,,,,,
Java,,,,,,,,,C++,,,,,
,,CSS,,,,,,,,,,,,
,JavaScript,,,,,,SQL,C#,C++,,,,,CListCtrl
Java,,,,,,,,,,,,,,
,,,,,,,,,,,,,,
Java,JavaScript,,PHP,Python,,Ruby,SQL,C#,C++,C,Perl,,,
,,CSS,PHP,,,,SQL,,,,,,,"couchdb,javascript"
,,,,,,,,,C++,,,,,
,JavaScript,,PHP,,,,SQL,,,,,HTML5,,
,,,,,,,,,,,,,,
Java,,,,,Objective-C,Ruby,,,C++,,,,,
,JavaScript,CSS,PHP,,,,SQL,C#,,,,,,
,JavaScript,,,,,Ruby,,,,,,,,
,,,,,,,,,,,,,,
Java,,CSS,PHP,Python,,,SQL,C#,C++,C,,,,
,JavaScript,CSS,PHP,,,,SQL,,,,,HTML5,,
Java,,,,,,,,C#,,,,,,
Java,,,,Python,,,SQL,,C++,C,Perl,,,
Java,,,,,,Ruby,SQL,C#,C++,,,,,
,JavaScript,CSS,PHP,,,,,,,,,HTML5,,
,,,,,,,,,,,,,,
,,,,Python,,,,,,C,Perl,,,
Java,,,,,,,,C#,C++,C,,,,Action script
,,,,,,,,,,,,,,
,JavaScript,,,Python,,,,,,,,HTML5,,
,JavaScript,CSS,,,,,SQL,,C++,,,,,ASP Classic
,,,,,,,,,,,,,,
,,,,,,,,,,,,,,
,,,,,,,,,,,,,,
,JavaScript,CSS,,,,,SQL,C#,,,,HTML5,,
Java,JavaScript,CSS,PHP,,,Ruby,SQL,C#,,,,HTML5,,
,JavaScript,CSS,PHP,,,Ruby,SQL,,,,,HTML5,,
Java,JavaScript,,PHP,Python,,,SQL,,,C,,,,
Java,JavaScript,CSS,PHP,,,,,,C++,,,,,Pascal (Delphi)
,,,,,,,,,,,,,,
Java,JavaScript,,,,,,SQL,,C++,C,Perl,,,
Java,JavaScript,CSS,,,,,,,,,,,,
,,,,Python,,,,,,C,Perl,,,
Java,JavaScript,CSS,,Python,,Ruby,SQL,,,C,,,,
,,,,,,,,,,,,,,
,,,,,,,SQL,C#,,,,HTML5,,
Java,,,PHP,Python,,,SQL,,,C,Perl,,,
,,,,,,,,C#,,,,,,
Java,JavaScript,CSS,PHP,,,,SQL,,,,,,,
,,,,,,,,,,,,,,
,,CSS,PHP,,,,SQL,,C++,C,Perl,HTML5,,assembly
,JavaScript,CSS,PHP,,Objective-C,,SQL,,,,,HTML5,,
,JavaScript,,,,,,,C#,,,,,,
,,,PHP,Python,,,SQL,,C++,C,,,,
Java,,,,,,Ruby,,,C++,,,,,
Java,,,,,,,SQL,,C++,,,,,
,,,,,,,,,,,,,,
,JavaScript,CSS,PHP,Python,Objective-C,,SQL,C#,C++,,,HTML5,,
,JavaScript,,PHP,,,,,,,,,,,
Java,,,,,,,,,,,,,,
Java,,,,,,,SQL,,,,,,,
,,,,,,,,C#,,,,,,
Java,JavaScript,CSS,,,Objective-C,,,C#,C++,,,HTML5,,
,,,PHP,,,,,C#,C++,C,,,,Vb.Net
Java,JavaScript,CSS,,,,,SQL,,C++,,,,,
Java,JavaScript,CSS,,,,,SQL,,C++,C,,HTML5,,
,JavaScript,CSS,PHP,,,,SQL,C#,,C,,HTML5,,
,,,PHP,,,,SQL,,,,Perl,,,
Java,JavaScript,,,,,,,C#,C++,C,,,,
,,,,,,,,C#,,,,,,
,JavaScript,CSS,PHP,,,,SQL,,C++,C,,,,
Java,,,,Python,,,SQL,,,,,,,
,,,,,,,SQL,C#,,,,,,vba
,JavaScript,CSS,PHP,,,,,,,,,,,
,JavaScript,CSS,,Python,,,SQL,,,,,HTML5,,
,JavaScript,CSS,,,Objective-C,,SQL,C#,,,,,,
,,,,,,,,,,C,,,,
Java,,,,,,,,,,,,,,
,,,,,,,,C#,C++,,,,,
,,CSS,,Python,,,,C#,C++,,,,,
,,,,,Objective-C,,,,,,,HTML5,,
Java,,,,,,,SQL,,,,,,,
,,,,,,,,,,,,,,
Java,JavaScript,CSS,PHP,,Objective-C,Ruby,SQL,C#,,,Perl,HTML5,,
Java,JavaScript,CSS,PHP,Python,,,SQL,C#,C++,C,Perl,HTML5,,
Java,JavaScript,CSS,,,,,,,C++,C,,HTML5,,
Java,JavaScript,CSS,,,,,SQL,,,,,HTML5,,groovy
,JavaScript,CSS,PHP,,,,SQL,,,,,,,
,JavaScript,CSS,,,,Ruby,SQL,C#,,,,HTML5,,
,JavaScript,CSS,PHP,,Objective-C,,,,C++,C,,HTML5,,
,,CSS,,Python,,,SQL,C#,C++,C,,,,
,,,PHP,,,Ruby,,,,,,,,
Java,JavaScript,CSS,PHP,,,,SQL,,,,,,,Scala
,JavaScript,CSS,PHP,,,,,,,,,,,
,,,,,,,,,,,,,,
,JavaScript,CSS,,,,,,C#,,,,HTML5,,
Java,JavaScript,CSS,,,,,SQL,C#,,,,,,
,JavaScript,CSS,PHP,,,,SQL,,,,,,,
Java,,,,,,,,,,,,,,
Java,,,,,,,,C#,C++,C,,,,
,JavaScript,CSS,,,,,,C#,,,,,,F#
,,,,,,,SQL,C#,,,,,,
Java,,,,,,,,C#,C++,C,,,,
Java,JavaScript,CSS,PHP,Python,,,SQL,C#,C++,C,,HTML5,,Ada
Java,,,,,Objective-C,,SQL,C#,C++,C,,,,
,JavaScript,CSS,PHP,,,,,,,C,,HTML5,,
Java,JavaScript,CSS,,,Objective-C,,SQL,C#,,,,HTML5,,
,,,PHP,,,,SQL,C#,,,,,,
,JavaScript,CSS,PHP,,,,SQL,,,,,HTML5,,
Java,JavaScript,,,Python,,,SQL,C#,,C,,,,
Java,,,,,,,,C#,C++,C,,,,Nemerle
Java,JavaScript,,,,,,SQL,,,,Perl,,,
,JavaScript,CSS,PHP,,,,SQL,,,,,HTML5,,
,,CSS,PHP,,,,,,,,Perl,,,
,,CSS,PHP,,,,,C#,C++,C,,HTML5,,
Java,,CSS,PHP,,Objective-C,,SQL,C#,C++,C,,HTML5,,
Java,JavaScript,CSS,,,Objective-C,,,C#,,,,HTML5,,
,JavaScript,CSS,,,,,SQL,C#,,,,HTML5,,
,JavaScript,CSS,PHP,Python,,,,,,,,HTML5,,
,JavaScript,,,,,,SQL,C#,,,,,,
,,,,,,,,,,C,,,,
Java,JavaScript,,,,,Ruby,SQL,,,,,HTML5,,
,,,PHP,,,,SQL,C#,C++,,Perl,,,
Java,JavaScript,CSS,PHP,Python,Objective-C,,SQL,C#,C++,C,,,,
,,,,Python,,,,C#,C++,,,,,
Java,JavaScript,,PHP,Python,Objective-C,,SQL,,,C,,,,
,JavaScript,,,,,,SQL,C#,,,,,,
,,,,,,,,C#,C++,C,,,,
Java,,,,Python,,,,,C++,C,,,,
Java,JavaScript,CSS,PHP,Python,,,SQL,,C++,C,Perl,HTML5,,
,JavaScript,CSS,,,,,SQL,C#,,,,HTML5,,
Java,,,,,,,,C#,,,,,,
,,,,,,,,,,,,,,
,JavaScript,CSS,PHP,,,,SQL,,,,Perl,,,
,,,,,,,SQL,C#,,,,,,
,JavaScript,CSS,,,,,,C#,C++,C,,HTML5,,
,JavaScript,CSS,,,Objective-C,,SQL,C#,,,,HTML5,,Visual Basic
,,,,,,,,C#,C++,,,,,
Java,,,,,,,,,,,,,,
,,,PHP,,,,,,C++,,,,,
,,,,,,,,,C++,C,,,,
Java,JavaScript,,,,,,SQL,,,,,,,
Java,JavaScript,CSS,,,,Ruby,,C#,C++,C,,HTML5,,
,,,,,,,,,,,,,,
,,CSS,,,,,SQL,C#,,,,HTML5,,
Java,,,,,,,,,,,,,,
Java,,CSS,,,,,SQL,,C++,C,,HTML5,,
Java,JavaScript,CSS,PHP,,,Ruby,SQL,C#,C++,C,,,,
,,CSS,,,,,SQL,C#,,,,HTML5,,
,,,,,,,,,C++,C,,,,
,JavaScript,,PHP,Python,,,SQL,C#,,,,,,
,JavaScript,,PHP,,,Ruby,SQL,C#,,,,,,
,JavaScript,,PHP,,,,,,C++,,,HTML5,,
,,,,Python,Objective-C,,,,,,,,,
,,,,,,,,,,,,,,
Java,JavaScript,CSS,,,,,SQL,,,,,,,XSLT
Java,,,,,,,,,,,,,,
,JavaScript,CSS,PHP,,,,,,,,,HTML5,,
Java,,,,,,,,,C++,C,,,,
Java,JavaScript,CSS,PHP,Python,,,,C#,,C,,HTML5,,
Java,,,,,,Ruby,,C#,,,,,,
Java,,,,,,,,C#,C++,C,,,,
,JavaScript,CSS,PHP,,,,SQL,,,,,HTML5,,
Java,,,,Python,Objective-C,,,,C++,C,,,,
,JavaScript,CSS,PHP,,,Ruby,SQL,,,,,HTML5,,
,JavaScript,CSS,,,,,SQL,C#,,,,,,
Java,,,,,Objective-C,,,,,C,,,,
Java,JavaScript,CSS,PHP,Python,Objective-C,Ruby,,C#,C++,C,,HTML5,,
Java,JavaScript,CSS,,Python,,,,C#,C++,,,HTML5,,
,JavaScript,CSS,,Python,Objective-C,Ruby,,,,C,,HTML5,,
,,,,,,,,C#,,,,,,
Java,JavaScript,CSS,,,,,SQL,C#,C++,C,,HTML5,,"Lisp, Prolog, Fortran"
Java,JavaScript,CSS,PHP,,,,SQL,,,,,HTML5,,
,JavaScript,CSS,PHP,,,,SQL,C#,,,,HTML5,,
,,,,,,,,C#,,,,,,
,,CSS,,,,,SQL,C#,,,,,,
,JavaScript,CSS,,,,,,,,,,HTML5,,
Java,JavaScript,CSS,PHP,Python,,Ruby,SQL,C#,,C,,HTML5,,
,,,,Python,,,,,C++,C,,,,Fortan
Java,,,,,,,SQL,,,,,,,
Java,JavaScript,CSS,,,,Ruby,SQL,C#,,,,,,
Java,,,,,,,SQL,C#,,,,,,
Java,JavaScript,,,,,,SQL,C#,,,,,,
Java,,,,,,,SQL,,,C,,,,
Java,,,,Python,,,,,C++,C,,,,Scala
Java,JavaScript,CSS,PHP,Python,,,SQL,C#,,,,,,
,,,,,,,SQL,C#,C++,C,,,,
Java,JavaScript,CSS,,Python,Objective-C,Ruby,SQL,C#,C++,C,,HTML5,,
Java,JavaScript,CSS,,,,,SQL,,,,,HTML5,,
,JavaScript,CSS,PHP,,,Ruby,SQL,C#,,,,,,
Java,JavaScript,,,,,,,C#,,,,,,
,,,,,,,,,,,,,,
Java,JavaScript,CSS,,,,Ruby,SQL,,,C,,,,
Java,JavaScript,CSS,,,,,SQL,C#,,,,HTML5,,
,,,,,,,,,,,,,,
,,,,Python,,,,,C++,C,Perl,,,
Java,,CSS,PHP,,,,,,,C,,,,
,JavaScript,,,Python,,,,C#,C++,,,HTML5,,
,JavaScript,CSS,,,,,SQL,C#,,,,,,
Java,JavaScript,CSS,PHP,,,,SQL,C#,C++,C,Perl,,,
,,,,,,,,,,,,,,
Java,,,,Python,,Ruby,SQL,,,C,Perl,,,Scala
,JavaScript,,,,,,,,C++,C,,HTML5,,Rebol
Java,JavaScript,CSS,,,,,SQL,,,,,,,
Java,,,,,,Ruby,,C#,,,,,,
Java,JavaScript,,PHP,Python,,,SQL,C#,C++,C,,,,
Java,,CSS,,,,,,C#,,,,,,
,JavaScript,,,,,,SQL,,,,Perl,,,
,,,PHP,,,,,,C++,C,,,,"English, Greek"
,,CSS,,,,,SQL,C#,,,,,,
,,,,,Objective-C,,,,,C,,,,
Java,JavaScript,CSS,,,,,SQL,C#,,C,Perl,,,
,,,,,,,,,,,,,,
Java,,,,,,,SQL,,,,,,,
Java,JavaScript,CSS,PHP,,,,SQL,C#,,,,HTML5,,
Java,,,PHP,,,,SQL,C#,C++,C,,,,
Java,,,PHP,Python,,,,,,,,HTML5,,
Java,JavaScript,,,Python,,Ruby,SQL,C#,,,,,,
,,,,,,,,,,,,,,
Java,JavaScript,CSS,,,,Ruby,SQL,,,,,HTML5,,
,,,PHP,,,,,,C++,C,,,,
,,,,,,,,,,C,,,,
,,,,,,,SQL,,C++,C,Perl,,,"Lua, shell, PL/SQL, etc."
,JavaScript,,,,,,SQL,C#,,,,,,
Java,JavaScript,CSS,PHP,,,,SQL,,,,,HTML5,,
,JavaScript,CSS,PHP,Python,,,,,C++,,,HTML5,,
,,,,Python,,Ruby,,,,C,,,,
,JavaScript,CSS,,,,,SQL,C#,,,,HTML5,,
Java,,,,,,,,C#,C++,,Perl,,,smalltalk
,,,,,,,,C#,,C,,,,
,,,,,,,,,,,,,,
,,,,,,,,,,,,,,
,JavaScript,CSS,PHP,,,Ruby,SQL,,,C,Perl,HTML5,,
Java,JavaScript,CSS,PHP,Python,Objective-C,Ruby,SQL,,,C,,HTML5,,
,,,,,,,,,,,,,,
Java,JavaScript,CSS,PHP,,,,,,,,,HTML5,,ActionScript / Flash
Java,JavaScript,CSS,PHP,,,,SQL,,,,Perl,HTML5,,
,JavaScript,CSS,,,,,,C#,C++,C,,,,Apex (force.com)
Java,JavaScript,CSS,,,,,,,,,,HTML5,,Groovy
,JavaScript,CSS,,Python,,,,,,,,HTML5,,
,JavaScript,CSS,PHP,,,,,C#,,,Perl,,,
,JavaScript,CSS,PHP,,,,SQL,C#,C++,C,,HTML5,,
Java,JavaScript,CSS,,,,,SQL,C#,C++,C,,,,
,,CSS,,,,,SQL,,,,,,,ColdFusion
,,,,,,,,,,,,,,
Java,,,,Python,,,,C#,,C,,,,
,,,,,,,,C#,,,,,,
,,CSS,,,,,,,,,,HTML5,,"Coldfusion, Flex, Actionscript 3"
Java,JavaScript,CSS,PHP,,,Ruby,SQL,,,,,HTML5,,
Java,JavaScript,CSS,,,Objective-C,,SQL,C#,,,,HTML5,,
,JavaScript,CSS,,,,,SQL,C#,,,,HTML5,,
Java,,CSS,PHP,,Objective-C,,SQL,C#,,,,HTML5,,ABAP
Java,,,,,,,,,C++,C,,,,
,,,,,,,,C#,,,,,,
,JavaScript,CSS,,,,,SQL,C#,,,,HTML5,,
,JavaScript,CSS,,,,,,,,,,HTML5,,Shell
Java,,,,,,,,C#,C++,C,,,,
,JavaScript,CSS,,Python,,,,C#,,,,HTML5,,
Java,,,,Python,Objective-C,,,,,,,,,
,,,,Python,,,,,,C,,,,
Java,JavaScript,CSS,,,,,,,C++,C,,,,
,,,PHP,,,,SQL,,,,,,,
Java,JavaScript,CSS,,,,,SQL,C#,C++,,,HTML5,,
,,,,,,,,C#,,,,,,
Java,,,,,,,SQL,C#,,,,,,Visual Basic
Java,,,,,,,,,C++,C,,,,erlang
,JavaScript,CSS,,,,,SQL,C#,,,,HTML5,,
,JavaScript,CSS,,,,,SQL,C#,,,,HTML5,,
Java,,,PHP,,,,,,C++,,,,,
,,,,,Objective-C,,,,,,,,,
,JavaScript,,,Python,,,,,,C,,HTML5,,
,,,,,,,,,,,,,,no
,JavaScript,CSS,PHP,,,,SQL,C#,C++,,,HTML5,,
Java,,,,,,,SQL,C#,,,,,,VB.NET
Java,JavaScript,CSS,,,,Ruby,SQL,C#,,,,,,
,JavaScript,CSS,,,,,SQL,C#,,,,HTML5,,
,,,,,,,SQL,C#,,,,,,
,,,,Python,,,,,,C,,,,
Java,,,,,Objective-C,Ruby,,,,,,,,Clojure
Java,,,,Python,,,,C#,C++,C,,,,
,JavaScript,CSS,PHP,Python,,,,,,,,HTML5,,
Java,,,PHP,Python,,,SQL,C#,C++,C,Perl,,,
Java,JavaScript,CSS,,,,,SQL,,,,,,,groovy
Java,,,,Python,Objective-C,,,,C++,C,Perl,,,
,,,,Python,,,,,C++,C,,,,"SML, Fortran,"
Java,,CSS,PHP,,Objective-C,,,,,C,,HTML5,,
Java,,CSS,,,,,SQL,C#,,,,,,
,,CSS,,,,,SQL,C#,,,,HTML5,,
,,,,,,,SQL,C#,,,,,,
,JavaScript,CSS,,,,,SQL,C#,,,,,,
,,,,,,,,,,,,,,
,,,PHP,Python,,,,,,,,,,
,,,,,,Ruby,,,C++,C,,,,
,,,,,,,,,C++,C,Perl,,,"various shells, R"
,,,,,,,SQL,C#,,,,,,
Java,,,,,,,,C#,,,,,,
Java,,,,,,,,C#,,,,,,F#
Java,JavaScript,CSS,PHP,,,,SQL,C#,C++,C,Perl,HTML5,,
,JavaScript,CSS,PHP,Python,Objective-C,,SQL,C#,C++,,Perl,,,
,,,,,,,,,,,,,,
,JavaScript,CSS,,,,,SQL,C#,,,,HTML5,,
,,,,,,,,,,,,,,
Java,,,,,,,,,,,,,,
,JavaScript,CSS,,,,,SQL,C#,,,,HTML5,,
,JavaScript,CSS,PHP,Python,,,,,C++,,,HTML5,,
,JavaScript,CSS,PHP,Python,,,SQL,,C++,C,,,,
,,,PHP,Python,,,SQL,,,C,,,,FORTRAN II
Java,JavaScript,CSS,PHP,,,,SQL,C#,,,,HTML5,,
,,,,,,,,,,,,,,
,JavaScript,CSS,,Python,,,,,C++,C,,HTML5,,
,JavaScript,CSS,PHP,,,,SQL,,C++,C,,,,"Scala, Haskell"
Java,,,,,,,,,C++,C,,,,
Java,,,PHP,Python,Objective-C,,SQL,,C++,C,,,,Go
Java,,,,,Objective-C,Ruby,SQL,,,C,,,,
Java,JavaScript,,PHP,,,,SQL,C#,C++,C,,,,
,,,,Python,,,,C#,C++,,,,,
,JavaScript,CSS,PHP,,,,SQL,C#,,,,HTML5,,
,,,,Python,,,,,,,,HTML5,,Fortran
Java,JavaScript,CSS,,,,,SQL,C#,,,,HTML5,,VB.net
Java,JavaScript,CSS,PHP,,,Ruby,SQL,,,,,,,
,JavaScript,CSS,,,,,SQL,C#,,,,,,
Java,JavaScript,CSS,PHP,,,Ruby,SQL,C#,C++,,Perl,HTML5,,
Java,,,PHP,,,,,C#,C++,,,,,
Java,,CSS,,,,Ruby,,,,,,,,
Java,,,,,,,,,C++,,,,,
,JavaScript,CSS,PHP,,,,SQL,C#,,,,HTML5,,
,,,,,,,,,,,,,,
,,CSS,,,,,,,,,Perl,,,
,,,,Python,Objective-C,,,,,,,,,
,JavaScript,CSS,,,,,SQL,,,,Perl,,,
Java,JavaScript,CSS,PHP,,,,SQL,,,,,HTML5,,
Java,JavaScript,CSS,PHP,Python,,,,,,,,HTML5,,
Java,JavaScript,CSS,,Python,,,,,,,,HTML5,,TeX
Java,,CSS,,,,,,C#,,C,,,,
Java,JavaScript,CSS,,,,,SQL,C#,C++,,,HTML5,,
Java,JavaScript,CSS,PHP,,,,,,,,,HTML5,,
,JavaScript,CSS,PHP,,,,SQL,C#,,,,HTML5,,
Java,JavaScript,CSS,PHP,,,,SQL,C#,,,,HTML5,,
,JavaScript,,,,,,SQL,,,,,,,lisp
,,,,,,,,,,,,,,
,,,,,,,,C#,C++,,,,,
,,,,,,,,C#,,,,,,vb.net
,JavaScript,CSS,,,,,SQL,C#,C++,,,HTML5,,
,JavaScript,CSS,PHP,,,,,,,,,HTML5,,
,JavaScript,CSS,PHP,,,,,,,,,HTML5,,
Java,,,,,,,SQL,C#,,C,,,,
Java,JavaScript,CSS,,Python,Objective-C,,SQL,C#,C++,C,Perl,HTML5,,
,,,PHP,,,,SQL,,,,,,,
,,,,,,,SQL,C#,,C,,,,
,,,,,,,,,,,,,,
Java,JavaScript,CSS,,,,,SQL,C#,,,,HTML5,,
Java,,,,,,,,C#,,,,,,
,,,,,,,,,,,,,,
,,,,,,,,,,,Perl,,,"VHDL, Verilog"
Java,,,,,,,SQL,,,,,,,
Java,JavaScript,CSS,PHP,,,,SQL,,,,Perl,HTML5,,Groovy
,JavaScript,CSS,,,,,,,,C,,HTML5,,
,JavaScript,CSS,,,,,SQL,,,,,HTML5,,eDeveloper/uniPaaS
Java,JavaScript,CSS,PHP,Python,,Ruby,SQL,C#,,,,HTML5,,
Java,,,,,,,SQL,C#,,,,,,
Java,JavaScript,CSS,,Python,,,SQL,C#,,,,HTML5,,
,JavaScript,CSS,,,,,SQL,C#,,,,HTML5,,
,JavaScript,CSS,,,,,SQL,C#,,,,HTML5,,
Java,JavaScript,CSS,,,,,SQL,C#,,,,,,
,,,,,,,,,,,,,,
,,,,,,,SQL,C#,,,,,,
,JavaScript,CSS,PHP,,,,SQL,,,,Perl,HTML5,,
,JavaScript,CSS,PHP,,,Ruby,SQL,,,,,HTML5,,
,,,,,,,SQL,C#,,,,HTML5,,
,,,,,,,SQL,C#,C++,,,,,Flex
Java,JavaScript,CSS,,Python,,,SQL,C#,,,,,,
Java,,,PHP,,,,SQL,C#,,,,,,Delphi
,JavaScript,CSS,PHP,,,,SQL,,,,,HTML5,,
,,,,,,,,C#,,,,,,
Java,,,,,,Ruby,,C#,C++,C,Perl,,,
,,,,,,,,,,,,,,
,,,,,,,,C#,C++,C,,,,
,,CSS,,,,,SQL,C#,,,,HTML5,,
Java,JavaScript,CSS,PHP,,Objective-C,,SQL,C#,,,,HTML5,,
Java,JavaScript,CSS,,,,Ruby,SQL,C#,C++,C,,HTML5,,
,JavaScript,,,,,,SQL,C#,,,,HTML5,,
,,,,,,,,,,,,,,
Java,JavaScript,,PHP,,,,,,,,,,,
Java,,,,Python,Objective-C,,SQL,C#,C++,C,,,,common lisp
,,,,,Objective-C,,,,,,,,,
,JavaScript,,,Python,,,SQL,C#,,,,HTML5,,
,,CSS,PHP,,,,SQL,,,,,HTML5,,
,JavaScript,CSS,,,,Ruby,SQL,,C++,C,,HTML5,,"Assembler (x86 16/32bit, m68k, z80, et.c.), Haskell, Ada, Erlang, LISP, Self, CoffeScript, Ragel, And more.."
,,,,Python,,,SQL,C#,C++,C,,,,
,JavaScript,CSS,PHP,,,,SQL,,,,,HTML5,,
,JavaScript,CSS,,,,,SQL,C#,,,,HTML5,,PowerShell
,,,,Python,,,,,,C,,,,
,,,,,,,SQL,C#,,,,,,
Java,JavaScript,CSS,PHP,,,,SQL,C#,C++,,,HTML5,,
,,,,Python,Objective-C,,SQL,,C++,,,,,
,JavaScript,,,,,Ruby,,,,,,,,
Java,,,,,,,,,,C,,,,
,,,,,,,,,,C,,,,
Java,,,,Python,,,,C#,,C,,,,
,JavaScript,CSS,PHP,Python,,,SQL,C#,,,,,,
,JavaScript,,,,,,SQL,C#,,,,HTML5,,
Java,JavaScript,CSS,,,,Ruby,SQL,,,,,HTML5,,
Java,JavaScript,CSS,PHP,,,,SQL,C#,C++,C,,,,Several others
Java,,,,,,,SQL,,,,,,,
Java,JavaScript,,,,,,SQL,C#,,,,,,Delphi
,JavaScript,CSS,,,,,SQL,C#,,,,HTML5,,VB.Net
Java,JavaScript,,,,,,,,C++,C,,,,
,,,,,,,,,C++,C,,,,
Java,,CSS,PHP,Python,,Ruby,SQL,,C++,C,,HTML5,,
Java,,,,,,,SQL,,,,,,,Scala
,,,,,,,,,,,,,,
Java,JavaScript,CSS,,,,,SQL,,,,,,,
,JavaScript,CSS,,,,,SQL,C#,C++,C,,HTML5,,
Java,JavaScript,,,,,Ruby,SQL,,,,,,,
,,,,,,,SQL,C#,,,,,,
Java,,CSS,,Python,Objective-C,Ruby,,,,C,,,,
Java,JavaScript,CSS,,Python,,,SQL,,C++,C,,,,
,,,,,,,,,,,,,,
Java,JavaScript,,,Python,Objective-C,,,C#,,,,HTML5,,
,,,,,,,SQL,C#,,,,,,
Java,,,PHP,,,,,,,,Perl,,,
,JavaScript,CSS,,,,,SQL,C#,,,,,,F#
,,,,Python,,,,,,,,,,
,JavaScript,CSS,,,,,SQL,C#,,,,,,
,JavaScript,CSS,PHP,,,,SQL,,,,,,,
Java,,,,,,,SQL,C#,C++,,,,,
,JavaScript,CSS,,Python,,,,C#,,,,HTML5,,
,,CSS,,,,,SQL,,,,,,,
Java,JavaScript,CSS,PHP,,,,SQL,C#,,,,HTML5,,
,,,,,,,,,,,,,,
Java,JavaScript,CSS,,,,,SQL,,,C,Perl,,,
,JavaScript,CSS,PHP,,,,SQL,C#,,,,HTML5,,
,,,,Python,,,,,C++,C,,,,
Java,,,,,,,,,C++,C,,,,Delphi
,,CSS,PHP,Python,,,,,,C,,,,
Java,JavaScript,CSS,PHP,,,,SQL,C#,,,,,,
Java,JavaScript,CSS,,Python,,,SQL,C#,,,,,,
Java,JavaScript,CSS,,,,Ruby,SQL,,,,Perl,,,Scala
Java,,,,,,,,C#,C++,,,,,MATLAB
,,CSS,,,,,SQL,,,,,,,Delphi
Java,,CSS,,,,,,,,C,,,,
Java,,,,Python,,,,,C++,,,,,
Java,JavaScript,CSS,,,,,SQL,,,,,,,
Java,,CSS,PHP,,,,SQL,,,C,,HTML5,,
,,,,,,,,,,,,,,
,,CSS,,Python,,Ruby,,,C++,C,,HTML5,,
,,,,,,,,,,,,,,
Java,JavaScript,CSS,,,,,SQL,,C++,C,,,,
Java,JavaScript,CSS,PHP,,,,SQL,C#,C++,,,HTML5,,
Java,JavaScript,CSS,PHP,,,,SQL,C#,C++,,,HTML5,,
Java,JavaScript,CSS,,,,,SQL,C#,,,,,,
Java,JavaScript,CSS,,Python,,,,,C++,C,,HTML5,,Haskell
,,,PHP,,,,,,,,,,,
Java,,,,,,,,,C++,C,,,,MATLAB/Octave
,JavaScript,,,,,,,,C++,C,,,,R
,,,,Python,,,,C#,C++,,,,,"Labview, MATLAB"
Java,JavaScript,CSS,,,,,,C#,,C,,HTML5,,
Java,JavaScript,,,,Objective-C,,SQL,C#,C++,,,,,
,,,,,,Ruby,,C#,C++,C,,,,
,,,PHP,Python,,,,,C++,C,,,,MATLAB
,,,,,,,,,,C,Perl,,,
,,,,,,,,,,,,,,
,JavaScript,CSS,,,,,,C#,,,,,,
Java,JavaScript,CSS,PHP,,Objective-C,,SQL,C#,,C,Perl,HTML5,,
,,,,,,,SQL,C#,,,,,,
,JavaScript,,,,,,SQL,C#,C++,,,,,
,JavaScript,CSS,PHP,,,,SQL,,,,,HTML5,,ColdFusion
,JavaScript,CSS,,,,,SQL,C#,,,,,,
,JavaScript,,PHP,,,,SQL,C#,C++,,,,,
,JavaScript,CSS,PHP,,Objective-C,,,C#,C++,C,,HTML5,,
Java,,,,,,,SQL,C#,,,,,,
Java,JavaScript,CSS,PHP,,,,SQL,C#,,,,HTML5,,
Java,JavaScript,,,,,,,C#,,,,HTML5,,
,,,,,,,,C#,,,,,,
,,,,Python,,,,,,C,,,,
Java,JavaScript,,PHP,Python,,,SQL,,,,,,,
Java,JavaScript,,,,,,SQL,C#,,,,,,
Java,JavaScript,CSS,,,,,SQL,,,,,,,
,,,,,,,,,,,,,,
,,,,Python,,,,,C++,C,,,,
Java,JavaScript,CSS,,Python,Objective-C,,,,C++,C,,HTML5,,"J, Haskell, Lisp"
,JavaScript,CSS,PHP,,,,SQL,C#,,,,HTML5,,VB .Net
,,,,,,,SQL,C#,,,,,,
,JavaScript,CSS,PHP,,,,SQL,C#,C++,C,,HTML5,,"Batch, VBA, VB.NET,"
Java,JavaScript,CSS,,,,,SQL,C#,,,Perl,HTML5,,
,JavaScript,,,,,Ruby,,C#,,,,HTML5,,"F#, Haskell, Delphi, Clojure"
Java,JavaScript,CSS,,Python,,,SQL,,C++,C,,HTML5,,
,JavaScript,,,,,Ruby,,C#,,,,,,
,,,,,,,SQL,C#,,,,,,
,JavaScript,CSS,,,,,,C#,,,,,,VB.NET
,JavaScript,,,,,,SQL,C#,,C,,HTML5,,
,,,,,,,,C#,,,,,,VB.NET
,,CSS,PHP,,,,,,,,,HTML5,,
,,,PHP,Python,,,SQL,,C++,C,Perl,,,
,,,,,,,SQL,C#,,,,,,
Java,JavaScript,CSS,PHP,,,,SQL,C#,,,Perl,HTML5,,
Java,JavaScript,CSS,PHP,,,,SQL,,C++,,,,,
Java,JavaScript,CSS,,,,,SQL,,,,,HTML5,,
Java,,,,,,,SQL,C#,C++,,,,,
,,,,,,,,,,,,,,
,JavaScript,,PHP,Python,,Ruby,SQL,,C++,,,,,ActionScript
,,,,,,,SQL,C#,,,,,,
,JavaScript,CSS,,,,,SQL,C#,,,,HTML5,,
,JavaScript,CSS,PHP,,,,,,,,,HTML5,,
,,,,,,,SQL,C#,C++,,,,,
,,,,Python,,,,,,,,,,
Java,JavaScript,CSS,PHP,,,Ruby,SQL,,,,,HTML5,,
Java,JavaScript,CSS,PHP,,,Ruby,SQL,,C++,,,HTML5,,"qml, actionscript"
,,,,,,,SQL,C#,,,,,,
,,,,,,,SQL,C#,,,,,,Delphi
,,,,,,,,C#,,,,,,
,JavaScript,CSS,PHP,,,,,,,C,,HTML5,,
Java,JavaScript,CSS,,,,,,,,,,,,
,,,,Python,,,,C#,,,,,,
,JavaScript,CSS,PHP,,,,,C#,C++,C,,HTML5,,
,JavaScript,CSS,PHP,Python,,,SQL,,,,,HTML5,,
,,,,,,,,,,,,,,
Java,,,,,,,SQL,,,,,,,
,JavaScript,CSS,,,,,,C#,,,,HTML5,,
,JavaScript,CSS,PHP,,,Ruby,SQL,,C++,,,,,
,,,,,,,SQL,C#,,,,,,
Java,JavaScript,,,,,,SQL,,,,,,,
Java,,,,,,,,C#,,,,,,Prolog
,,,,,,,,,,,Perl,,,
,,,,,,,,C#,,,,,,
,,,,,,,SQL,C#,,,,,,
,JavaScript,,,,,,SQL,,,,,HTML5,,ColdFusion
Java,JavaScript,,,,,,,,,,,,,
,,,,,Objective-C,,,,C++,C,,,,
,JavaScript,,,,,,SQL,C#,,,,HTML5,,
,JavaScript,CSS,PHP,,,,SQL,,C++,C,,HTML5,,
,,,,,,,,,,,,,,Delphi
,JavaScript,CSS,,,,,SQL,,,,,HTML5,,
Java,,,,,,,,,,,,,,
,JavaScript,CSS,PHP,,,,SQL,C#,,,,HTML5,,
,JavaScript,CSS,PHP,,Objective-C,,SQL,,,,,HTML5,,
Java,,,,,,Ruby,SQL,,,,,HTML5,,
,JavaScript,CSS,,,,,,C#,,,,HTML5,,
Java,,,,,,,,,,,,,,
,,,,,,,SQL,C#,C++,C,,,,
,,,,,,,SQL,C#,,,,,,
Java,,,PHP,Python,,,SQL,,,,,,,
,,,,Python,,,,,C++,C,,,,
,JavaScript,,,,,,SQL,C#,C++,C,,,,
,,,PHP,,,,,C#,,,,HTML5,,
Java,JavaScript,,,,,,,,C++,,,HTML5,,
,JavaScript,CSS,PHP,,,,SQL,,,,,HTML5,,
,JavaScript,CSS,,,,Ruby,SQL,,,,,HTML5,,
,,,,,,,,C#,,,,,,
Java,JavaScript,CSS,,Python,,Ruby,,,,,,HTML5,,
,JavaScript,CSS,,,,,SQL,C#,,,,HTML5,,
,,CSS,,,,,,C#,,,,HTML5,,
,,,PHP,Python,,,SQL,,,C,Perl,,,IBM z/Assembler
Java,,,PHP,,,,,,,,,,,LaTeX
,JavaScript,CSS,,Python,,,SQL,C#,,,,HTML5,,
Java,,,,Python,,,,,,,,,,
,JavaScript,CSS,PHP,,,,SQL,,,,,HTML5,,
,,,,,,,,,,,,,,Delphi
,JavaScript,CSS,,,,,SQL,C#,,C,,HTML5,,
,,,,,,,SQL,C#,,,,,,
,JavaScript,CSS,PHP,,,,,,,,,HTML5,,
,JavaScript,CSS,,,,,SQL,C#,C++,C,,HTML5,,
,JavaScript,CSS,,Python,,,SQL,C#,,C,,HTML5,,
,JavaScript,,PHP,Python,,,SQL,,,C,,,,
,,,,,,,,C#,,,,,,VB.NET
,,,,,,,,C#,,,,,,viva los monos
,,CSS,PHP,Python,,,,,C++,C,,,,
,JavaScript,CSS,PHP,,Objective-C,,SQL,C#,,,,HTML5,,
,,,,,,,SQL,C#,,,,,,
,,,,,,,,,,,,,,
,JavaScript,CSS,PHP,,,,,,,,,HTML5,,
Java,,,,,,,,,,,,,,
Java,JavaScript,CSS,,Python,,,SQL,C#,C++,C,,,,
,JavaScript,,,,,,SQL,C#,,,,,,
,,CSS,PHP,Python,Objective-C,Ruby,SQL,C#,C++,C,Perl,HTML5,,
Java,,,,,,,,C#,C++,,,,,
Java,JavaScript,,,Python,,,,C#,C++,,,,,"VB.Net, Scheme/Racket, Prolog"
Java,,,,Python,,Ruby,SQL,,C++,C,,,,Haskell
,JavaScript,,,,,,SQL,C#,,,,,,
,JavaScript,CSS,,,,,SQL,C#,,,,,,
Java,,,,,,,SQL,C#,C++,C,,,,
Java,,,,Python,,,,C#,,C,,,,
,JavaScript,,,,,,,C#,,,,HTML5,,
,,,,,,Ruby,SQL,,,C,,,,"Delphi, Prolog"
Java,,,,,,,,,,,,,,
,JavaScript,CSS,PHP,,,,SQL,C#,,,,,,
,JavaScript,,,,,,,C#,,,,,,
,,,,,,,,,,,,,,Mathematica
,,CSS,PHP,,,,,,C++,,,,,
Java,JavaScript,CSS,PHP,,,,SQL,,,,,,,Delphi
,JavaScript,CSS,,,,,SQL,C#,,,,HTML5,,
,,CSS,,,,,,C#,,,,HTML5,,
,JavaScript,CSS,,,,,SQL,C#,,,,,,"VB, FileMaker"
Java,JavaScript,,,Python,,,,,C++,C,,,,
Java,,,,,Objective-C,,SQL,,C++,,,,,
,,,,,,,,C#,,,,,,"VB, smalltalk"
Java,,,,Python,,,,C#,,C,,,,XML
,,,,,,,SQL,,C++,C,,,,Cobol
,JavaScript,,,,,,SQL,C#,,,,HTML5,,
,JavaScript,CSS,,,,,SQL,C#,,,,HTML5,,
,,,,,,,SQL,C#,,,,,,
,,,,,,Ruby,,,,,,,,ActionScript
Java,,,,,,,,,,C,,,,as3
,,,,Python,,,,,,C,Perl,,,
,JavaScript,CSS,,,,,,C#,,,,,,
Java,,,,Python,,,SQL,,,,,,,
Java,JavaScript,CSS,PHP,,,,SQL,,,,Perl,HTML5,,
,,,,,,,,,,,,,,
,,,,,,,,C#,,,,,,
,JavaScript,,,,,Ruby,,,,,,,,
,JavaScript,CSS,,,,,SQL,C#,,,,HTML5,,
,,,,,,,SQL,,,,Perl,,,puppet
Java,,,,,,,,,,,,,,
,JavaScript,,PHP,,,,,,,C,,,,
Java,,,,Python,Objective-C,,,,C++,C,,,,
Java,,CSS,,,,,SQL,C#,,,,,,
,JavaScript,CSS,PHP,,,,,,,,,HTML5,,
Java,JavaScript,CSS,,,,,SQL,,,,Perl,HTML5,,Node.JS
,,,,,,,,,,,,,,
Java,,,,,,,SQL,,C++,C,,,,
Java,JavaScript,,,,,,,,,,,,,
,,,,,,,,,C++,,,,,Haskell
,,,,Python,,,,,C++,C,,,,
Java,,CSS,PHP,,,,,C#,C++,C,,,,
,,,,,,,,,,,,,,
,,,,Python,,,,,,,,,,"R, Fortran"
,JavaScript,CSS,PHP,,,,,,,,,,,
,JavaScript,CSS,PHP,,,,SQL,C#,C++,,,,,vb
Java,JavaScript,,,,,,SQL,,C++,C,Perl,,,
Java,JavaScript,CSS,,,,,SQL,C#,,,,HTML5,,
Java,JavaScript,CSS,,,,,SQL,,,,,HTML5,,"Coldfusion, Powerbuilder"
,,,,,,,SQL,C#,C++,C,Perl,,,
,,,,,,,SQL,,,C,Perl,,,
Java,JavaScript,,,Python,,,,,C++,C,,,,Assembly
Java,,CSS,,Python,,,SQL,C#,,,Perl,,,
Java,JavaScript,CSS,,,,,SQL,,,,,HTML5,,
Java,JavaScript,CSS,,Python,,,SQL,,,,,HTML5,,
,JavaScript,CSS,PHP,,,,SQL,C#,,,,HTML5,,
,,,,,,,,,,,,,,
Java,JavaScript,CSS,PHP,Python,,,SQL,C#,,,Perl,HTML5,,
Java,JavaScript,,,,,,,,,,,,,
Java,,,,,,,,,,,,,,
Java,,,,,,,,,C++,C,,,,Haskell
,,,,,,,SQL,C#,,,,HTML5,,
,JavaScript,,PHP,,,,SQL,,C++,C,Perl,HTML5,,shell
,,,,,,,,,,,,,,
,JavaScript,CSS,PHP,,,,SQL,,,,,HTML5,,
Java,,,,,,,,,C++,,,,,
,,,,,,,SQL,,C++,,,,,Delphi
,JavaScript,CSS,PHP,,,,SQL,,,C,Perl,,,
Java,,CSS,PHP,,,,SQL,C#,C++,C,,HTML5,,
,JavaScript,CSS,,,,,SQL,C#,,,,,,
,JavaScript,CSS,,,,,SQL,C#,,,,HTML5,,
,JavaScript,CSS,,,Objective-C,Ruby,SQL,C#,C++,C,,HTML5,,F#
,JavaScript,,,,,,SQL,C#,,,,,,
Java,,,PHP,Python,,,SQL,,C++,,,,,
Java,,,,Python,,,,,C++,,,,,
Java,JavaScript,CSS,PHP,Python,Objective-C,Ruby,SQL,C#,,C,,,,Scheme
,JavaScript,CSS,,,,,SQL,C#,,,,HTML5,,
,,,,Python,,,SQL,,,C,,,,Matlab
,,,,,,,,,,,,,,
,,,,,,,,,,,,,,
Java,JavaScript,CSS,,Python,Objective-C,,,,,,,HTML5,,CoffeeScript
Java,JavaScript,CSS,,,,,,C#,,,,HTML5,,
,JavaScript,CSS,PHP,Python,,,SQL,,C++,C,,HTML5,,
Java,,,,,,,,,C++,C,,,,
Java,JavaScript,,,,,,SQL,C#,C++,C,,HTML5,,
,,,PHP,,,,,C#,C++,,,,,
,,,,,,,,,,,,,,
,,CSS,PHP,,Objective-C,,SQL,,,,,HTML5,,
,JavaScript,CSS,PHP,,,,SQL,C#,,,,,,
Java,,,,,,,SQL,C#,C++,,,,,
,,,,,,,,C#,,,,,,
,,,,Python,,,SQL,,C++,C,,HTML5,,
,,,,Python,,,,,C++,,,,,
,,,,,,,,C#,C++,,,,,
Java,JavaScript,,PHP,Python,,,,,,C,,,,OCaml
,JavaScript,CSS,,,,,SQL,C#,,,,,,
Java,JavaScript,CSS,,,,Ruby,SQL,C#,C++,C,,HTML5,,
,,CSS,PHP,,,,,,,,,HTML5,,
Java,,,,Python,,,,,,,,,,
Java,JavaScript,CSS,PHP,Python,Objective-C,,SQL,C#,C++,C,,HTML5,,
,,,,,,,,,,,,,,
,,CSS,,,,Ruby,,,,,,HTML5,,
Java,JavaScript,CSS,,Python,,,SQL,,,,,HTML5,,
Java,,,,,,,,,,,,,,
Java,JavaScript,CSS,,Python,,,SQL,C#,,,,HTML5,,Haskell
,JavaScript,CSS,PHP,,,Ruby,SQL,C#,,,,HTML5,,
,JavaScript,CSS,,Python,,Ruby,SQL,C#,,,,HTML5,,
,JavaScript,CSS,PHP,,,,SQL,,,,,HTML5,,mysql
,JavaScript,,,,,,,C#,C++,,,,,
,,,,Python,,,,,C++,C,,,,
,,,,,,,,,C++,C,Perl,,,"Pascal, MATLAB, assembler"
,JavaScript,CSS,PHP,,,,SQL,,,,,HTML5,,
Java,JavaScript,CSS,PHP,,,,SQL,,,,,,,ColdFusion
,,,,,,,SQL,C#,,,,,,
,,,,,,,,C#,,,,,,
Java,,,,,,,,C#,C++,,,,,
,,CSS,PHP,,,,,C#,,,,,,
,,,,,,,,,C++,C,,,,Tcl/Tk Elisp
,,,PHP,,,,SQL,C#,,,,,,
,,,,,,,,C#,,,Perl,,,
Java,JavaScript,,PHP,,Objective-C,,,,,C,,,,
,,,,,,,,,C++,C,,,,
,JavaScript,,,,,,SQL,C#,C++,C,,,,
,,,,,,,SQL,,,,,HTML5,,Visual Basic
,,,,,Objective-C,,SQL,C#,,,,,,
,,,,,,,,C#,C++,,,,,
,JavaScript,,,,,,SQL,C#,,,,HTML5,,
,,,,,,,,,,,,,,
Java,JavaScript,CSS,,,Objective-C,Ruby,SQL,C#,,,,HTML5,,
,,,,,,,,C#,,,,,,
Java,JavaScript,CSS,PHP,,,,SQL,,,,,HTML5,,
,,,,,,,,C#,,,,,,
,,,,,,,,C#,C++,,,,,
,,,,,Objective-C,,SQL,C#,,,,,,
Java,JavaScript,CSS,PHP,Python,,,,C#,,,,HTML5,,
,JavaScript,CSS,PHP,,Objective-C,,SQL,C#,,,,HTML5,,
,,,,,,,,,,C,,,,Object Pascal
,JavaScript,,,Python,,,SQL,C#,C++,C,Perl,,,
Java,,CSS,PHP,,,,SQL,C#,C++,,,,,
,JavaScript,,,,,,SQL,C#,,,,,,
,,,,,,,SQL,C#,,,,,,
,,,,,,,SQL,,,,,,,PL/SQL
,,,,,,,,,,,,,,
,JavaScript,,,Python,,,,C#,,C,,,,
,JavaScript,CSS,PHP,,,,,,,,,HTML5,,
,,,,Python,,,,C#,,C,Perl,,,
,,,,,,,SQL,C#,,,,,,WPF ASP.Net
Java,JavaScript,CSS,,,,,SQL,C#,,,,,,
,,,,,,,,,,,,,,
,,,,,,,,,,,,,,
,,,,,,,SQL,C#,,,,,,
,JavaScript,CSS,PHP,,,,SQL,,,,,,,
,JavaScript,,,,,,,C#,,,,HTML5,,
,JavaScript,CSS,,,,,SQL,C#,,,,HTML5,,
,,CSS,,,,,SQL,C#,,,,,,
Java,,,,,,,SQL,,,,,,,Visual Basic
,,,,,Objective-C,,,C#,C++,,,,,
,,,,,,,,C#,,,,,,
Java,,,,,,,,,C++,C,Perl,,,Common Lisp
Java,,,PHP,,,,SQL,C#,,C,Perl,,,
,,,,,,,,,,C,Perl,,,unix scripting
,JavaScript,CSS,,,,,SQL,C#,,,,HTML5,,
,,,,,,,,,C++,C,,,,
Java,JavaScript,CSS,,,Objective-C,,SQL,C#,,,,HTML5,,
,,,,,,,SQL,C#,,,,,,
Java,JavaScript,CSS,,,,,SQL,C#,C++,,,HTML5,,
,JavaScript,,,,,Ruby,SQL,C#,,,,,,
,JavaScript,CSS,PHP,Python,,,SQL,,C++,C,,HTML5,,
,JavaScript,,,,,,SQL,C#,,,,,,
,,,,,,,SQL,,,,,,,Delphi
,,,,,,,SQL,,,,,,,
,JavaScript,CSS,PHP,,,,SQL,,,,,,,
,JavaScript,CSS,,,,,SQL,C#,,,,HTML5,,
,,,,,,,SQL,C#,C++,,Perl,,,
,,,,,,,SQL,C#,,,,,,
,,,,,,,,,,,,,,
,,CSS,,Python,,Ruby,SQL,,C++,,,HTML5,,
,,CSS,PHP,,,,,,,,,HTML5,,LabVIEW
,JavaScript,CSS,,,,Ruby,SQL,C#,,,,HTML5,,
,JavaScript,CSS,PHP,Python,,,,,,,,HTML5,,
,,,,,,,SQL,C#,,,,,,
,,,,Python,,,,,,,,,,
Java,JavaScript,CSS,PHP,,,,SQL,,,,,,,
Java,JavaScript,CSS,,,,,SQL,,,,,HTML5,,
Java,,,PHP,Python,,,SQL,C#,C++,C,,,,
Java,,,,Python,,,SQL,,C++,C,,,,
,,,,,,,,C#,C++,,,,,
,,,,,Objective-C,,,,,,,,,
Java,JavaScript,CSS,PHP,Python,,Ruby,,,C++,C,,,,
,,,,,,,SQL,C#,C++,,,,,
Java,JavaScript,CSS,PHP,Python,,,SQL,,C++,C,Perl,HTML5,,
,,,,Python,,,,,,,,,,
,JavaScript,CSS,,,,,,,,,Perl,,,
,,,,,,,,,,,,,None,
Java,,,,,,,,,,C,,,,
Java,JavaScript,CSS,PHP,Python,,,SQL,,C++,C,,HTML5,,
,JavaScript,CSS,,,,Ruby,,C#,,,,HTML5,,
,JavaScript,CSS,,,,,SQL,C#,,,,HTML5,,
,JavaScript,CSS,PHP,,,,SQL,,,,,,,
Java,,,PHP,Python,,,,,C++,C,,,,
,JavaScript,CSS,,,,,SQL,,,,Perl,,,
,,CSS,,,Objective-C,Ruby,,,C++,C,,HTML5,,
,JavaScript,,,,,,SQL,C#,,,,HTML5,,
Java,JavaScript,CSS,PHP,Python,,Ruby,SQL,C#,,,,HTML5,,
,JavaScript,CSS,,,,,SQL,C#,,,,HTML5,,
,,,,,,,,C#,C++,C,,,,
Java,JavaScript,,,,,,SQL,C#,,C,,,,PL/SQL
,JavaScript,CSS,PHP,,,,SQL,,,,,HTML5,,
Java,,,,,,,SQL,,,C,,,,Mathematica
,,,,Python,,,,,C++,C,,,,
Java,,,,,,,,,,,,,,
Java,,,,,,,,,,,,,,
,,CSS,,,,,SQL,C#,,,,,,
,JavaScript,CSS,,,,Ruby,SQL,C#,C++,C,,,,
,,,,,,,,,,,,,,
Java,JavaScript,CSS,,,,,SQL,C#,,C,,HTML5,,"Visual Basic .NET, Visual Basic"
Java,,CSS,PHP,Python,,,SQL,,C++,C,,HTML5,,
,JavaScript,CSS,,,,,SQL,C#,,,,HTML5,,
,,,,,,,,,,,,,,
Java,JavaScript,CSS,PHP,Python,Objective-C,,SQL,,,,,,,Haskell
,JavaScript,,PHP,,,,SQL,,C++,C,Perl,HTML5,,
,JavaScript,CSS,PHP,,,,SQL,,,,,HTML5,,
,JavaScript,,,,,,,,,,,HTML5,,
,JavaScript,,,Python,,,SQL,,C++,C,,HTML5,,"asm 6502, asm x86, lisp, pascal"
,JavaScript,CSS,,,,,SQL,C#,,,,HTML5,,
Java,JavaScript,,,Python,,,,,,,,,,Groovy
,JavaScript,CSS,PHP,,,,SQL,,,,,HTML5,,
Java,JavaScript,CSS,PHP,Python,,,SQL,C#,,C,,HTML5,,
,,,,,,,SQL,,,C,Perl,,,
,JavaScript,CSS,,,,,SQL,,,,,,,
Java,JavaScript,CSS,PHP,,,,,,,,,,,Groovy
,JavaScript,CSS,PHP,,,,SQL,C#,,,Perl,HTML5,,
Java,JavaScript,CSS,PHP,Python,,,SQL,C#,C++,C,,,,"Bash, Groovy"
Java,,,,Python,,,SQL,C#,C++,C,,,,
Java,JavaScript,CSS,PHP,,,,,,C++,,,HTML5,,
,JavaScript,CSS,PHP,,,,SQL,C#,,,,HTML5,,
,,,,,,,,C#,,,,,,Smalltalk
,,,,,,,,,C++,C,,,,haskell
Java,JavaScript,CSS,,,,,SQL,C#,,,,,,LabView
Java,,,,,Objective-C,,SQL,C#,C++,,,,,
,JavaScript,CSS,PHP,,,,SQL,,,,,HTML5,,Delphi
Java,JavaScript,CSS,,,,,SQL,C#,,,,HTML5,,
Java,JavaScript,CSS,,,,Ruby,SQL,C#,,,,,,
,,,,,,,SQL,C#,C++,,,,,
,JavaScript,CSS,,,,,SQL,C#,,,,HTML5,,
,,,,,,,,C#,C++,,,,,F#
,,,,Python,,,SQL,,,C,Perl,,,
Java,JavaScript,CSS,PHP,Python,,Ruby,SQL,,,,,HTML5,,CoffeeScript
,JavaScript,CSS,,,,,SQL,C#,,,,HTML5,,
Java,,CSS,PHP,Python,,,SQL,C#,C++,,,,,
,,,PHP,,,,,C#,,,,,,VB.net
,JavaScript,CSS,PHP,,Objective-C,Ruby,SQL,,,,,HTML5,,
,,,PHP,,Objective-C,,,,,C,,,,
Java,JavaScript,CSS,,,,Ruby,SQL,C#,,,,,,scala
,JavaScript,CSS,PHP,,,,SQL,,C++,C,,HTML5,,
,,,,,,,,C#,,,,,,WPF
Java,JavaScript,CSS,,Python,,,,,,C,,HTML5,,"Haskell, Scheme"
Java,,CSS,,,,,SQL,,,,,HTML5,,
Java,JavaScript,CSS,PHP,Python,,,,,C++,C,,HTML5,,
Java,,,,,,,,,,,,,,
,JavaScript,CSS,PHP,,Objective-C,,,,,C,,,,
,,,,,,,,,,,,,,
,,,,,,,,,,,,,,
,JavaScript,CSS,PHP,,,,,C#,,,,HTML5,,
Java,JavaScript,CSS,PHP,,,,SQL,C#,C++,C,,HTML5,,Lua
,JavaScript,CSS,,,,Ruby,SQL,,,,,HTML5,,
,,,,,,,,C#,C++,C,,,,
,JavaScript,CSS,PHP,,,,SQL,C#,,,,HTML5,,
Java,JavaScript,CSS,,,,,SQL,C#,,,,HTML5,,
Java,JavaScript,,PHP,,,,SQL,,,,,,,
Java,,,,,,,,,C++,C,Perl,,,
,JavaScript,CSS,PHP,,Objective-C,,SQL,,,,,,,
,,CSS,,,,Ruby,SQL,C#,,,,,,Excel/VBA
Java,,CSS,,,Objective-C,,,,C++,C,Perl,,,
Java,,,,,,,SQL,C#,C++,C,,,,"Lua, Haskell"
,JavaScript,,,,,,SQL,C#,,,,,,
Java,,,,,,,,,,,,,,
,,,,,,,,C#,,,Perl,,,
Java,,,,Python,Objective-C,,,,,C,Perl,,,
Java,JavaScript,CSS,,,,,SQL,C#,,,,HTML5,,
Java,JavaScript,,,,,,SQL,,,,,,,
Java,,,PHP,,,,,,C++,C,,,,
Java,,,PHP,,,,,,C++,C,,,,Scala
,,,,,,,,,,,Perl,,,
,JavaScript,,,,,,,C#,,,,,,
,,,,,,,,C#,,,,,,
,,,,,,,,,,,,,,
,JavaScript,,,,,,SQL,C#,,,,HTML5,,
,,,,,,,,,,,,,,
,JavaScript,CSS,,,,,SQL,C#,,,,HTML5,,
Java,JavaScript,,,,Objective-C,,SQL,C#,C++,C,,,,
,JavaScript,,,,,,SQL,C#,,,,,,
Java,JavaScript,CSS,PHP,Python,,,SQL,,C++,C,Perl,,,
,,,,,,,,,C++,,,,,Matlab
,JavaScript,CSS,,,,,,,,,,,,
Java,,CSS,PHP,Python,,,SQL,,C++,C,,,,
Java,,,,,,,,,,,,,,
,,,,,Objective-C,,,C#,C++,,,,,
,,,,,,,,C#,,,,,,"VB6, VB.NET"
,JavaScript,,,Python,,,SQL,C#,C++,,,HTML5,,
,JavaScript,CSS,PHP,,,,SQL,C#,C++,C,,HTML5,,
,JavaScript,CSS,PHP,Python,,,SQL,,,C,,HTML5,,
Java,,,,,,,,,,,,,,
,,,,,,,SQL,C#,,,,,,
Java,JavaScript,CSS,PHP,,,,SQL,C#,,,,,,
,,CSS,,,,,SQL,C#,,,,,,
Java,JavaScript,CSS,PHP,,,,SQL,C#,,,,,,
,,,PHP,,Objective-C,,,,,C,Perl,HTML5,,
,JavaScript,CSS,,,,Ruby,SQL,,,,,,,
,,,,,,,,,,,,,,
Java,JavaScript,CSS,PHP,,,,SQL,,C++,C,Perl,HTML5,,
,,,,,,Ruby,SQL,C#,,,,,,
,JavaScript,CSS,,,,,SQL,C#,,,,,,
Java,JavaScript,CSS,,,Objective-C,,SQL,C#,,C,Perl,HTML5,,
,,,,Python,,,SQL,C#,,,,,,Delphi
Java,JavaScript,CSS,PHP,,,,SQL,,,,,,,
Java,JavaScript,CSS,,,,,SQL,C#,,,,,,
,JavaScript,CSS,,,,Ruby,SQL,C#,C++,C,,,,
,JavaScript,,,,,,SQL,C#,,,,HTML5,,
,JavaScript,CSS,,,,,SQL,,,,,HTML5,,VB.Net
,,,,,,,SQL,,,,,,,Structured Query Reporting (SQR)
Java,,CSS,PHP,,,,,,,,,HTML5,,
,JavaScript,CSS,PHP,,,,SQL,C#,,,,HTML5,,
Java,,,,,,,SQL,C#,,,,,,
,JavaScript,CSS,PHP,,,,SQL,,,,,HTML5,,
,JavaScript,CSS,,,,Ruby,SQL,C#,,,,HTML5,,
,,CSS,PHP,Python,,,SQL,,C++,C,,HTML5,,
,JavaScript,CSS,,,,,SQL,C#,,,,,,"VB, just as good as C#, so please add to the list"
Java,,,,,,,,,,,,,,
,,,,,,,,,,,,,,
Java,,,,,,,,,,,,,,
Java,JavaScript,CSS,,,,,SQL,,,,,HTML5,,JSP
,,,,Python,,,SQL,,,,,,,VBA
,,,,,,,,,,,,,,VBScript
Java,JavaScript,CSS,PHP,,,,SQL,C#,,,Perl,,,groovy
Java,JavaScript,CSS,,Python,,,SQL,C#,,,,,,
,JavaScript,CSS,PHP,,,,SQL,,C++,,,HTML5,,
,JavaScript,CSS,PHP,,,,SQL,,,,,HTML5,,
,JavaScript,,,,,,,C#,C++,,,,,
Java,,,,Python,,,,,C++,,,,,Haskell
,JavaScript,CSS,,Python,,,SQL,C#,C++,C,,,,"VB.Net, Visual Basic, many more"
Java,JavaScript,CSS,,,,,SQL,C#,C++,,Perl,HTML5,,
Java,,CSS,,Python,,,,C#,C++,C,,,,
,JavaScript,CSS,,,,,SQL,C#,C++,C,Perl,,,Lua Fortran
Java,JavaScript,CSS,PHP,Python,,,SQL,,C++,C,,,,
Java,JavaScript,,PHP,,,,SQL,,C++,,Perl,,,
,,,,,,,SQL,C#,,,,,,
,JavaScript,CSS,,,,,SQL,C#,,,,HTML5,,
,JavaScript,CSS,PHP,,,,SQL,C#,C++,C,,HTML5,,
,,,,,,,,C#,C++,,,,,
,,,,,,,SQL,,C++,,,,,VBA
Java,,,,Python,,,,,,,,,,
Java,JavaScript,,,Python,,,SQL,,,,,HTML5,,
,JavaScript,CSS,PHP,,,,SQL,,,,Perl,HTML5,,
,,,,,Objective-C,,,,C++,C,,,,
,JavaScript,CSS,,,,,SQL,C#,,,,,,
Java,,CSS,,,,,SQL,,,,,HTML5,,vb.net
,,,,,,,,,C++,C,Perl,,,bash
Java,,CSS,,,,,SQL,,C++,,,,,Delphi
,,,,,,,,,,,,,None,
,,,,,,,,,,,,,None,
,,,,Python,,,,,,,,,,
,,,,,,,,,,,,,None,
,,,,,,,SQL,C#,,,,,,
,JavaScript,CSS,,,,Ruby,SQL,C#,,,,HTML5,,
,,,,,Objective-C,,,C#,,,,,,
Java,JavaScript,CSS,,,,,SQL,C#,,,,HTML5,,
,JavaScript,CSS,PHP,,,,,,,,,HTML5,,
,,,,,,,,,,,,,,
,JavaScript,CSS,PHP,Python,,,SQL,,C++,,,HTML5,,
Java,JavaScript,CSS,PHP,Python,,,SQL,,C++,,Perl,HTML5,,
,,,,Python,,,,,C++,C,Perl,,,
Java,,CSS,PHP,,,,,,,,,,,
,,,,,,,,C#,C++,,,,,
Java,JavaScript,CSS,,,,,,C#,,C,Perl,,,ActionScript
,,,,,,,SQL,,,,,,,
Java,JavaScript,CSS,PHP,,,,,,,,,HTML5,,
Java,,,,Python,Objective-C,Ruby,SQL,,,,,,,
,JavaScript,CSS,PHP,,,,SQL,,,,,HTML5,,
,,,,,,,,,,,,,,
Java,,,,,,,,,,,,,,
,,,PHP,,,,SQL,C#,,,,HTML5,,
,,,,,,,,,,,,,,
,,,,,,,,,,,,,,R
,JavaScript,CSS,PHP,,,,SQL,C#,,,,HTML5,,
,,,,,,,SQL,C#,,,,HTML5,,
Java,JavaScript,CSS,,,Objective-C,Ruby,SQL,,,C,,,,
,,CSS,,,,,,,,C,Perl,HTML5,,
Java,JavaScript,CSS,,Python,,,,,,,,HTML5,,
,JavaScript,CSS,,,,Ruby,SQL,,C++,,,HTML5,,
,,,,,,,,,,,,,None,
Java,JavaScript,CSS,,Python,,,SQL,,,,,,,
Java,JavaScript,,PHP,Python,,,SQL,,,,,,,
,,,,,,,,,C++,C,,,,
,,,,Python,,,,,C++,,,,,R
,JavaScript,CSS,PHP,,,,SQL,C#,,C,Perl,HTML5,,
,JavaScript,,,Python,,,,C#,,,,,,
,,,,,,,SQL,C#,,,,,,"jQuery, VB"
,,,,,,,,,,C,,,,
,JavaScript,,PHP,,,,SQL,,C++,,,HTML5,,
,,,,,,,SQL,C#,,,,,,
,,,PHP,,,,,,,,,,,
Java,JavaScript,CSS,,,,,,,C++,,,HTML5,,
,,,,,,,,,C++,C,,,,
,JavaScript,,,,,,,C#,,,,,,
,JavaScript,,,,,,SQL,C#,,,,,,VB6 baby!
,JavaScript,CSS,,,,Ruby,SQL,,,,,,,
,JavaScript,CSS,PHP,Python,,,SQL,,,,,HTML5,,
,JavaScript,,,,,,SQL,,,,,,,vb.net
,JavaScript,CSS,,Python,,,,,C++,,,,,
,,,PHP,Python,,,,,,C,,HTML5,,BASIC
,JavaScript,CSS,,,,,SQL,C#,,,,HTML5,,
,,,,,Objective-C,,,,C++,C,,,,
,JavaScript,CSS,,,,,SQL,C#,,,,,,
Java,JavaScript,CSS,,,,Ruby,SQL,C#,,,,HTML5,,
Java,JavaScript,,,,,Ruby,,,C++,C,Perl,,,Scheme
,,,,Python,,,,,,,,,,
Java,JavaScript,,,,,,,,C++,C,Perl,,,
,JavaScript,CSS,,,,,,C#,,,,,,
,JavaScript,CSS,PHP,,,,,,,,,HTML5,,
Java,,,,Python,,,SQL,,C++,C,,,,
,,CSS,,,,,SQL,C#,,,,,,
,JavaScript,CSS,PHP,,,,SQL,,,,,HTML5,,
,JavaScript,,,Python,,,,,,C,,HTML5,,
,,,,,,,,,,,,,,
,,,,,,,,C#,,C,Perl,HTML5,,
Java,,CSS,PHP,Python,,,SQL,,C++,C,,HTML5,,
,JavaScript,CSS,,,,,,C#,,,,HTML5,,
Java,,,,,,,SQL,,,,,,,
Java,,,,,,,SQL,,,,,,,"COBOL (:-() , http://en.wikipedia.org/wiki/LINC_4GL,"
,,CSS,,,,,SQL,C#,C++,,,,,
,,CSS,,,,,SQL,C#,,,,HTML5,,
Java,,,,,,,,,,C,,,,Openedge ABL
,,,,,,,,,,,,,,
,,,,,,,,,,,,,,REXX
Java,,CSS,,Python,,Ruby,,,C++,,,HTML5,,
,JavaScript,CSS,,,,,SQL,C#,C++,C,,HTML5,,
,JavaScript,CSS,PHP,Python,,,SQL,,,,,HTML5,,
,,,,,,,,,,,,,,
Java,,,,,,,,,C++,,,,,
Java,,,,,,,,,,,,,,
,,CSS,,,,,,,,,,,,
Java,,,,,,,,,,,,,,
,,,,,,,,,,,,,,Prolog
,,CSS,,,,,SQL,C#,,,,,,VB.NET
